2026-07-27T22:40:54.223253Z  INFO herdr::platform::macos: raised server file descriptor soft limit previous=256 target=8192
2026-07-27T22:40:54.223894Z  INFO herdr::api::server: api server listening path=/Users/vince/.config/herdr/herdr.sock
2026-07-27T22:40:54.224289Z  INFO herdr::app: using pane scrollback configuration pane_scrollback_limit_bytes=10000000
2026-07-27T22:40:54.239219Z  INFO herdr::logging: checking for updates event="update.check.start" subsystem="update" outcome="started"
2026-07-27T22:40:54.244107Z  INFO herdr::logging: spawning pane terminal event="pane.spawn.start" subsystem="pane" outcome="started" pane_id=1 rows=24 cols=80 scrollback_limit_bytes=10000000
2026-07-27T22:40:54.247528Z  INFO herdr::logging: pane child spawned event="pane.spawned" subsystem="pane" outcome="ok" pane_id=1 pid=57439
2026-07-27T22:40:54.247814Z  INFO herdr::logging: workspace created event="workspace.create" subsystem="workspace" outcome="ok" workspace_id="w1" pane_id=1
2026-07-27T22:40:54.247824Z  INFO herdr::logging: workspace focused event="workspace.focus" subsystem="workspace" outcome="ok" workspace_id="w1"
2026-07-27T22:40:54.247845Z  INFO herdr::logging: tab focused event="tab.focus" subsystem="tab" outcome="ok" workspace_id="w1" tab_id="w1:t1"
2026-07-27T22:40:54.247866Z  INFO herdr::server::headless: created startup workspace cwd=/Users/vince
2026-07-27T22:40:54.248010Z  INFO herdr::server::headless: client protocol socket listening path=/Users/vince/.config/herdr/herdr-client.sock
2026-07-27T22:40:54.248046Z  INFO herdr::server::headless: herdr server started api_socket=/Users/vince/.config/herdr/herdr.sock client_socket=/Users/vince/.config/herdr/herdr-client.sock
2026-07-27T22:40:54.248347Z  INFO herdr::logging: herdr starting event="app.startup" subsystem="server" outcome="started" pid=57418
2026-07-27T22:40:54.366524Z  INFO herdr::server::headless: client connected client_id=2 cols=181 rows=51 cell_width_px=0 cell_height_px=0 render_encoding=SemanticFrame
2026-07-27T22:40:59.251982Z  INFO herdr::logging: session saved event="persist.save" subsystem="persist" outcome="ok" path=/Users/vince/.config/herdr/session.json workspaces=1
2026-07-27T22:41:12.480884Z  INFO herdr::logging: spawning pane terminal event="pane.spawn.start" subsystem="pane" outcome="started" pane_id=2 rows=50 cols=155 scrollback_limit_bytes=10000000
2026-07-27T22:41:12.484645Z  INFO herdr::logging: pane child spawned event="pane.spawned" subsystem="pane" outcome="ok" pane_id=2 pid=57763
2026-07-27T22:41:12.484895Z  INFO herdr::logging: tab focused event="tab.focus" subsystem="tab" outcome="ok" workspace_id="w1" tab_id="w1:t2"
2026-07-27T22:41:13.151901Z  INFO herdr::logging: spawning pane terminal event="pane.spawn.start" subsystem="pane" outcome="started" pane_id=3 rows=50 cols=155 scrollback_limit_bytes=10000000
2026-07-27T22:41:13.158108Z  INFO herdr::logging: pane child spawned event="pane.spawned" subsystem="pane" outcome="ok" pane_id=3 pid=57803
2026-07-27T22:41:13.158411Z  INFO herdr::logging: tab focused event="tab.focus" subsystem="tab" outcome="ok" workspace_id="w1" tab_id="w1:t3"
2026-07-27T22:41:18.166935Z  INFO herdr::logging: session saved event="persist.save" subsystem="persist" outcome="ok" path=/Users/vince/.config/herdr/session.json workspaces=1
2026-07-27T22:41:25.832950Z  INFO herdr::logging: session saved event="persist.save" subsystem="persist" outcome="ok" path=/Users/vince/.config/herdr/session.json workspaces=1
2026-07-27T22:41:38.459062Z  INFO herdr::pane: agent changed pane=3 previous_agent=None agent=Some(Codex) process=codex pgid=Some(58168)
2026-07-27T22:44:30.795586Z  INFO herdr::logging: api request received event="api.request.start" subsystem="api" outcome="started" request_id="cli:server:reload-config" method="server.reload_config" changes_ui=true
2026-07-27T22:44:30.796077Z  INFO herdr::logging: api request completed event="api.request.complete" subsystem="api" outcome="ok" request_id="cli:server:reload-config" method="server.reload_config"
2026-07-27T22:45:11.545203Z  INFO herdr::logging: api request received event="api.request.start" subsystem="api" outcome="started" request_id="cli:tab:focus" method="tab.focus" changes_ui=true
2026-07-27T22:45:11.545362Z  INFO herdr::logging: tab focused event="tab.focus" subsystem="tab" outcome="ok" workspace_id="w1" tab_id="w1:t3"
2026-07-27T22:45:11.545396Z  INFO herdr::logging: api request completed event="api.request.complete" subsystem="api" outcome="ok" request_id="cli:tab:focus" method="tab.focus"
2026-07-27T22:45:16.549325Z  INFO herdr::logging: session saved event="persist.save" subsystem="persist" outcome="ok" path=/Users/vince/.config/herdr/session.json workspaces=1
2026-07-27T22:45:22.711748Z  INFO herdr::logging: pane child exited event="pane.exit" subsystem="pane" outcome="completed" pane_id=3 status="ExitStatus { code: 1, signal: None }"
2026-07-27T22:45:22.735476Z  INFO herdr::pane: pane session terminated pane=3 pid=57803 signal=Hangup
2026-07-27T22:45:22.735767Z  WARN herdr::app::actions: PaneDied for unknown pane pane=3
2026-07-27T22:45:27.744706Z  INFO herdr::logging: session saved event="persist.save" subsystem="persist" outcome="ok" path=/Users/vince/.config/herdr/session.json workspaces=1
2026-07-27T22:45:42.411346Z  INFO herdr::pane: agent changed pane=2 previous_agent=None agent=Some(Codex) process=codex pgid=Some(61815)
2026-07-27T22:48:17.148509Z  INFO herdr::logging: tab focused event="tab.focus" subsystem="tab" outcome="ok" workspace_id="w1" tab_id="w1:t1"
2026-07-27T22:48:22.164264Z  INFO herdr::logging: session saved event="persist.save" subsystem="persist" outcome="ok" path=/Users/vince/.config/herdr/session.json workspaces=1
2026-07-27T22:49:02.090180Z  INFO herdr::logging: tab focused event="tab.focus" subsystem="tab" outcome="ok" workspace_id="w1" tab_id="w1:t2"
2026-07-27T22:49:05.524746Z  INFO herdr::logging: tab focused event="tab.focus" subsystem="tab" outcome="ok" workspace_id="w1" tab_id="w1:t1"
2026-07-27T22:49:09.380075Z  INFO herdr::logging: tab focused event="tab.focus" subsystem="tab" outcome="ok" workspace_id="w1" tab_id="w1:t2"
2026-07-27T22:49:14.387043Z  INFO herdr::logging: session saved event="persist.save" subsystem="persist" outcome="ok" path=/Users/vince/.config/herdr/session.json workspaces=1
2026-07-27T22:49:15.901329Z  INFO herdr::logging: api request received event="api.request.start" subsystem="api" outcome="started" request_id="cli:tab:focus" method="tab.focus" changes_ui=true
2026-07-27T22:49:15.902986Z  INFO herdr::logging: tab focused event="tab.focus" subsystem="tab" outcome="ok" workspace_id="w1" tab_id="w1:t1"
2026-07-27T22:49:15.903035Z  INFO herdr::logging: api request completed event="api.request.complete" subsystem="api" outcome="ok" request_id="cli:tab:focus" method="tab.focus"
2026-07-27T22:49:16.446155Z  INFO herdr::logging: api request received event="api.request.start" subsystem="api" outcome="started" request_id="cli:tab:focus" method="tab.focus" changes_ui=true
2026-07-27T22:49:16.446296Z  INFO herdr::logging: tab focused event="tab.focus" subsystem="tab" outcome="ok" workspace_id="w1" tab_id="w1:t2"
2026-07-27T22:49:16.446333Z  INFO herdr::logging: api request completed event="api.request.complete" subsystem="api" outcome="ok" request_id="cli:tab:focus" method="tab.focus"
2026-07-27T22:49:16.732485Z  INFO herdr::logging: api request received event="api.request.start" subsystem="api" outcome="started" request_id="cli:tab:focus" method="tab.focus" changes_ui=true
2026-07-27T22:49:16.732619Z  INFO herdr::logging: tab focused event="tab.focus" subsystem="tab" outcome="ok" workspace_id="w1" tab_id="w1:t1"
2026-07-27T22:49:16.732653Z  INFO herdr::logging: api request completed event="api.request.complete" subsystem="api" outcome="ok" request_id="cli:tab:focus" method="tab.focus"
2026-07-27T22:49:16.947714Z  INFO herdr::logging: api request received event="api.request.start" subsystem="api" outcome="started" request_id="cli:tab:focus" method="tab.focus" changes_ui=true
2026-07-27T22:49:16.947850Z  INFO herdr::logging: tab focused event="tab.focus" subsystem="tab" outcome="ok" workspace_id="w1" tab_id="w1:t2"
2026-07-27T22:49:16.947895Z  INFO herdr::logging: api request completed event="api.request.complete" subsystem="api" outcome="ok" request_id="cli:tab:focus" method="tab.focus"
2026-07-27T22:49:17.142193Z  INFO herdr::logging: api request received event="api.request.start" subsystem="api" outcome="started" request_id="cli:tab:focus" method="tab.focus" changes_ui=true
2026-07-27T22:49:17.142473Z  INFO herdr::logging: tab focused event="tab.focus" subsystem="tab" outcome="ok" workspace_id="w1" tab_id="w1:t1"
2026-07-27T22:49:17.142513Z  INFO herdr::logging: api request completed event="api.request.complete" subsystem="api" outcome="ok" request_id="cli:tab:focus" method="tab.focus"
2026-07-27T22:49:17.246174Z  INFO herdr::logging: api request received event="api.request.start" subsystem="api" outcome="started" request_id="cli:tab:focus" method="tab.focus" changes_ui=true
2026-07-27T22:49:17.246316Z  INFO herdr::logging: tab focused event="tab.focus" subsystem="tab" outcome="ok" workspace_id="w1" tab_id="w1:t2"
2026-07-27T22:49:17.246348Z  INFO herdr::logging: api request completed event="api.request.complete" subsystem="api" outcome="ok" request_id="cli:tab:focus" method="tab.focus"
2026-07-27T22:49:17.501689Z  INFO herdr::logging: api request received event="api.request.start" subsystem="api" outcome="started" request_id="cli:tab:focus" method="tab.focus" changes_ui=true
2026-07-27T22:49:17.501813Z  INFO herdr::logging: tab focused event="tab.focus" subsystem="tab" outcome="ok" workspace_id="w1" tab_id="w1:t1"
2026-07-27T22:49:17.501848Z  INFO herdr::logging: api request completed event="api.request.complete" subsystem="api" outcome="ok" request_id="cli:tab:focus" method="tab.focus"
2026-07-27T22:49:17.610283Z  INFO herdr::logging: api request received event="api.request.start" subsystem="api" outcome="started" request_id="cli:tab:focus" method="tab.focus" changes_ui=true
2026-07-27T22:49:17.610450Z  INFO herdr::logging: tab focused event="tab.focus" subsystem="tab" outcome="ok" workspace_id="w1" tab_id="w1:t2"
2026-07-27T22:49:17.610498Z  INFO herdr::logging: api request completed event="api.request.complete" subsystem="api" outcome="ok" request_id="cli:tab:focus" method="tab.focus"
2026-07-27T22:49:17.883880Z  INFO herdr::logging: api request received event="api.request.start" subsystem="api" outcome="started" request_id="cli:tab:focus" method="tab.focus" changes_ui=true
2026-07-27T22:49:17.884027Z  INFO herdr::logging: tab focused event="tab.focus" subsystem="tab" outcome="ok" workspace_id="w1" tab_id="w1:t1"
2026-07-27T22:49:17.884061Z  INFO herdr::logging: api request completed event="api.request.complete" subsystem="api" outcome="ok" request_id="cli:tab:focus" method="tab.focus"
2026-07-27T22:49:18.026154Z  INFO herdr::logging: api request received event="api.request.start" subsystem="api" outcome="started" request_id="cli:tab:focus" method="tab.focus" changes_ui=true
2026-07-27T22:49:18.026276Z  INFO herdr::logging: tab focused event="tab.focus" subsystem="tab" outcome="ok" workspace_id="w1" tab_id="w1:t2"
2026-07-27T22:49:18.026310Z  INFO herdr::logging: api request completed event="api.request.complete" subsystem="api" outcome="ok" request_id="cli:tab:focus" method="tab.focus"
2026-07-27T22:49:18.263071Z  INFO herdr::logging: api request received event="api.request.start" subsystem="api" outcome="started" request_id="cli:tab:focus" method="tab.focus" changes_ui=true
2026-07-27T22:49:18.263200Z  INFO herdr::logging: tab focused event="tab.focus" subsystem="tab" outcome="ok" workspace_id="w1" tab_id="w1:t1"
2026-07-27T22:49:18.263231Z  INFO herdr::logging: api request completed event="api.request.complete" subsystem="api" outcome="ok" request_id="cli:tab:focus" method="tab.focus"
2026-07-27T22:49:18.548963Z  INFO herdr::logging: api request received event="api.request.start" subsystem="api" outcome="started" request_id="cli:tab:focus" method="tab.focus" changes_ui=true
2026-07-27T22:49:18.549111Z  INFO herdr::logging: tab focused event="tab.focus" subsystem="tab" outcome="ok" workspace_id="w1" tab_id="w1:t2"
2026-07-27T22:49:18.549149Z  INFO herdr::logging: api request completed event="api.request.complete" subsystem="api" outcome="ok" request_id="cli:tab:focus" method="tab.focus"
2026-07-27T22:49:18.740979Z  INFO herdr::logging: api request received event="api.request.start" subsystem="api" outcome="started" request_id="cli:tab:focus" method="tab.focus" changes_ui=true
2026-07-27T22:49:18.741117Z  INFO herdr::logging: tab focused event="tab.focus" subsystem="tab" outcome="ok" workspace_id="w1" tab_id="w1:t1"
2026-07-27T22:49:18.741153Z  INFO herdr::logging: api request completed event="api.request.complete" subsystem="api" outcome="ok" request_id="cli:tab:focus" method="tab.focus"
2026-07-27T22:49:18.937683Z  INFO herdr::logging: api request received event="api.request.start" subsystem="api" outcome="started" request_id="cli:tab:focus" method="tab.focus" changes_ui=true
2026-07-27T22:49:18.937838Z  INFO herdr::logging: tab focused event="tab.focus" subsystem="tab" outcome="ok" workspace_id="w1" tab_id="w1:t2"
2026-07-27T22:49:18.937885Z  INFO herdr::logging: api request completed event="api.request.complete" subsystem="api" outcome="ok" request_id="cli:tab:focus" method="tab.focus"
2026-07-27T22:49:19.074138Z  INFO herdr::logging: api request received event="api.request.start" subsystem="api" outcome="started" request_id="cli:tab:focus" method="tab.focus" changes_ui=true
2026-07-27T22:49:19.074253Z  INFO herdr::logging: tab focused event="tab.focus" subsystem="tab" outcome="ok" workspace_id="w1" tab_id="w1:t1"
2026-07-27T22:49:19.074280Z  INFO herdr::logging: api request completed event="api.request.complete" subsystem="api" outcome="ok" request_id="cli:tab:focus" method="tab.focus"
2026-07-27T22:49:19.253167Z  INFO herdr::logging: api request received event="api.request.start" subsystem="api" outcome="started" request_id="cli:tab:focus" method="tab.focus" changes_ui=true
2026-07-27T22:49:19.253295Z  INFO herdr::logging: tab focused event="tab.focus" subsystem="tab" outcome="ok" workspace_id="w1" tab_id="w1:t2"
2026-07-27T22:49:19.253325Z  INFO herdr::logging: api request completed event="api.request.complete" subsystem="api" outcome="ok" request_id="cli:tab:focus" method="tab.focus"
2026-07-27T22:49:19.926585Z  INFO herdr::logging: api request received event="api.request.start" subsystem="api" outcome="started" request_id="cli:tab:focus" method="tab.focus" changes_ui=true
2026-07-27T22:49:19.926734Z  INFO herdr::logging: tab focused event="tab.focus" subsystem="tab" outcome="ok" workspace_id="w1" tab_id="w1:t1"
2026-07-27T22:49:19.926772Z  INFO herdr::logging: api request completed event="api.request.complete" subsystem="api" outcome="ok" request_id="cli:tab:focus" method="tab.focus"
2026-07-27T22:49:24.928843Z  INFO herdr::logging: session saved event="persist.save" subsystem="persist" outcome="ok" path=/Users/vince/.config/herdr/session.json workspaces=1
2026-07-27T22:49:32.703661Z  INFO herdr::logging: tab focused event="tab.focus" subsystem="tab" outcome="ok" workspace_id="w1" tab_id="w1:t2"
2026-07-27T22:49:37.709962Z  INFO herdr::logging: session saved event="persist.save" subsystem="persist" outcome="ok" path=/Users/vince/.config/herdr/session.json workspaces=1
2026-07-27T22:50:28.394190Z  INFO herdr::logging: api request received event="api.request.start" subsystem="api" outcome="started" request_id="cli:workspace:focus" method="workspace.focus" changes_ui=true
2026-07-27T22:50:28.394280Z  INFO herdr::logging: workspace focused event="workspace.focus" subsystem="workspace" outcome="ok" workspace_id="w1"
2026-07-27T22:50:28.394359Z  INFO herdr::logging: tab focused event="tab.focus" subsystem="tab" outcome="ok" workspace_id="w1" tab_id="w1:t2"
2026-07-27T22:50:28.394408Z  INFO herdr::logging: api request completed event="api.request.complete" subsystem="api" outcome="ok" request_id="cli:workspace:focus" method="workspace.focus"
2026-07-27T22:50:33.401886Z  INFO herdr::logging: session saved event="persist.save" subsystem="persist" outcome="ok" path=/Users/vince/.config/herdr/session.json workspaces=1
2026-07-27T22:50:38.773408Z  INFO herdr::logging: api request received event="api.request.start" subsystem="api" outcome="started" request_id="cli:server:reload-config" method="server.reload_config" changes_ui=true
2026-07-27T22:50:38.773893Z  INFO herdr::logging: api request completed event="api.request.complete" subsystem="api" outcome="ok" request_id="cli:server:reload-config" method="server.reload_config"
2026-07-27T22:50:43.509995Z  INFO herdr::logging: api request received event="api.request.start" subsystem="api" outcome="started" request_id="cli:tab:focus" method="tab.focus" changes_ui=true
2026-07-27T22:50:43.510136Z  INFO herdr::logging: tab focused event="tab.focus" subsystem="tab" outcome="ok" workspace_id="w1" tab_id="w1:t1"
2026-07-27T22:50:43.510171Z  INFO herdr::logging: api request completed event="api.request.complete" subsystem="api" outcome="ok" request_id="cli:tab:focus" method="tab.focus"
2026-07-27T22:50:44.069344Z  INFO herdr::logging: api request received event="api.request.start" subsystem="api" outcome="started" request_id="cli:tab:focus" method="tab.focus" changes_ui=true
2026-07-27T22:50:44.069486Z  INFO herdr::logging: tab focused event="tab.focus" subsystem="tab" outcome="ok" workspace_id="w1" tab_id="w1:t2"
2026-07-27T22:50:44.069533Z  INFO herdr::logging: api request completed event="api.request.complete" subsystem="api" outcome="ok" request_id="cli:tab:focus" method="tab.focus"
2026-07-27T22:50:44.308196Z  INFO herdr::logging: api request received event="api.request.start" subsystem="api" outcome="started" request_id="cli:tab:focus" method="tab.focus" changes_ui=true
2026-07-27T22:50:44.308348Z  INFO herdr::logging: tab focused event="tab.focus" subsystem="tab" outcome="ok" workspace_id="w1" tab_id="w1:t1"
2026-07-27T22:50:44.308382Z  INFO herdr::logging: api request completed event="api.request.complete" subsystem="api" outcome="ok" request_id="cli:tab:focus" method="tab.focus"
2026-07-27T22:50:44.616619Z  INFO herdr::logging: api request received event="api.request.start" subsystem="api" outcome="started" request_id="cli:tab:focus" method="tab.focus" changes_ui=true
2026-07-27T22:50:44.616747Z  INFO herdr::logging: tab focused event="tab.focus" subsystem="tab" outcome="ok" workspace_id="w1" tab_id="w1:t2"
2026-07-27T22:50:44.616781Z  INFO herdr::logging: api request completed event="api.request.complete" subsystem="api" outcome="ok" request_id="cli:tab:focus" method="tab.focus"
2026-07-27T22:50:44.879632Z  INFO herdr::logging: api request received event="api.request.start" subsystem="api" outcome="started" request_id="cli:tab:focus" method="tab.focus" changes_ui=true
2026-07-27T22:50:44.879770Z  INFO herdr::logging: tab focused event="tab.focus" subsystem="tab" outcome="ok" workspace_id="w1" tab_id="w1:t1"
2026-07-27T22:50:44.879807Z  INFO herdr::logging: api request completed event="api.request.complete" subsystem="api" outcome="ok" request_id="cli:tab:focus" method="tab.focus"
2026-07-27T22:50:45.165788Z  INFO herdr::logging: api request received event="api.request.start" subsystem="api" outcome="started" request_id="cli:tab:focus" method="tab.focus" changes_ui=true
2026-07-27T22:50:45.165915Z  INFO herdr::logging: tab focused event="tab.focus" subsystem="tab" outcome="ok" workspace_id="w1" tab_id="w1:t2"
2026-07-27T22:50:45.165944Z  INFO herdr::logging: api request completed event="api.request.complete" subsystem="api" outcome="ok" request_id="cli:tab:focus" method="tab.focus"
2026-07-27T22:50:45.816033Z  INFO herdr::logging: api request received event="api.request.start" subsystem="api" outcome="started" request_id="cli:tab:focus" method="tab.focus" changes_ui=true
2026-07-27T22:50:45.816176Z  INFO herdr::logging: tab focused event="tab.focus" subsystem="tab" outcome="ok" workspace_id="w1" tab_id="w1:t1"
2026-07-27T22:50:45.816214Z  INFO herdr::logging: api request completed event="api.request.complete" subsystem="api" outcome="ok" request_id="cli:tab:focus" method="tab.focus"
2026-07-27T22:50:45.982777Z  INFO herdr::logging: api request received event="api.request.start" subsystem="api" outcome="started" request_id="cli:tab:focus" method="tab.focus" changes_ui=true
2026-07-27T22:50:45.982952Z  INFO herdr::logging: tab focused event="tab.focus" subsystem="tab" outcome="ok" workspace_id="w1" tab_id="w1:t2"
2026-07-27T22:50:45.982992Z  INFO herdr::logging: api request completed event="api.request.complete" subsystem="api" outcome="ok" request_id="cli:tab:focus" method="tab.focus"
2026-07-27T22:50:46.568152Z  INFO herdr::logging: api request received event="api.request.start" subsystem="api" outcome="started" request_id="cli:tab:focus" method="tab.focus" changes_ui=true
2026-07-27T22:50:46.568301Z  INFO herdr::logging: tab focused event="tab.focus" subsystem="tab" outcome="ok" workspace_id="w1" tab_id="w1:t1"
2026-07-27T22:50:46.568340Z  INFO herdr::logging: api request completed event="api.request.complete" subsystem="api" outcome="ok" request_id="cli:tab:focus" method="tab.focus"
2026-07-27T22:50:46.729242Z  INFO herdr::logging: api request received event="api.request.start" subsystem="api" outcome="started" request_id="cli:tab:focus" method="tab.focus" changes_ui=true
2026-07-27T22:50:46.729397Z  INFO herdr::logging: tab focused event="tab.focus" subsystem="tab" outcome="ok" workspace_id="w1" tab_id="w1:t2"
2026-07-27T22:50:46.729430Z  INFO herdr::logging: api request completed event="api.request.complete" subsystem="api" outcome="ok" request_id="cli:tab:focus" method="tab.focus"
2026-07-27T22:50:47.218850Z  INFO herdr::logging: api request received event="api.request.start" subsystem="api" outcome="started" request_id="cli:tab:focus" method="tab.focus" changes_ui=true
2026-07-27T22:50:47.218997Z  INFO herdr::logging: tab focused event="tab.focus" subsystem="tab" outcome="ok" workspace_id="w1" tab_id="w1:t1"
2026-07-27T22:50:47.219030Z  INFO herdr::logging: api request completed event="api.request.complete" subsystem="api" outcome="ok" request_id="cli:tab:focus" method="tab.focus"
2026-07-27T22:50:47.287899Z  INFO herdr::logging: api request received event="api.request.start" subsystem="api" outcome="started" request_id="cli:tab:focus" method="tab.focus" changes_ui=true
2026-07-27T22:50:47.288030Z  INFO herdr::logging: tab focused event="tab.focus" subsystem="tab" outcome="ok" workspace_id="w1" tab_id="w1:t2"
2026-07-27T22:50:47.288064Z  INFO herdr::logging: api request completed event="api.request.complete" subsystem="api" outcome="ok" request_id="cli:tab:focus" method="tab.focus"
2026-07-27T22:50:47.801536Z  INFO herdr::logging: api request received event="api.request.start" subsystem="api" outcome="started" request_id="cli:tab:focus" method="tab.focus" changes_ui=true
2026-07-27T22:50:47.801675Z  INFO herdr::logging: tab focused event="tab.focus" subsystem="tab" outcome="ok" workspace_id="w1" tab_id="w1:t2"
2026-07-27T22:50:47.801712Z  INFO herdr::logging: api request completed event="api.request.complete" subsystem="api" outcome="ok" request_id="cli:tab:focus" method="tab.focus"
2026-07-27T22:50:47.873381Z  INFO herdr::logging: api request received event="api.request.start" subsystem="api" outcome="started" request_id="cli:tab:focus" method="tab.focus" changes_ui=true
2026-07-27T22:50:47.873506Z  INFO herdr::logging: tab focused event="tab.focus" subsystem="tab" outcome="ok" workspace_id="w1" tab_id="w1:t1"
2026-07-27T22:50:47.873548Z  INFO herdr::logging: api request completed event="api.request.complete" subsystem="api" outcome="ok" request_id="cli:tab:focus" method="tab.focus"
2026-07-27T22:50:48.171721Z  INFO herdr::logging: api request received event="api.request.start" subsystem="api" outcome="started" request_id="cli:tab:focus" method="tab.focus" changes_ui=true
2026-07-27T22:50:48.171854Z  INFO herdr::logging: tab focused event="tab.focus" subsystem="tab" outcome="ok" workspace_id="w1" tab_id="w1:t2"
2026-07-27T22:50:48.171884Z  INFO herdr::logging: api request completed event="api.request.complete" subsystem="api" outcome="ok" request_id="cli:tab:focus" method="tab.focus"
2026-07-27T22:50:48.511894Z  INFO herdr::logging: api request received event="api.request.start" subsystem="api" outcome="started" request_id="cli:tab:focus" method="tab.focus" changes_ui=true
2026-07-27T22:50:48.512055Z  INFO herdr::logging: tab focused event="tab.focus" subsystem="tab" outcome="ok" workspace_id="w1" tab_id="w1:t1"
2026-07-27T22:50:48.512096Z  INFO herdr::logging: api request completed event="api.request.complete" subsystem="api" outcome="ok" request_id="cli:tab:focus" method="tab.focus"
2026-07-27T22:50:53.521377Z  INFO herdr::logging: session saved event="persist.save" subsystem="persist" outcome="ok" path=/Users/vince/.config/herdr/session.json workspaces=1
2026-07-27T22:50:54.231878Z  INFO herdr::logging: api request received event="api.request.start" subsystem="api" outcome="started" request_id="cli:tab:focus" method="tab.focus" changes_ui=true
2026-07-27T22:50:54.232034Z  INFO herdr::logging: tab focused event="tab.focus" subsystem="tab" outcome="ok" workspace_id="w1" tab_id="w1:t2"
2026-07-27T22:50:54.232070Z  INFO herdr::logging: api request completed event="api.request.complete" subsystem="api" outcome="ok" request_id="cli:tab:focus" method="tab.focus"
2026-07-27T22:50:54.545217Z  INFO herdr::logging: api request received event="api.request.start" subsystem="api" outcome="started" request_id="cli:tab:focus" method="tab.focus" changes_ui=true
2026-07-27T22:50:54.545348Z  INFO herdr::logging: tab focused event="tab.focus" subsystem="tab" outcome="ok" workspace_id="w1" tab_id="w1:t1"
2026-07-27T22:50:54.545384Z  INFO herdr::logging: api request completed event="api.request.complete" subsystem="api" outcome="ok" request_id="cli:tab:focus" method="tab.focus"
2026-07-27T22:50:54.662592Z  INFO herdr::logging: api request received event="api.request.start" subsystem="api" outcome="started" request_id="cli:tab:focus" method="tab.focus" changes_ui=true
2026-07-27T22:50:54.662715Z  INFO herdr::logging: tab focused event="tab.focus" subsystem="tab" outcome="ok" workspace_id="w1" tab_id="w1:t2"
2026-07-27T22:50:54.662749Z  INFO herdr::logging: api request completed event="api.request.complete" subsystem="api" outcome="ok" request_id="cli:tab:focus" method="tab.focus"
2026-07-27T22:50:55.089692Z  INFO herdr::logging: api request received event="api.request.start" subsystem="api" outcome="started" request_id="cli:tab:focus" method="tab.focus" changes_ui=true
2026-07-27T22:50:55.089831Z  INFO herdr::logging: tab focused event="tab.focus" subsystem="tab" outcome="ok" workspace_id="w1" tab_id="w1:t1"
2026-07-27T22:50:55.089894Z  INFO herdr::logging: api request completed event="api.request.complete" subsystem="api" outcome="ok" request_id="cli:tab:focus" method="tab.focus"
2026-07-27T22:50:55.507152Z  INFO herdr::logging: api request received event="api.request.start" subsystem="api" outcome="started" request_id="cli:tab:focus" method="tab.focus" changes_ui=true
2026-07-27T22:50:55.507285Z  INFO herdr::logging: tab focused event="tab.focus" subsystem="tab" outcome="ok" workspace_id="w1" tab_id="w1:t2"
2026-07-27T22:50:55.507321Z  INFO herdr::logging: api request completed event="api.request.complete" subsystem="api" outcome="ok" request_id="cli:tab:focus" method="tab.focus"
2026-07-27T22:50:57.127361Z  INFO herdr::logging: api request received event="api.request.start" subsystem="api" outcome="started" request_id="cli:tab:focus" method="tab.focus" changes_ui=true
2026-07-27T22:50:57.127483Z  INFO herdr::logging: tab focused event="tab.focus" subsystem="tab" outcome="ok" workspace_id="w1" tab_id="w1:t1"
2026-07-27T22:50:57.127515Z  INFO herdr::logging: api request completed event="api.request.complete" subsystem="api" outcome="ok" request_id="cli:tab:focus" method="tab.focus"
2026-07-27T22:50:58.203189Z  INFO herdr::logging: spawning pane terminal event="pane.spawn.start" subsystem="pane" outcome="started" pane_id=4 rows=38 cols=121 scrollback_limit_bytes=10000000
2026-07-27T22:50:58.209973Z  INFO herdr::logging: pane child spawned event="pane.spawned" subsystem="pane" outcome="ok" pane_id=4 pid=67607
2026-07-27T22:51:02.024925Z  INFO herdr::logging: api request received event="api.request.start" subsystem="api" outcome="started" request_id="cli:workspace:create" method="workspace.create" changes_ui=true
2026-07-27T22:51:02.025104Z  INFO herdr::logging: spawning pane terminal event="pane.spawn.start" subsystem="pane" outcome="started" pane_id=5 rows=50 cols=155 scrollback_limit_bytes=10000000
2026-07-27T22:51:02.028966Z  INFO herdr::logging: pane child spawned event="pane.spawned" subsystem="pane" outcome="ok" pane_id=5 pid=67655
2026-07-27T22:51:02.029221Z  INFO herdr::logging: workspace created event="workspace.create" subsystem="workspace" outcome="ok" workspace_id="w2" pane_id=5
2026-07-27T22:51:02.029229Z  INFO herdr::logging: workspace focused event="workspace.focus" subsystem="workspace" outcome="ok" workspace_id="w2"
2026-07-27T22:51:02.029312Z  INFO herdr::logging: tab focused event="tab.focus" subsystem="tab" outcome="ok" workspace_id="w2" tab_id="w2:t1"
2026-07-27T22:51:02.029324Z  INFO herdr::logging: workspace renamed event="workspace.rename" subsystem="workspace" outcome="ok" workspace_id="w2"
2026-07-27T22:51:02.029769Z  INFO herdr::logging: api request completed event="api.request.complete" subsystem="api" outcome="ok" request_id="cli:workspace:create" method="workspace.create"
2026-07-27T22:51:02.030395Z  INFO herdr::logging: pane child exited event="pane.exit" subsystem="pane" outcome="completed" pane_id=4 status="ExitStatus { code: 0, signal: None }"
2026-07-27T22:51:02.033000Z  INFO herdr::pane: pane session terminated pane=4 pid=67607 signal=Hangup
2026-07-27T22:51:06.059096Z  INFO herdr::logging: spawning pane terminal event="pane.spawn.start" subsystem="pane" outcome="started" pane_id=6 rows=38 cols=121 scrollback_limit_bytes=10000000
2026-07-27T22:51:06.062545Z  INFO herdr::logging: pane child spawned event="pane.spawned" subsystem="pane" outcome="ok" pane_id=6 pid=67760
2026-07-27T22:51:07.036752Z  INFO herdr::logging: session saved event="persist.save" subsystem="persist" outcome="ok" path=/Users/vince/.config/herdr/session.json workspaces=2
2026-07-27T22:51:07.373206Z  INFO herdr::logging: api request received event="api.request.start" subsystem="api" outcome="started" request_id="cli:workspace:create" method="workspace.create" changes_ui=true
2026-07-27T22:51:07.373366Z  INFO herdr::logging: spawning pane terminal event="pane.spawn.start" subsystem="pane" outcome="started" pane_id=7 rows=50 cols=155 scrollback_limit_bytes=10000000
2026-07-27T22:51:07.377413Z  INFO herdr::logging: pane child spawned event="pane.spawned" subsystem="pane" outcome="ok" pane_id=7 pid=67795
2026-07-27T22:51:07.379436Z  INFO herdr::logging: workspace created event="workspace.create" subsystem="workspace" outcome="ok" workspace_id="w3" pane_id=7
2026-07-27T22:51:07.379454Z  INFO herdr::logging: workspace focused event="workspace.focus" subsystem="workspace" outcome="ok" workspace_id="w3"
2026-07-27T22:51:07.379548Z  INFO herdr::logging: tab focused event="tab.focus" subsystem="tab" outcome="ok" workspace_id="w3" tab_id="w3:t1"
2026-07-27T22:51:07.379560Z  INFO herdr::logging: workspace renamed event="workspace.rename" subsystem="workspace" outcome="ok" workspace_id="w3"
2026-07-27T22:51:07.380044Z  INFO herdr::logging: api request completed event="api.request.complete" subsystem="api" outcome="ok" request_id="cli:workspace:create" method="workspace.create"
2026-07-27T22:51:07.380763Z  INFO herdr::logging: pane child exited event="pane.exit" subsystem="pane" outcome="completed" pane_id=6 status="ExitStatus { code: 0, signal: None }"
2026-07-27T22:51:07.383193Z  INFO herdr::pane: pane session terminated pane=6 pid=67760 signal=Hangup
2026-07-27T22:51:09.083787Z  INFO herdr::logging: api request received event="api.request.start" subsystem="api" outcome="started" request_id="cli:tab:focus" method="tab.focus" changes_ui=true
2026-07-27T22:51:09.083935Z  INFO herdr::logging: tab focused event="tab.focus" subsystem="tab" outcome="ok" workspace_id="w3" tab_id="w3:t1"
2026-07-27T22:51:09.083973Z  INFO herdr::logging: api request completed event="api.request.complete" subsystem="api" outcome="ok" request_id="cli:tab:focus" method="tab.focus"
2026-07-27T22:51:11.168191Z  INFO herdr::logging: spawning pane terminal event="pane.spawn.start" subsystem="pane" outcome="started" pane_id=8 rows=38 cols=121 scrollback_limit_bytes=10000000
2026-07-27T22:51:11.174074Z  INFO herdr::logging: pane child spawned event="pane.spawned" subsystem="pane" outcome="ok" pane_id=8 pid=67907
2026-07-27T22:51:12.823672Z  INFO herdr::logging: api request received event="api.request.start" subsystem="api" outcome="started" request_id="cli:workspace:create" method="workspace.create" changes_ui=true
2026-07-27T22:51:12.823826Z  INFO herdr::logging: spawning pane terminal event="pane.spawn.start" subsystem="pane" outcome="started" pane_id=9 rows=50 cols=155 scrollback_limit_bytes=10000000
2026-07-27T22:51:12.827747Z  INFO herdr::logging: pane child spawned event="pane.spawned" subsystem="pane" outcome="ok" pane_id=9 pid=67941
2026-07-27T22:51:12.828002Z  INFO herdr::logging: workspace created event="workspace.create" subsystem="workspace" outcome="ok" workspace_id="w4" pane_id=9
2026-07-27T22:51:12.828010Z  INFO herdr::logging: workspace focused event="workspace.focus" subsystem="workspace" outcome="ok" workspace_id="w4"
2026-07-27T22:51:12.828092Z  INFO herdr::logging: tab focused event="tab.focus" subsystem="tab" outcome="ok" workspace_id="w4" tab_id="w4:t1"
2026-07-27T22:51:12.828102Z  INFO herdr::logging: workspace renamed event="workspace.rename" subsystem="workspace" outcome="ok" workspace_id="w4"
2026-07-27T22:51:12.828573Z  INFO herdr::logging: api request completed event="api.request.complete" subsystem="api" outcome="ok" request_id="cli:workspace:create" method="workspace.create"
2026-07-27T22:51:12.829234Z  INFO herdr::logging: pane child exited event="pane.exit" subsystem="pane" outcome="completed" pane_id=8 status="ExitStatus { code: 0, signal: None }"
2026-07-27T22:51:12.829269Z  INFO herdr::pane: pane session terminated pane=8 pid=67907 signal=Hangup
2026-07-27T22:51:15.002898Z  INFO herdr::logging: spawning pane terminal event="pane.spawn.start" subsystem="pane" outcome="started" pane_id=10 rows=38 cols=121 scrollback_limit_bytes=10000000
2026-07-27T22:51:15.008733Z  INFO herdr::logging: pane child spawned event="pane.spawned" subsystem="pane" outcome="ok" pane_id=10 pid=68023
2026-07-27T22:51:17.832876Z  INFO herdr::logging: session saved event="persist.save" subsystem="persist" outcome="ok" path=/Users/vince/.config/herdr/session.json workspaces=4
2026-07-27T22:51:25.252414Z  INFO herdr::logging: pane child exited event="pane.exit" subsystem="pane" outcome="completed" pane_id=10 status="ExitStatus { code: 0, signal: None }"
2026-07-27T22:51:25.252512Z  INFO herdr::pane: pane session terminated pane=10 pid=68023 signal=Hangup
2026-07-27T22:51:26.451868Z  INFO herdr::logging: workspace focused event="workspace.focus" subsystem="workspace" outcome="ok" workspace_id="w1"
2026-07-27T22:51:26.452456Z  INFO herdr::logging: tab focused event="tab.focus" subsystem="tab" outcome="ok" workspace_id="w1" tab_id="w1:t1"
2026-07-27T22:51:28.249764Z  INFO herdr::logging: tab focused event="tab.focus" subsystem="tab" outcome="ok" workspace_id="w1" tab_id="w1:t2"
2026-07-27T22:51:33.257224Z  INFO herdr::logging: session saved event="persist.save" subsystem="persist" outcome="ok" path=/Users/vince/.config/herdr/session.json workspaces=4
2026-07-27T22:54:36.300023Z  INFO herdr::logging: api request received event="api.request.start" subsystem="api" outcome="started" request_id="cli:workspace:focus" method="workspace.focus" changes_ui=true
2026-07-27T22:54:36.300118Z  INFO herdr::logging: workspace focused event="workspace.focus" subsystem="workspace" outcome="ok" workspace_id="w1"
2026-07-27T22:54:36.300188Z  INFO herdr::logging: tab focused event="tab.focus" subsystem="tab" outcome="ok" workspace_id="w1" tab_id="w1:t2"
2026-07-27T22:54:36.300230Z  INFO herdr::logging: api request completed event="api.request.complete" subsystem="api" outcome="ok" request_id="cli:workspace:focus" method="workspace.focus"
2026-07-27T22:54:41.307813Z  INFO herdr::logging: session saved event="persist.save" subsystem="persist" outcome="ok" path=/Users/vince/.config/herdr/session.json workspaces=4
2026-07-27T22:54:56.048845Z  INFO herdr::logging: spawning pane terminal event="pane.spawn.start" subsystem="pane" outcome="started" pane_id=11 rows=38 cols=121 scrollback_limit_bytes=10000000
2026-07-27T22:54:56.057315Z  INFO herdr::logging: pane child spawned event="pane.spawned" subsystem="pane" outcome="ok" pane_id=11 pid=70346
2026-07-27T22:54:57.751243Z  INFO herdr::logging: api request received event="api.request.start" subsystem="api" outcome="started" request_id="cli:workspace:create" method="workspace.create" changes_ui=true
2026-07-27T22:54:57.751401Z  INFO herdr::logging: spawning pane terminal event="pane.spawn.start" subsystem="pane" outcome="started" pane_id=12 rows=50 cols=155 scrollback_limit_bytes=10000000
2026-07-27T22:54:57.755283Z  INFO herdr::logging: pane child spawned event="pane.spawned" subsystem="pane" outcome="ok" pane_id=12 pid=70374
2026-07-27T22:54:57.755525Z  INFO herdr::logging: workspace created event="workspace.create" subsystem="workspace" outcome="ok" workspace_id="w5" pane_id=12
2026-07-27T22:54:57.755534Z  INFO herdr::logging: workspace focused event="workspace.focus" subsystem="workspace" outcome="ok" workspace_id="w5"
2026-07-27T22:54:57.755620Z  INFO herdr::logging: tab focused event="tab.focus" subsystem="tab" outcome="ok" workspace_id="w5" tab_id="w5:t1"
2026-07-27T22:54:57.755629Z  INFO herdr::logging: workspace renamed event="workspace.rename" subsystem="workspace" outcome="ok" workspace_id="w5"
2026-07-27T22:54:57.756201Z  INFO herdr::logging: api request completed event="api.request.complete" subsystem="api" outcome="ok" request_id="cli:workspace:create" method="workspace.create"
2026-07-27T22:54:57.756965Z  INFO herdr::logging: pane child exited event="pane.exit" subsystem="pane" outcome="completed" pane_id=11 status="ExitStatus { code: 0, signal: None }"
2026-07-27T22:54:57.759743Z  INFO herdr::pane: pane session terminated pane=11 pid=70346 signal=Hangup
2026-07-27T22:55:02.761610Z  INFO herdr::logging: session saved event="persist.save" subsystem="persist" outcome="ok" path=/Users/vince/.config/herdr/session.json workspaces=5
2026-07-27T22:55:12.170051Z  INFO herdr::logging: spawning pane terminal event="pane.spawn.start" subsystem="pane" outcome="started" pane_id=13 rows=38 cols=121 scrollback_limit_bytes=10000000
2026-07-27T22:55:12.176563Z  INFO herdr::logging: pane child spawned event="pane.spawned" subsystem="pane" outcome="ok" pane_id=13 pid=70837
2026-07-27T22:55:17.083199Z  INFO herdr::logging: pane child exited event="pane.exit" subsystem="pane" outcome="completed" pane_id=13 status="ExitStatus { code: 0, signal: None }"
2026-07-27T22:55:17.083362Z  INFO herdr::pane: pane session terminated pane=13 pid=70837 signal=Hangup
2026-07-27T22:55:27.520917Z  INFO herdr::logging: workspace focused event="workspace.focus" subsystem="workspace" outcome="ok" workspace_id="w1"
2026-07-27T22:55:27.521709Z  INFO herdr::logging: tab focused event="tab.focus" subsystem="tab" outcome="ok" workspace_id="w1" tab_id="w1:t2"
2026-07-27T22:55:30.165774Z  INFO herdr::logging: api request received event="api.request.start" subsystem="api" outcome="started" request_id="cli:workspace:focus" method="workspace.focus" changes_ui=true
2026-07-27T22:55:30.165854Z  INFO herdr::logging: workspace focused event="workspace.focus" subsystem="workspace" outcome="ok" workspace_id="w1"
2026-07-27T22:55:30.165917Z  INFO herdr::logging: tab focused event="tab.focus" subsystem="tab" outcome="ok" workspace_id="w1" tab_id="w1:t2"
2026-07-27T22:55:30.165957Z  INFO herdr::logging: api request completed event="api.request.complete" subsystem="api" outcome="ok" request_id="cli:workspace:focus" method="workspace.focus"
2026-07-27T22:55:35.176105Z  INFO herdr::logging: session saved event="persist.save" subsystem="persist" outcome="ok" path=/Users/vince/.config/herdr/session.json workspaces=5
2026-07-27T22:55:38.407268Z  INFO herdr::logging: tab focused event="tab.focus" subsystem="tab" outcome="ok" workspace_id="w1" tab_id="w1:t1"
2026-07-27T22:55:43.414593Z  INFO herdr::logging: session saved event="persist.save" subsystem="persist" outcome="ok" path=/Users/vince/.config/herdr/session.json workspaces=5
2026-07-27T22:55:48.861223Z  INFO herdr::logging: tab focused event="tab.focus" subsystem="tab" outcome="ok" workspace_id="w1" tab_id="w1:t2"
2026-07-27T22:55:53.873512Z  INFO herdr::logging: session saved event="persist.save" subsystem="persist" outcome="ok" path=/Users/vince/.config/herdr/session.json workspaces=5
2026-07-27T22:56:02.860459Z  INFO herdr::logging: tab focused event="tab.focus" subsystem="tab" outcome="ok" workspace_id="w1" tab_id="w1:t1"
2026-07-27T22:56:03.850031Z  INFO herdr::logging: tab focused event="tab.focus" subsystem="tab" outcome="ok" workspace_id="w1" tab_id="w1:t2"
2026-07-27T22:56:08.856954Z  INFO herdr::logging: session saved event="persist.save" subsystem="persist" outcome="ok" path=/Users/vince/.config/herdr/session.json workspaces=5
2026-07-27T22:56:17.402159Z  INFO herdr::logging: api request received event="api.request.start" subsystem="api" outcome="started" request_id="cli:workspace:rename" method="workspace.rename" changes_ui=true
2026-07-27T22:56:17.402270Z  INFO herdr::logging: workspace renamed event="workspace.rename" subsystem="workspace" outcome="ok" workspace_id="w2"
2026-07-27T22:56:17.402400Z  INFO herdr::logging: api request completed event="api.request.complete" subsystem="api" outcome="ok" request_id="cli:workspace:rename" method="workspace.rename"
2026-07-27T22:56:17.410526Z  INFO herdr::logging: api request received event="api.request.start" subsystem="api" outcome="started" request_id="cli:workspace:rename" method="workspace.rename" changes_ui=true
2026-07-27T22:56:17.410604Z  INFO herdr::logging: workspace renamed event="workspace.rename" subsystem="workspace" outcome="ok" workspace_id="w3"
2026-07-27T22:56:17.410713Z  INFO herdr::logging: api request completed event="api.request.complete" subsystem="api" outcome="ok" request_id="cli:workspace:rename" method="workspace.rename"
2026-07-27T22:56:17.417751Z  INFO herdr::logging: api request received event="api.request.start" subsystem="api" outcome="started" request_id="cli:workspace:rename" method="workspace.rename" changes_ui=true
2026-07-27T22:56:17.417843Z  INFO herdr::logging: workspace renamed event="workspace.rename" subsystem="workspace" outcome="ok" workspace_id="w4"
2026-07-27T22:56:17.417949Z  INFO herdr::logging: api request completed event="api.request.complete" subsystem="api" outcome="ok" request_id="cli:workspace:rename" method="workspace.rename"
2026-07-27T22:56:17.424683Z  INFO herdr::logging: api request received event="api.request.start" subsystem="api" outcome="started" request_id="cli:workspace:rename" method="workspace.rename" changes_ui=true
2026-07-27T22:56:17.424759Z  INFO herdr::logging: workspace renamed event="workspace.rename" subsystem="workspace" outcome="ok" workspace_id="w5"
2026-07-27T22:56:17.424849Z  INFO herdr::logging: api request completed event="api.request.complete" subsystem="api" outcome="ok" request_id="cli:workspace:rename" method="workspace.rename"
2026-07-27T22:56:17.431340Z  INFO herdr::logging: api request received event="api.request.start" subsystem="api" outcome="started" request_id="cli:workspace:focus" method="workspace.focus" changes_ui=true
2026-07-27T22:56:17.431401Z  INFO herdr::logging: workspace focused event="workspace.focus" subsystem="workspace" outcome="ok" workspace_id="w1"
2026-07-27T22:56:17.431460Z  INFO herdr::logging: tab focused event="tab.focus" subsystem="tab" outcome="ok" workspace_id="w1" tab_id="w1:t2"
2026-07-27T22:56:17.431498Z  INFO herdr::logging: api request completed event="api.request.complete" subsystem="api" outcome="ok" request_id="cli:workspace:focus" method="workspace.focus"
2026-07-27T22:56:21.339652Z  INFO herdr::logging: workspace closed event="workspace.close" subsystem="workspace" outcome="ok" workspace_id="w5"
2026-07-27T22:56:21.342162Z  INFO herdr::logging: pane child exited event="pane.exit" subsystem="pane" outcome="completed" pane_id=12 status="ExitStatus { code: 1, signal: None }"
2026-07-27T22:56:21.365538Z  INFO herdr::pane: pane session terminated pane=12 pid=70374 signal=Hangup
2026-07-27T22:56:21.366276Z  WARN herdr::app::actions: PaneDied for unknown pane pane=12
2026-07-27T22:56:24.567129Z  INFO herdr::logging: workspace closed event="workspace.close" subsystem="workspace" outcome="ok" workspace_id="w4"
2026-07-27T22:56:24.569199Z  INFO herdr::logging: pane child exited event="pane.exit" subsystem="pane" outcome="completed" pane_id=9 status="ExitStatus { code: 1, signal: None }"
2026-07-27T22:56:24.593173Z  INFO herdr::pane: pane session terminated pane=9 pid=67941 signal=Hangup
2026-07-27T22:56:24.594913Z  WARN herdr::app::actions: PaneDied for unknown pane pane=9
2026-07-27T22:56:25.660701Z  INFO herdr::logging: workspace focused event="workspace.focus" subsystem="workspace" outcome="ok" workspace_id="w1"
2026-07-27T22:56:25.660909Z  INFO herdr::logging: tab focused event="tab.focus" subsystem="tab" outcome="ok" workspace_id="w1" tab_id="w1:t2"
2026-07-27T22:56:27.441669Z  INFO herdr::logging: spawning pane terminal event="pane.spawn.start" subsystem="pane" outcome="started" pane_id=14 rows=38 cols=121 scrollback_limit_bytes=10000000
2026-07-27T22:56:27.450337Z  INFO herdr::logging: pane child spawned event="pane.spawned" subsystem="pane" outcome="ok" pane_id=14 pid=71752
2026-07-27T22:56:30.665839Z  INFO herdr::logging: session saved event="persist.save" subsystem="persist" outcome="ok" path=/Users/vince/.config/herdr/session.json workspaces=3
2026-07-27T22:56:33.826467Z  INFO herdr::logging: api request received event="api.request.start" subsystem="api" outcome="started" request_id="cli:workspace:focus" method="workspace.focus" changes_ui=true
2026-07-27T22:56:33.826572Z  INFO herdr::logging: workspace focused event="workspace.focus" subsystem="workspace" outcome="ok" workspace_id="w3"
2026-07-27T22:56:33.826653Z  INFO herdr::logging: tab focused event="tab.focus" subsystem="tab" outcome="ok" workspace_id="w3" tab_id="w3:t1"
2026-07-27T22:56:33.826689Z  INFO herdr::logging: api request completed event="api.request.complete" subsystem="api" outcome="ok" request_id="cli:workspace:focus" method="workspace.focus"
2026-07-27T22:56:33.827357Z  INFO herdr::logging: pane child exited event="pane.exit" subsystem="pane" outcome="completed" pane_id=14 status="ExitStatus { code: 0, signal: None }"
2026-07-27T22:56:33.829619Z  INFO herdr::pane: pane session terminated pane=14 pid=71752 signal=Hangup
2026-07-27T22:56:36.536770Z  INFO herdr::logging: spawning pane terminal event="pane.spawn.start" subsystem="pane" outcome="started" pane_id=15 rows=38 cols=121 scrollback_limit_bytes=10000000
2026-07-27T22:56:36.545680Z  INFO herdr::logging: pane child spawned event="pane.spawned" subsystem="pane" outcome="ok" pane_id=15 pid=71926
2026-07-27T22:56:38.038004Z  INFO herdr::logging: api request received event="api.request.start" subsystem="api" outcome="started" request_id="cli:workspace:focus" method="workspace.focus" changes_ui=true
2026-07-27T22:56:38.038101Z  INFO herdr::logging: workspace focused event="workspace.focus" subsystem="workspace" outcome="ok" workspace_id="w1"
2026-07-27T22:56:38.038188Z  INFO herdr::logging: tab focused event="tab.focus" subsystem="tab" outcome="ok" workspace_id="w1" tab_id="w1:t2"
2026-07-27T22:56:38.038242Z  INFO herdr::logging: api request completed event="api.request.complete" subsystem="api" outcome="ok" request_id="cli:workspace:focus" method="workspace.focus"
2026-07-27T22:56:38.038884Z  INFO herdr::logging: pane child exited event="pane.exit" subsystem="pane" outcome="completed" pane_id=15 status="ExitStatus { code: 0, signal: None }"
2026-07-27T22:56:38.041530Z  INFO herdr::pane: pane session terminated pane=15 pid=71926 signal=Hangup
2026-07-27T22:56:42.685265Z  INFO herdr::logging: workspace focused event="workspace.focus" subsystem="workspace" outcome="ok" workspace_id="w3"
2026-07-27T22:56:42.686013Z  INFO herdr::logging: tab focused event="tab.focus" subsystem="tab" outcome="ok" workspace_id="w3" tab_id="w3:t1"
2026-07-27T22:56:43.706250Z  INFO herdr::logging: workspace focused event="workspace.focus" subsystem="workspace" outcome="ok" workspace_id="w2"
2026-07-27T22:56:43.707087Z  INFO herdr::logging: tab focused event="tab.focus" subsystem="tab" outcome="ok" workspace_id="w2" tab_id="w2:t1"
2026-07-27T22:56:44.126560Z  INFO herdr::logging: workspace focused event="workspace.focus" subsystem="workspace" outcome="ok" workspace_id="w1"
2026-07-27T22:56:44.126908Z  INFO herdr::logging: tab focused event="tab.focus" subsystem="tab" outcome="ok" workspace_id="w1" tab_id="w1:t2"
2026-07-27T22:56:49.133638Z  INFO herdr::logging: session saved event="persist.save" subsystem="persist" outcome="ok" path=/Users/vince/.config/herdr/session.json workspaces=3
2026-07-27T22:56:49.153955Z  INFO herdr::logging: tab focused event="tab.focus" subsystem="tab" outcome="ok" workspace_id="w1" tab_id="w1:t1"
2026-07-27T22:56:54.159156Z  INFO herdr::logging: session saved event="persist.save" subsystem="persist" outcome="ok" path=/Users/vince/.config/herdr/session.json workspaces=3
2026-07-27T22:57:02.679971Z  INFO herdr::logging: tab focused event="tab.focus" subsystem="tab" outcome="ok" workspace_id="w1" tab_id="w1:t2"
2026-07-27T22:57:07.687739Z  INFO herdr::logging: session saved event="persist.save" subsystem="persist" outcome="ok" path=/Users/vince/.config/herdr/session.json workspaces=3
2026-07-27T22:57:28.583907Z  INFO herdr::logging: tab focused event="tab.focus" subsystem="tab" outcome="ok" workspace_id="w1" tab_id="w1:t1"
2026-07-27T22:57:29.263669Z  INFO herdr::logging: tab focused event="tab.focus" subsystem="tab" outcome="ok" workspace_id="w1" tab_id="w1:t2"
2026-07-27T22:57:34.270439Z  INFO herdr::logging: session saved event="persist.save" subsystem="persist" outcome="ok" path=/Users/vince/.config/herdr/session.json workspaces=3
2026-07-27T22:57:55.610923Z  INFO herdr::logging: api request received event="api.request.start" subsystem="api" outcome="started" request_id="cli:server:reload-config" method="server.reload_config" changes_ui=true
2026-07-27T22:57:55.611421Z  INFO herdr::logging: api request completed event="api.request.complete" subsystem="api" outcome="ok" request_id="cli:server:reload-config" method="server.reload_config"
2026-07-27T22:58:05.536679Z  INFO herdr::logging: api request received event="api.request.start" subsystem="api" outcome="started" request_id="cli:tab:focus" method="tab.focus" changes_ui=true
2026-07-27T22:58:05.536825Z  INFO herdr::logging: tab focused event="tab.focus" subsystem="tab" outcome="ok" workspace_id="w1" tab_id="w1:t1"
2026-07-27T22:58:05.536859Z  INFO herdr::logging: api request completed event="api.request.complete" subsystem="api" outcome="ok" request_id="cli:tab:focus" method="tab.focus"
2026-07-27T22:58:10.543643Z  INFO herdr::logging: session saved event="persist.save" subsystem="persist" outcome="ok" path=/Users/vince/.config/herdr/session.json workspaces=3
2026-07-27T22:58:10.826165Z  INFO herdr::logging: tab focused event="tab.focus" subsystem="tab" outcome="ok" workspace_id="w1" tab_id="w1:t2"
2026-07-27T22:58:15.836700Z  INFO herdr::logging: session saved event="persist.save" subsystem="persist" outcome="ok" path=/Users/vince/.config/herdr/session.json workspaces=3
2026-07-27T22:58:15.993371Z  INFO herdr::logging: spawning pane terminal event="pane.spawn.start" subsystem="pane" outcome="started" pane_id=16 rows=38 cols=121 scrollback_limit_bytes=10000000
2026-07-27T22:58:16.000812Z  INFO herdr::logging: pane child spawned event="pane.spawned" subsystem="pane" outcome="ok" pane_id=16 pid=73545
2026-07-27T22:58:17.185669Z  INFO herdr::logging: api request received event="api.request.start" subsystem="api" outcome="started" request_id="cli:workspace:focus" method="workspace.focus" changes_ui=true
2026-07-27T22:58:17.185764Z  INFO herdr::logging: workspace focused event="workspace.focus" subsystem="workspace" outcome="ok" workspace_id="w3"
2026-07-27T22:58:17.185854Z  INFO herdr::logging: tab focused event="tab.focus" subsystem="tab" outcome="ok" workspace_id="w3" tab_id="w3:t1"
2026-07-27T22:58:17.185891Z  INFO herdr::logging: api request completed event="api.request.complete" subsystem="api" outcome="ok" request_id="cli:workspace:focus" method="workspace.focus"
2026-07-27T22:58:17.186552Z  INFO herdr::logging: pane child exited event="pane.exit" subsystem="pane" outcome="completed" pane_id=16 status="ExitStatus { code: 0, signal: None }"
2026-07-27T22:58:17.186834Z  INFO herdr::pane: pane session terminated pane=16 pid=73545 signal=Hangup
2026-07-27T22:58:18.766787Z  INFO herdr::logging: workspace focused event="workspace.focus" subsystem="workspace" outcome="ok" workspace_id="w1"
2026-07-27T22:58:18.767041Z  INFO herdr::logging: tab focused event="tab.focus" subsystem="tab" outcome="ok" workspace_id="w1" tab_id="w1:t2"
2026-07-27T22:58:23.775173Z  INFO herdr::logging: session saved event="persist.save" subsystem="persist" outcome="ok" path=/Users/vince/.config/herdr/session.json workspaces=3
2026-07-27T22:58:47.693552Z  INFO herdr::app::actions: copied selection to clipboard
2026-07-27T22:58:48.998472Z  INFO herdr::logging: api request received event="api.request.start" subsystem="api" outcome="started" request_id="cli:tab:focus" method="tab.focus" changes_ui=true
2026-07-27T22:58:48.998609Z  INFO herdr::logging: tab focused event="tab.focus" subsystem="tab" outcome="ok" workspace_id="w1" tab_id="w1:t1"
2026-07-27T22:58:48.998660Z  INFO herdr::logging: api request completed event="api.request.complete" subsystem="api" outcome="ok" request_id="cli:tab:focus" method="tab.focus"
2026-07-27T22:58:54.006288Z  INFO herdr::logging: session saved event="persist.save" subsystem="persist" outcome="ok" path=/Users/vince/.config/herdr/session.json workspaces=3
2026-07-27T22:59:02.560922Z  INFO herdr::logging: tab focused event="tab.focus" subsystem="tab" outcome="ok" workspace_id="w1" tab_id="w1:t2"
2026-07-27T22:59:07.570912Z  INFO herdr::logging: session saved event="persist.save" subsystem="persist" outcome="ok" path=/Users/vince/.config/herdr/session.json workspaces=3
2026-07-27T22:59:19.575232Z  INFO herdr::logging: api request received event="api.request.start" subsystem="api" outcome="started" request_id="cli:tab:focus" method="tab.focus" changes_ui=true
2026-07-27T22:59:19.575376Z  INFO herdr::logging: tab focused event="tab.focus" subsystem="tab" outcome="ok" workspace_id="w1" tab_id="w1:t1"
2026-07-27T22:59:19.575424Z  INFO herdr::logging: api request completed event="api.request.complete" subsystem="api" outcome="ok" request_id="cli:tab:focus" method="tab.focus"
2026-07-27T22:59:21.998199Z  INFO herdr::logging: api request received event="api.request.start" subsystem="api" outcome="started" request_id="cli:tab:focus" method="tab.focus" changes_ui=true
2026-07-27T22:59:21.998328Z  INFO herdr::logging: tab focused event="tab.focus" subsystem="tab" outcome="ok" workspace_id="w1" tab_id="w1:t2"
2026-07-27T22:59:21.998362Z  INFO herdr::logging: api request completed event="api.request.complete" subsystem="api" outcome="ok" request_id="cli:tab:focus" method="tab.focus"
2026-07-27T22:59:27.004678Z  INFO herdr::logging: session saved event="persist.save" subsystem="persist" outcome="ok" path=/Users/vince/.config/herdr/session.json workspaces=3
2026-07-27T23:00:15.966116Z  INFO herdr::logging: api request received event="api.request.start" subsystem="api" outcome="started" request_id="cli:server:reload-config" method="server.reload_config" changes_ui=true
2026-07-27T23:00:15.966665Z  INFO herdr::logging: api request completed event="api.request.complete" subsystem="api" outcome="ok" request_id="cli:server:reload-config" method="server.reload_config"
2026-07-27T23:00:24.298682Z  INFO herdr::logging: tab focused event="tab.focus" subsystem="tab" outcome="ok" workspace_id="w1" tab_id="w1:t1"
2026-07-27T23:00:29.308686Z  INFO herdr::logging: session saved event="persist.save" subsystem="persist" outcome="ok" path=/Users/vince/.config/herdr/session.json workspaces=3
2026-07-27T23:00:37.003085Z  INFO herdr::logging: tab focused event="tab.focus" subsystem="tab" outcome="ok" workspace_id="w1" tab_id="w1:t2"
2026-07-27T23:00:42.010780Z  INFO herdr::logging: session saved event="persist.save" subsystem="persist" outcome="ok" path=/Users/vince/.config/herdr/session.json workspaces=3
2026-07-27T23:01:01.751115Z  INFO herdr::logging: tab focused event="tab.focus" subsystem="tab" outcome="ok" workspace_id="w1" tab_id="w1:t1"
2026-07-27T23:01:02.233396Z  INFO herdr::logging: tab focused event="tab.focus" subsystem="tab" outcome="ok" workspace_id="w1" tab_id="w1:t1"
2026-07-27T23:01:07.243041Z  INFO herdr::logging: session saved event="persist.save" subsystem="persist" outcome="ok" path=/Users/vince/.config/herdr/session.json workspaces=3
2026-07-27T23:03:44.627743Z  INFO herdr::server::headless: client disconnected client_id=2
2026-07-27T23:03:46.655006Z  INFO herdr::server::headless: client connected client_id=4 cols=181 rows=51 cell_width_px=0 cell_height_px=0 render_encoding=SemanticFrame
2026-07-27T23:03:59.101980Z  INFO herdr::logging: tab focused event="tab.focus" subsystem="tab" outcome="ok" workspace_id="w1" tab_id="w1:t2"
2026-07-27T23:04:03.542027Z  INFO herdr::app::actions: copied selection to clipboard
2026-07-27T23:04:04.113660Z  INFO herdr::logging: session saved event="persist.save" subsystem="persist" outcome="ok" path=/Users/vince/.config/herdr/session.json workspaces=3
2026-07-27T23:04:05.188276Z  INFO herdr::logging: tab focused event="tab.focus" subsystem="tab" outcome="ok" workspace_id="w1" tab_id="w1:t1"
2026-07-27T23:04:10.197118Z  INFO herdr::logging: session saved event="persist.save" subsystem="persist" outcome="ok" path=/Users/vince/.config/herdr/session.json workspaces=3
2026-07-27T23:04:10.403574Z  INFO herdr::logging: api request received event="api.request.start" subsystem="api" outcome="started" request_id="cli:server:reload-config" method="server.reload_config" changes_ui=true
2026-07-27T23:04:10.404521Z  INFO herdr::logging: api request completed event="api.request.complete" subsystem="api" outcome="ok" request_id="cli:server:reload-config" method="server.reload_config"
2026-07-27T23:04:16.956140Z  INFO herdr::logging: api request received event="api.request.start" subsystem="api" outcome="started" request_id="cli:tab:focus" method="tab.focus" changes_ui=true
2026-07-27T23:04:16.956250Z  INFO herdr::logging: tab focused event="tab.focus" subsystem="tab" outcome="ok" workspace_id="w1" tab_id="w1:t2"
2026-07-27T23:04:16.956305Z  INFO herdr::logging: api request completed event="api.request.complete" subsystem="api" outcome="ok" request_id="cli:tab:focus" method="tab.focus"
2026-07-27T23:04:17.342083Z  INFO herdr::logging: api request received event="api.request.start" subsystem="api" outcome="started" request_id="cli:tab:focus" method="tab.focus" changes_ui=true
2026-07-27T23:04:17.342190Z  INFO herdr::logging: tab focused event="tab.focus" subsystem="tab" outcome="ok" workspace_id="w1" tab_id="w1:t1"
2026-07-27T23:04:17.342238Z  INFO herdr::logging: api request completed event="api.request.complete" subsystem="api" outcome="ok" request_id="cli:tab:focus" method="tab.focus"
2026-07-27T23:04:18.968977Z  INFO herdr::logging: tab focused event="tab.focus" subsystem="tab" outcome="ok" workspace_id="w1" tab_id="w1:t2"
2026-07-27T23:04:21.271928Z  INFO herdr::logging: api request received event="api.request.start" subsystem="api" outcome="started" request_id="cli:tab:focus" method="tab.focus" changes_ui=true
2026-07-27T23:04:21.272008Z  INFO herdr::logging: tab focused event="tab.focus" subsystem="tab" outcome="ok" workspace_id="w1" tab_id="w1:t1"
2026-07-27T23:04:21.272045Z  INFO herdr::logging: api request completed event="api.request.complete" subsystem="api" outcome="ok" request_id="cli:tab:focus" method="tab.focus"
2026-07-27T23:04:26.275373Z  INFO herdr::logging: session saved event="persist.save" subsystem="persist" outcome="ok" path=/Users/vince/.config/herdr/session.json workspaces=3
2026-07-27T23:04:29.099297Z  INFO herdr::logging: workspace closed event="workspace.close" subsystem="workspace" outcome="ok" workspace_id="w1"
2026-07-27T23:04:29.101850Z  INFO herdr::logging: pane child exited event="pane.exit" subsystem="pane" outcome="completed" pane_id=1 status="ExitStatus { code: 1, signal: None }"
2026-07-27T23:04:29.124190Z  INFO herdr::pane: pane session terminated pane=1 pid=57439 signal=Hangup
2026-07-27T23:04:29.133670Z  INFO herdr::logging: pane child exited event="pane.exit" subsystem="pane" outcome="completed" pane_id=2 status="ExitStatus { code: 1, signal: None }"
2026-07-27T23:04:29.147979Z  INFO herdr::pane: pane session terminated pane=2 pid=57763 signal=Hangup
2026-07-27T23:04:29.148392Z  WARN herdr::app::actions: PaneDied for unknown pane pane=1
2026-07-27T23:04:29.148456Z  WARN herdr::app::actions: PaneDied for unknown pane pane=2
2026-07-27T23:04:30.209342Z  INFO herdr::logging: workspace focused event="workspace.focus" subsystem="workspace" outcome="ok" workspace_id="w2"
2026-07-27T23:04:30.209593Z  INFO herdr::logging: tab focused event="tab.focus" subsystem="tab" outcome="ok" workspace_id="w2" tab_id="w2:t1"
2026-07-27T23:04:30.540186Z  INFO herdr::logging: workspace focused event="workspace.focus" subsystem="workspace" outcome="ok" workspace_id="w3"
2026-07-27T23:04:30.540440Z  INFO herdr::logging: tab focused event="tab.focus" subsystem="tab" outcome="ok" workspace_id="w3" tab_id="w3:t1"
2026-07-27T23:04:31.140318Z  INFO herdr::logging: workspace focused event="workspace.focus" subsystem="workspace" outcome="ok" workspace_id="w2"
2026-07-27T23:04:31.140731Z  INFO herdr::logging: tab focused event="tab.focus" subsystem="tab" outcome="ok" workspace_id="w2" tab_id="w2:t1"
2026-07-27T23:04:31.665936Z  INFO herdr::logging: workspace focused event="workspace.focus" subsystem="workspace" outcome="ok" workspace_id="w3"
2026-07-27T23:04:31.666188Z  INFO herdr::logging: tab focused event="tab.focus" subsystem="tab" outcome="ok" workspace_id="w3" tab_id="w3:t1"
2026-07-27T23:04:33.886354Z  INFO herdr::logging: spawning pane terminal event="pane.spawn.start" subsystem="pane" outcome="started" pane_id=17 rows=50 cols=155 scrollback_limit_bytes=10000000
2026-07-27T23:04:33.898283Z  INFO herdr::logging: pane child spawned event="pane.spawned" subsystem="pane" outcome="ok" pane_id=17 pid=80189
2026-07-27T23:04:33.898648Z  INFO herdr::logging: tab focused event="tab.focus" subsystem="tab" outcome="ok" workspace_id="w3" tab_id="w3:t2"
2026-07-27T23:04:35.292053Z  INFO herdr::logging: spawning pane terminal event="pane.spawn.start" subsystem="pane" outcome="started" pane_id=18 rows=50 cols=155 scrollback_limit_bytes=10000000
2026-07-27T23:04:35.307602Z  INFO herdr::logging: pane child spawned event="pane.spawned" subsystem="pane" outcome="ok" pane_id=18 pid=80270
2026-07-27T23:04:35.308176Z  INFO herdr::logging: tab focused event="tab.focus" subsystem="tab" outcome="ok" workspace_id="w3" tab_id="w3:t3"
2026-07-27T23:04:35.958494Z  INFO herdr::logging: api request received event="api.request.start" subsystem="api" outcome="started" request_id="cli:tab:focus" method="tab.focus" changes_ui=true
2026-07-27T23:04:35.958593Z  INFO herdr::logging: tab focused event="tab.focus" subsystem="tab" outcome="ok" workspace_id="w3" tab_id="w3:t1"
2026-07-27T23:04:35.958640Z  INFO herdr::logging: api request completed event="api.request.complete" subsystem="api" outcome="ok" request_id="cli:tab:focus" method="tab.focus"
2026-07-27T23:04:36.352200Z  INFO herdr::logging: api request received event="api.request.start" subsystem="api" outcome="started" request_id="cli:tab:focus" method="tab.focus" changes_ui=true
2026-07-27T23:04:36.352290Z  INFO herdr::logging: tab focused event="tab.focus" subsystem="tab" outcome="ok" workspace_id="w3" tab_id="w3:t2"
2026-07-27T23:04:36.352328Z  INFO herdr::logging: api request completed event="api.request.complete" subsystem="api" outcome="ok" request_id="cli:tab:focus" method="tab.focus"
2026-07-27T23:04:36.660130Z  INFO herdr::logging: api request received event="api.request.start" subsystem="api" outcome="started" request_id="cli:tab:focus" method="tab.focus" changes_ui=true
2026-07-27T23:04:36.660219Z  INFO herdr::logging: tab focused event="tab.focus" subsystem="tab" outcome="ok" workspace_id="w3" tab_id="w3:t3"
2026-07-27T23:04:36.660262Z  INFO herdr::logging: api request completed event="api.request.complete" subsystem="api" outcome="ok" request_id="cli:tab:focus" method="tab.focus"
2026-07-27T23:04:38.271259Z  INFO herdr::logging: spawning pane terminal event="pane.spawn.start" subsystem="pane" outcome="started" pane_id=19 rows=50 cols=155 scrollback_limit_bytes=10000000
2026-07-27T23:04:38.285017Z  INFO herdr::logging: pane child spawned event="pane.spawned" subsystem="pane" outcome="ok" pane_id=19 pid=80388
2026-07-27T23:04:38.285650Z  INFO herdr::logging: tab focused event="tab.focus" subsystem="tab" outcome="ok" workspace_id="w3" tab_id="w3:t3"
2026-07-27T23:04:41.284113Z  INFO herdr::logging: pane child exited event="pane.exit" subsystem="pane" outcome="completed" pane_id=19 status="ExitStatus { code: 1, signal: None }"
2026-07-27T23:04:41.300337Z  INFO herdr::pane: pane session terminated pane=19 pid=80388 signal=Hangup
2026-07-27T23:04:41.302770Z  INFO herdr::logging: pane child exited event="pane.exit" subsystem="pane" outcome="completed" pane_id=18 status="ExitStatus { code: 1, signal: None }"
2026-07-27T23:04:41.322184Z  INFO herdr::pane: pane session terminated pane=18 pid=80270 signal=Hangup
2026-07-27T23:04:41.322708Z  WARN herdr::app::actions: PaneDied for unknown pane pane=19
2026-07-27T23:04:41.322729Z  WARN herdr::app::actions: PaneDied for unknown pane pane=18
2026-07-27T23:04:42.502728Z  INFO herdr::logging: spawning pane terminal event="pane.spawn.start" subsystem="pane" outcome="started" pane_id=20 rows=50 cols=155 scrollback_limit_bytes=10000000
2026-07-27T23:04:42.517363Z  INFO herdr::logging: pane child spawned event="pane.spawned" subsystem="pane" outcome="ok" pane_id=20 pid=80490
2026-07-27T23:04:42.518677Z  INFO herdr::logging: tab focused event="tab.focus" subsystem="tab" outcome="ok" workspace_id="w3" tab_id="w3:t4"
2026-07-27T23:04:43.391086Z  INFO herdr::logging: spawning pane terminal event="pane.spawn.start" subsystem="pane" outcome="started" pane_id=21 rows=50 cols=155 scrollback_limit_bytes=10000000
2026-07-27T23:04:43.397898Z  INFO herdr::logging: pane child spawned event="pane.spawned" subsystem="pane" outcome="ok" pane_id=21 pid=80572
2026-07-27T23:04:43.398183Z  INFO herdr::logging: tab focused event="tab.focus" subsystem="tab" outcome="ok" workspace_id="w3" tab_id="w3:t5"
2026-07-27T23:04:45.584220Z  INFO herdr::logging: pane child exited event="pane.exit" subsystem="pane" outcome="completed" pane_id=21 status="ExitStatus { code: 1, signal: None }"
2026-07-27T23:04:45.605894Z  INFO herdr::pane: pane session terminated pane=21 pid=80572 signal=Hangup
2026-07-27T23:04:45.607258Z  WARN herdr::app::actions: PaneDied for unknown pane pane=21
2026-07-27T23:04:46.253869Z  INFO herdr::logging: spawning pane terminal event="pane.spawn.start" subsystem="pane" outcome="started" pane_id=22 rows=50 cols=155 scrollback_limit_bytes=10000000
2026-07-27T23:04:46.264593Z  INFO herdr::logging: pane child spawned event="pane.spawned" subsystem="pane" outcome="ok" pane_id=22 pid=80672
2026-07-27T23:04:46.265146Z  INFO herdr::logging: tab focused event="tab.focus" subsystem="tab" outcome="ok" workspace_id="w3" tab_id="w3:t4"
2026-07-27T23:04:48.474539Z  INFO herdr::logging: api request received event="api.request.start" subsystem="api" outcome="started" request_id="cli:tab:focus" method="tab.focus" changes_ui=true
2026-07-27T23:04:48.474636Z  INFO herdr::logging: tab focused event="tab.focus" subsystem="tab" outcome="ok" workspace_id="w3" tab_id="w3:t1"
2026-07-27T23:04:48.474676Z  INFO herdr::logging: api request completed event="api.request.complete" subsystem="api" outcome="ok" request_id="cli:tab:focus" method="tab.focus"
2026-07-27T23:04:49.805059Z  INFO herdr::logging: api request received event="api.request.start" subsystem="api" outcome="started" request_id="cli:tab:focus" method="tab.focus" changes_ui=true
2026-07-27T23:04:49.805216Z  INFO herdr::logging: tab focused event="tab.focus" subsystem="tab" outcome="ok" workspace_id="w3" tab_id="w3:t2"
2026-07-27T23:04:49.805273Z  INFO herdr::logging: api request completed event="api.request.complete" subsystem="api" outcome="ok" request_id="cli:tab:focus" method="tab.focus"
2026-07-27T23:04:50.096474Z  INFO herdr::logging: api request received event="api.request.start" subsystem="api" outcome="started" request_id="cli:tab:focus" method="tab.focus" changes_ui=true
2026-07-27T23:04:50.096560Z  INFO herdr::logging: tab focused event="tab.focus" subsystem="tab" outcome="ok" workspace_id="w3" tab_id="w3:t4"
2026-07-27T23:04:50.096608Z  INFO herdr::logging: api request completed event="api.request.complete" subsystem="api" outcome="ok" request_id="cli:tab:focus" method="tab.focus"
2026-07-27T23:04:52.945556Z  INFO herdr::logging: spawning pane terminal event="pane.spawn.start" subsystem="pane" outcome="started" pane_id=23 rows=25 cols=155 scrollback_limit_bytes=10000000
2026-07-27T23:04:52.961036Z  INFO herdr::logging: pane child spawned event="pane.spawned" subsystem="pane" outcome="ok" pane_id=23 pid=80812
2026-07-27T23:04:52.961863Z  INFO herdr::logging: workspace created event="workspace.create" subsystem="workspace" outcome="ok" workspace_id="w6" pane_id=23
2026-07-27T23:04:52.961887Z  INFO herdr::logging: workspace focused event="workspace.focus" subsystem="workspace" outcome="ok" workspace_id="w6"
2026-07-27T23:04:52.961988Z  INFO herdr::logging: tab focused event="tab.focus" subsystem="tab" outcome="ok" workspace_id="w6" tab_id="w6:t1"
2026-07-27T23:04:54.872129Z  INFO herdr::logging: spawning pane terminal event="pane.spawn.start" subsystem="pane" outcome="started" pane_id=24 rows=50 cols=155 scrollback_limit_bytes=10000000
2026-07-27T23:04:54.883321Z  INFO herdr::logging: pane child spawned event="pane.spawned" subsystem="pane" outcome="ok" pane_id=24 pid=80895
2026-07-27T23:04:54.883928Z  INFO herdr::logging: workspace created event="workspace.create" subsystem="workspace" outcome="ok" workspace_id="w7" pane_id=24
2026-07-27T23:04:54.883947Z  INFO herdr::logging: workspace focused event="workspace.focus" subsystem="workspace" outcome="ok" workspace_id="w7"
2026-07-27T23:04:54.884073Z  INFO herdr::logging: tab focused event="tab.focus" subsystem="tab" outcome="ok" workspace_id="w7" tab_id="w7:t1"
2026-07-27T23:04:58.532108Z  INFO herdr::logging: workspace closed event="workspace.close" subsystem="workspace" outcome="ok" workspace_id="w7"
2026-07-27T23:04:58.539235Z  INFO herdr::logging: pane child exited event="pane.exit" subsystem="pane" outcome="completed" pane_id=24 status="ExitStatus { code: 1, signal: None }"
2026-07-27T23:04:58.554956Z  INFO herdr::pane: pane session terminated pane=24 pid=80895 signal=Hangup
2026-07-27T23:04:58.556139Z  WARN herdr::app::actions: PaneDied for unknown pane pane=24
2026-07-27T23:04:59.954919Z  INFO herdr::logging: workspace focused event="workspace.focus" subsystem="workspace" outcome="ok" workspace_id="w6"
2026-07-27T23:04:59.955503Z  INFO herdr::logging: tab focused event="tab.focus" subsystem="tab" outcome="ok" workspace_id="w6" tab_id="w6:t1"
2026-07-27T23:05:02.339986Z  INFO herdr::logging: workspace closed event="workspace.close" subsystem="workspace" outcome="ok" workspace_id="w6"
2026-07-27T23:05:02.343585Z  INFO herdr::logging: pane child exited event="pane.exit" subsystem="pane" outcome="completed" pane_id=23 status="ExitStatus { code: 1, signal: None }"
2026-07-27T23:05:02.362254Z  INFO herdr::pane: pane session terminated pane=23 pid=80812 signal=Hangup
2026-07-27T23:05:02.363089Z  WARN herdr::app::actions: PaneDied for unknown pane pane=23
2026-07-27T23:05:04.666615Z  INFO herdr::logging: pane child exited event="pane.exit" subsystem="pane" outcome="completed" pane_id=20 status="ExitStatus { code: 1, signal: None }"
2026-07-27T23:05:04.685442Z  INFO herdr::pane: pane session terminated pane=20 pid=80490 signal=Hangup
2026-07-27T23:05:04.690107Z  INFO herdr::logging: pane child exited event="pane.exit" subsystem="pane" outcome="completed" pane_id=22 status="ExitStatus { code: 1, signal: None }"
2026-07-27T23:05:04.710976Z  INFO herdr::pane: pane session terminated pane=22 pid=80672 signal=Hangup
2026-07-27T23:05:04.711966Z  WARN herdr::app::actions: PaneDied for unknown pane pane=20
2026-07-27T23:05:04.712016Z  WARN herdr::app::actions: PaneDied for unknown pane pane=22
2026-07-27T23:05:06.604109Z  INFO herdr::logging: spawning pane terminal event="pane.spawn.start" subsystem="pane" outcome="started" pane_id=25 rows=50 cols=155 scrollback_limit_bytes=10000000
2026-07-27T23:05:06.610581Z  INFO herdr::logging: pane child spawned event="pane.spawned" subsystem="pane" outcome="ok" pane_id=25 pid=81073
2026-07-27T23:05:06.610865Z  INFO herdr::logging: tab focused event="tab.focus" subsystem="tab" outcome="ok" workspace_id="w3" tab_id="w3:t6"
2026-07-27T23:05:08.460631Z  INFO herdr::logging: spawning pane terminal event="pane.spawn.start" subsystem="pane" outcome="started" pane_id=26 rows=50 cols=155 scrollback_limit_bytes=10000000
2026-07-27T23:05:08.470997Z  INFO herdr::logging: pane child spawned event="pane.spawned" subsystem="pane" outcome="ok" pane_id=26 pid=81161
2026-07-27T23:05:08.471794Z  INFO herdr::logging: tab focused event="tab.focus" subsystem="tab" outcome="ok" workspace_id="w3" tab_id="w3:t7"
2026-07-27T23:05:12.565351Z  INFO herdr::pane: agent changed pane=26 previous_agent=None agent=Some(Codex) process=codex pgid=Some(81270)
2026-07-27T23:05:13.481981Z  INFO herdr::logging: session saved event="persist.save" subsystem="persist" outcome="ok" path=/Users/vince/.config/herdr/session.json workspaces=2
2026-07-27T23:05:13.655622Z  INFO herdr::logging: api request received event="api.request.start" subsystem="api" outcome="started" request_id="cli:tab:focus" method="tab.focus" changes_ui=true
2026-07-27T23:05:13.655746Z  INFO herdr::logging: tab focused event="tab.focus" subsystem="tab" outcome="ok" workspace_id="w3" tab_id="w3:t2"
2026-07-27T23:05:13.655807Z  INFO herdr::logging: api request completed event="api.request.complete" subsystem="api" outcome="ok" request_id="cli:tab:focus" method="tab.focus"
2026-07-27T23:05:13.944949Z  INFO herdr::logging: api request received event="api.request.start" subsystem="api" outcome="started" request_id="cli:tab:focus" method="tab.focus" changes_ui=true
2026-07-27T23:05:13.945041Z  INFO herdr::logging: tab focused event="tab.focus" subsystem="tab" outcome="ok" workspace_id="w3" tab_id="w3:t6"
2026-07-27T23:05:13.945081Z  INFO herdr::logging: api request completed event="api.request.complete" subsystem="api" outcome="ok" request_id="cli:tab:focus" method="tab.focus"
2026-07-27T23:05:18.512608Z  INFO herdr::logging: api request received event="api.request.start" subsystem="api" outcome="started" request_id="cli:tab:focus" method="tab.focus" changes_ui=true
2026-07-27T23:05:18.512682Z  INFO herdr::logging: tab focused event="tab.focus" subsystem="tab" outcome="ok" workspace_id="w3" tab_id="w3:t2"
2026-07-27T23:05:18.512709Z  INFO herdr::logging: api request completed event="api.request.complete" subsystem="api" outcome="ok" request_id="cli:tab:focus" method="tab.focus"
2026-07-27T23:05:19.530907Z  INFO herdr::logging: api request received event="api.request.start" subsystem="api" outcome="started" request_id="cli:tab:focus" method="tab.focus" changes_ui=true
2026-07-27T23:05:19.530973Z  INFO herdr::logging: tab focused event="tab.focus" subsystem="tab" outcome="ok" workspace_id="w3" tab_id="w3:t1"
2026-07-27T23:05:19.531001Z  INFO herdr::logging: api request completed event="api.request.complete" subsystem="api" outcome="ok" request_id="cli:tab:focus" method="tab.focus"
2026-07-27T23:05:19.932419Z  INFO herdr::logging: api request received event="api.request.start" subsystem="api" outcome="started" request_id="cli:tab:focus" method="tab.focus" changes_ui=true
2026-07-27T23:05:19.932493Z  INFO herdr::logging: tab focused event="tab.focus" subsystem="tab" outcome="ok" workspace_id="w3" tab_id="w3:t2"
2026-07-27T23:05:19.932518Z  INFO herdr::logging: api request completed event="api.request.complete" subsystem="api" outcome="ok" request_id="cli:tab:focus" method="tab.focus"
2026-07-27T23:05:20.188797Z  INFO herdr::logging: api request received event="api.request.start" subsystem="api" outcome="started" request_id="cli:tab:focus" method="tab.focus" changes_ui=true
2026-07-27T23:05:20.188865Z  INFO herdr::logging: tab focused event="tab.focus" subsystem="tab" outcome="ok" workspace_id="w3" tab_id="w3:t1"
2026-07-27T23:05:20.188889Z  INFO herdr::logging: api request completed event="api.request.complete" subsystem="api" outcome="ok" request_id="cli:tab:focus" method="tab.focus"
2026-07-27T23:05:25.195895Z  INFO herdr::logging: session saved event="persist.save" subsystem="persist" outcome="ok" path=/Users/vince/.config/herdr/session.json workspaces=2
2026-07-27T23:05:34.548145Z  INFO herdr::logging: spawning pane terminal event="pane.spawn.start" subsystem="pane" outcome="started" pane_id=27 rows=38 cols=121 scrollback_limit_bytes=10000000
2026-07-27T23:05:34.567583Z  INFO herdr::logging: pane child spawned event="pane.spawned" subsystem="pane" outcome="ok" pane_id=27 pid=82277
2026-07-27T23:05:36.424350Z  INFO herdr::logging: api request received event="api.request.start" subsystem="api" outcome="started" request_id="cli:workspace:focus" method="workspace.focus" changes_ui=true
2026-07-27T23:05:36.424546Z  INFO herdr::logging: workspace focused event="workspace.focus" subsystem="workspace" outcome="ok" workspace_id="w2"
2026-07-27T23:05:36.424588Z  INFO herdr::logging: tab focused event="tab.focus" subsystem="tab" outcome="ok" workspace_id="w2" tab_id="w2:t1"
2026-07-27T23:05:36.424642Z  INFO herdr::logging: api request completed event="api.request.complete" subsystem="api" outcome="ok" request_id="cli:workspace:focus" method="workspace.focus"
2026-07-27T23:05:36.425675Z  INFO herdr::logging: pane child exited event="pane.exit" subsystem="pane" outcome="completed" pane_id=27 status="ExitStatus { code: 0, signal: None }"
2026-07-27T23:05:36.428083Z  INFO herdr::pane: pane session terminated pane=27 pid=82277 signal=Hangup
2026-07-27T23:05:41.424612Z  INFO herdr::logging: session saved event="persist.save" subsystem="persist" outcome="ok" path=/Users/vince/.config/herdr/session.json workspaces=2
2026-07-27T23:05:42.031893Z  INFO herdr::logging: spawning pane terminal event="pane.spawn.start" subsystem="pane" outcome="started" pane_id=28 rows=50 cols=155 scrollback_limit_bytes=10000000
2026-07-27T23:05:42.043477Z  INFO herdr::logging: pane child spawned event="pane.spawned" subsystem="pane" outcome="ok" pane_id=28 pid=82615
2026-07-27T23:05:42.044065Z  INFO herdr::logging: tab focused event="tab.focus" subsystem="tab" outcome="ok" workspace_id="w2" tab_id="w2:t2"
2026-07-27T23:05:42.501753Z  INFO herdr::logging: spawning pane terminal event="pane.spawn.start" subsystem="pane" outcome="started" pane_id=29 rows=50 cols=155 scrollback_limit_bytes=10000000
2026-07-27T23:05:42.509096Z  INFO herdr::logging: pane child spawned event="pane.spawned" subsystem="pane" outcome="ok" pane_id=29 pid=82689
2026-07-27T23:05:42.509538Z  INFO herdr::logging: tab focused event="tab.focus" subsystem="tab" outcome="ok" workspace_id="w2" tab_id="w2:t3"
2026-07-27T23:05:44.070550Z  INFO herdr::pane: agent changed pane=29 previous_agent=None agent=Some(Codex) process=codex pgid=Some(82775)
2026-07-27T23:05:47.512033Z  INFO herdr::logging: session saved event="persist.save" subsystem="persist" outcome="ok" path=/Users/vince/.config/herdr/session.json workspaces=2
2026-07-27T23:05:50.642313Z  INFO herdr::logging: workspace focused event="workspace.focus" subsystem="workspace" outcome="ok" workspace_id="w3"
2026-07-27T23:05:50.642517Z  INFO herdr::logging: tab focused event="tab.focus" subsystem="tab" outcome="ok" workspace_id="w3" tab_id="w3:t7"
2026-07-27T23:05:51.058610Z  INFO herdr::logging: workspace focused event="workspace.focus" subsystem="workspace" outcome="ok" workspace_id="w2"
2026-07-27T23:05:51.058833Z  INFO herdr::logging: tab focused event="tab.focus" subsystem="tab" outcome="ok" workspace_id="w2" tab_id="w2:t3"
2026-07-27T23:05:51.399055Z  INFO herdr::logging: workspace focused event="workspace.focus" subsystem="workspace" outcome="ok" workspace_id="w3"
2026-07-27T23:05:51.399232Z  INFO herdr::logging: tab focused event="tab.focus" subsystem="tab" outcome="ok" workspace_id="w3" tab_id="w3:t7"
2026-07-27T23:05:51.711300Z  INFO herdr::logging: workspace focused event="workspace.focus" subsystem="workspace" outcome="ok" workspace_id="w2"
2026-07-27T23:05:51.711618Z  INFO herdr::logging: tab focused event="tab.focus" subsystem="tab" outcome="ok" workspace_id="w2" tab_id="w2:t3"
2026-07-27T23:05:51.999571Z  INFO herdr::logging: workspace focused event="workspace.focus" subsystem="workspace" outcome="ok" workspace_id="w3"
2026-07-27T23:05:51.999842Z  INFO herdr::logging: tab focused event="tab.focus" subsystem="tab" outcome="ok" workspace_id="w3" tab_id="w3:t7"
2026-07-27T23:05:52.290050Z  INFO herdr::logging: workspace focused event="workspace.focus" subsystem="workspace" outcome="ok" workspace_id="w2"
2026-07-27T23:05:52.290309Z  INFO herdr::logging: tab focused event="tab.focus" subsystem="tab" outcome="ok" workspace_id="w2" tab_id="w2:t3"
2026-07-27T23:05:52.498876Z  INFO herdr::logging: workspace focused event="workspace.focus" subsystem="workspace" outcome="ok" workspace_id="w3"
2026-07-27T23:05:52.499127Z  INFO herdr::logging: tab focused event="tab.focus" subsystem="tab" outcome="ok" workspace_id="w3" tab_id="w3:t7"
2026-07-27T23:05:52.659884Z  INFO herdr::logging: workspace focused event="workspace.focus" subsystem="workspace" outcome="ok" workspace_id="w2"
2026-07-27T23:05:52.660241Z  INFO herdr::logging: tab focused event="tab.focus" subsystem="tab" outcome="ok" workspace_id="w2" tab_id="w2:t3"
2026-07-27T23:05:52.843917Z  INFO herdr::logging: workspace focused event="workspace.focus" subsystem="workspace" outcome="ok" workspace_id="w3"
2026-07-27T23:05:52.844163Z  INFO herdr::logging: tab focused event="tab.focus" subsystem="tab" outcome="ok" workspace_id="w3" tab_id="w3:t7"
2026-07-27T23:05:52.978776Z  INFO herdr::logging: workspace focused event="workspace.focus" subsystem="workspace" outcome="ok" workspace_id="w2"
2026-07-27T23:05:52.978883Z  INFO herdr::logging: tab focused event="tab.focus" subsystem="tab" outcome="ok" workspace_id="w2" tab_id="w2:t3"
2026-07-27T23:05:53.333102Z  INFO herdr::logging: workspace focused event="workspace.focus" subsystem="workspace" outcome="ok" workspace_id="w3"
2026-07-27T23:05:53.333534Z  INFO herdr::logging: tab focused event="tab.focus" subsystem="tab" outcome="ok" workspace_id="w3" tab_id="w3:t7"
2026-07-27T23:05:53.708385Z  INFO herdr::logging: workspace focused event="workspace.focus" subsystem="workspace" outcome="ok" workspace_id="w2"
2026-07-27T23:05:53.708663Z  INFO herdr::logging: tab focused event="tab.focus" subsystem="tab" outcome="ok" workspace_id="w2" tab_id="w2:t3"
2026-07-27T23:05:54.161296Z  INFO herdr::logging: workspace focused event="workspace.focus" subsystem="workspace" outcome="ok" workspace_id="w3"
2026-07-27T23:05:54.161423Z  INFO herdr::logging: tab focused event="tab.focus" subsystem="tab" outcome="ok" workspace_id="w3" tab_id="w3:t7"
2026-07-27T23:05:54.624145Z  INFO herdr::logging: workspace focused event="workspace.focus" subsystem="workspace" outcome="ok" workspace_id="w2"
2026-07-27T23:05:54.624737Z  INFO herdr::logging: tab focused event="tab.focus" subsystem="tab" outcome="ok" workspace_id="w2" tab_id="w2:t3"
2026-07-27T23:05:55.104455Z  INFO herdr::logging: workspace focused event="workspace.focus" subsystem="workspace" outcome="ok" workspace_id="w3"
2026-07-27T23:05:55.104694Z  INFO herdr::logging: tab focused event="tab.focus" subsystem="tab" outcome="ok" workspace_id="w3" tab_id="w3:t7"
2026-07-27T23:05:55.639270Z  INFO herdr::logging: workspace focused event="workspace.focus" subsystem="workspace" outcome="ok" workspace_id="w2"
2026-07-27T23:05:55.639367Z  INFO herdr::logging: tab focused event="tab.focus" subsystem="tab" outcome="ok" workspace_id="w2" tab_id="w2:t3"
2026-07-27T23:05:56.179204Z  INFO herdr::logging: workspace focused event="workspace.focus" subsystem="workspace" outcome="ok" workspace_id="w3"
2026-07-27T23:05:56.179470Z  INFO herdr::logging: tab focused event="tab.focus" subsystem="tab" outcome="ok" workspace_id="w3" tab_id="w3:t7"
2026-07-27T23:05:56.901272Z  INFO herdr::logging: workspace focused event="workspace.focus" subsystem="workspace" outcome="ok" workspace_id="w2"
2026-07-27T23:05:56.901531Z  INFO herdr::logging: tab focused event="tab.focus" subsystem="tab" outcome="ok" workspace_id="w2" tab_id="w2:t3"
2026-07-27T23:05:58.018410Z  INFO herdr::logging: workspace focused event="workspace.focus" subsystem="workspace" outcome="ok" workspace_id="w3"
2026-07-27T23:05:58.018613Z  INFO herdr::logging: tab focused event="tab.focus" subsystem="tab" outcome="ok" workspace_id="w3" tab_id="w3:t7"
2026-07-27T23:05:58.313200Z  INFO herdr::logging: workspace focused event="workspace.focus" subsystem="workspace" outcome="ok" workspace_id="w2"
2026-07-27T23:05:58.313413Z  INFO herdr::logging: tab focused event="tab.focus" subsystem="tab" outcome="ok" workspace_id="w2" tab_id="w2:t3"
2026-07-27T23:05:58.822563Z  INFO herdr::logging: workspace focused event="workspace.focus" subsystem="workspace" outcome="ok" workspace_id="w3"
2026-07-27T23:05:58.822788Z  INFO herdr::logging: tab focused event="tab.focus" subsystem="tab" outcome="ok" workspace_id="w3" tab_id="w3:t7"
2026-07-27T23:05:59.595370Z  INFO herdr::logging: api request received event="api.request.start" subsystem="api" outcome="started" request_id="cli:tab:focus" method="tab.focus" changes_ui=true
2026-07-27T23:05:59.595458Z  INFO herdr::logging: tab focused event="tab.focus" subsystem="tab" outcome="ok" workspace_id="w3" tab_id="w3:t1"
2026-07-27T23:05:59.595496Z  INFO herdr::logging: api request completed event="api.request.complete" subsystem="api" outcome="ok" request_id="cli:tab:focus" method="tab.focus"
2026-07-27T23:06:00.032526Z  INFO herdr::logging: api request received event="api.request.start" subsystem="api" outcome="started" request_id="cli:tab:focus" method="tab.focus" changes_ui=true
2026-07-27T23:06:00.032667Z  INFO herdr::logging: tab focused event="tab.focus" subsystem="tab" outcome="ok" workspace_id="w3" tab_id="w3:t2"
2026-07-27T23:06:00.032715Z  INFO herdr::logging: api request completed event="api.request.complete" subsystem="api" outcome="ok" request_id="cli:tab:focus" method="tab.focus"
2026-07-27T23:06:00.263284Z  INFO herdr::logging: api request received event="api.request.start" subsystem="api" outcome="started" request_id="cli:tab:focus" method="tab.focus" changes_ui=true
2026-07-27T23:06:00.263385Z  INFO herdr::logging: tab focused event="tab.focus" subsystem="tab" outcome="ok" workspace_id="w3" tab_id="w3:t1"
2026-07-27T23:06:00.263437Z  INFO herdr::logging: api request completed event="api.request.complete" subsystem="api" outcome="ok" request_id="cli:tab:focus" method="tab.focus"
2026-07-27T23:06:00.577344Z  INFO herdr::logging: api request received event="api.request.start" subsystem="api" outcome="started" request_id="cli:tab:focus" method="tab.focus" changes_ui=true
2026-07-27T23:06:00.577443Z  INFO herdr::logging: tab focused event="tab.focus" subsystem="tab" outcome="ok" workspace_id="w3" tab_id="w3:t2"
2026-07-27T23:06:00.577489Z  INFO herdr::logging: api request completed event="api.request.complete" subsystem="api" outcome="ok" request_id="cli:tab:focus" method="tab.focus"
2026-07-27T23:06:00.909728Z  INFO herdr::logging: api request received event="api.request.start" subsystem="api" outcome="started" request_id="cli:tab:focus" method="tab.focus" changes_ui=true
2026-07-27T23:06:00.909829Z  INFO herdr::logging: tab focused event="tab.focus" subsystem="tab" outcome="ok" workspace_id="w3" tab_id="w3:t1"
2026-07-27T23:06:00.909871Z  INFO herdr::logging: api request completed event="api.request.complete" subsystem="api" outcome="ok" request_id="cli:tab:focus" method="tab.focus"
2026-07-27T23:06:01.311579Z  INFO herdr::logging: api request received event="api.request.start" subsystem="api" outcome="started" request_id="cli:tab:focus" method="tab.focus" changes_ui=true
2026-07-27T23:06:01.311681Z  INFO herdr::logging: tab focused event="tab.focus" subsystem="tab" outcome="ok" workspace_id="w3" tab_id="w3:t2"
2026-07-27T23:06:01.311727Z  INFO herdr::logging: api request completed event="api.request.complete" subsystem="api" outcome="ok" request_id="cli:tab:focus" method="tab.focus"
2026-07-27T23:06:01.849863Z  INFO herdr::logging: tab focused event="tab.focus" subsystem="tab" outcome="ok" workspace_id="w3" tab_id="w3:t7"
2026-07-27T23:06:02.058026Z  INFO herdr::logging: workspace focused event="workspace.focus" subsystem="workspace" outcome="ok" workspace_id="w2"
2026-07-27T23:06:02.058234Z  INFO herdr::logging: tab focused event="tab.focus" subsystem="tab" outcome="ok" workspace_id="w2" tab_id="w2:t3"
2026-07-27T23:06:02.534609Z  INFO herdr::logging: workspace focused event="workspace.focus" subsystem="workspace" outcome="ok" workspace_id="w3"
2026-07-27T23:06:02.534874Z  INFO herdr::logging: tab focused event="tab.focus" subsystem="tab" outcome="ok" workspace_id="w3" tab_id="w3:t7"
2026-07-27T23:06:02.720989Z  INFO herdr::logging: workspace focused event="workspace.focus" subsystem="workspace" outcome="ok" workspace_id="w2"
2026-07-27T23:06:02.721310Z  INFO herdr::logging: tab focused event="tab.focus" subsystem="tab" outcome="ok" workspace_id="w2" tab_id="w2:t3"
2026-07-27T23:06:03.090144Z  INFO herdr::logging: workspace focused event="workspace.focus" subsystem="workspace" outcome="ok" workspace_id="w3"
2026-07-27T23:06:03.090261Z  INFO herdr::logging: tab focused event="tab.focus" subsystem="tab" outcome="ok" workspace_id="w3" tab_id="w3:t7"
2026-07-27T23:06:03.915509Z  INFO herdr::logging: api request received event="api.request.start" subsystem="api" outcome="started" request_id="cli:tab:focus" method="tab.focus" changes_ui=true
2026-07-27T23:06:03.915642Z  INFO herdr::logging: tab focused event="tab.focus" subsystem="tab" outcome="ok" workspace_id="w3" tab_id="w3:t1"
2026-07-27T23:06:03.915691Z  INFO herdr::logging: api request completed event="api.request.complete" subsystem="api" outcome="ok" request_id="cli:tab:focus" method="tab.focus"
2026-07-27T23:06:04.460378Z  INFO herdr::logging: api request received event="api.request.start" subsystem="api" outcome="started" request_id="cli:tab:focus" method="tab.focus" changes_ui=true
2026-07-27T23:06:04.460484Z  INFO herdr::logging: tab focused event="tab.focus" subsystem="tab" outcome="ok" workspace_id="w3" tab_id="w3:t2"
2026-07-27T23:06:04.460534Z  INFO herdr::logging: api request completed event="api.request.complete" subsystem="api" outcome="ok" request_id="cli:tab:focus" method="tab.focus"
2026-07-27T23:06:04.698917Z  INFO herdr::logging: api request received event="api.request.start" subsystem="api" outcome="started" request_id="cli:tab:focus" method="tab.focus" changes_ui=true
2026-07-27T23:06:04.699075Z  INFO herdr::logging: tab focused event="tab.focus" subsystem="tab" outcome="ok" workspace_id="w3" tab_id="w3:t6"
2026-07-27T23:06:04.699128Z  INFO herdr::logging: api request completed event="api.request.complete" subsystem="api" outcome="ok" request_id="cli:tab:focus" method="tab.focus"
2026-07-27T23:06:09.702143Z  INFO herdr::logging: session saved event="persist.save" subsystem="persist" outcome="ok" path=/Users/vince/.config/herdr/session.json workspaces=2
2026-07-27T23:06:12.620221Z  INFO herdr::logging: api request received event="api.request.start" subsystem="api" outcome="started" request_id="cli:tab:focus" method="tab.focus" changes_ui=true
2026-07-27T23:06:12.620323Z  INFO herdr::logging: tab focused event="tab.focus" subsystem="tab" outcome="ok" workspace_id="w3" tab_id="w3:t2"
2026-07-27T23:06:12.620369Z  INFO herdr::logging: api request completed event="api.request.complete" subsystem="api" outcome="ok" request_id="cli:tab:focus" method="tab.focus"
2026-07-27T23:06:17.042362Z  INFO herdr::logging: tab focused event="tab.focus" subsystem="tab" outcome="ok" workspace_id="w3" tab_id="w3:t7"
2026-07-27T23:06:18.181746Z  INFO herdr::logging: tab focused event="tab.focus" subsystem="tab" outcome="ok" workspace_id="w3" tab_id="w3:t6"
2026-07-27T23:06:23.186194Z  INFO herdr::logging: session saved event="persist.save" subsystem="persist" outcome="ok" path=/Users/vince/.config/herdr/session.json workspaces=2
2026-07-27T23:06:26.608462Z  INFO herdr::logging: tab focused event="tab.focus" subsystem="tab" outcome="ok" workspace_id="w3" tab_id="w3:t2"
2026-07-27T23:06:31.615252Z  INFO herdr::logging: session saved event="persist.save" subsystem="persist" outcome="ok" path=/Users/vince/.config/herdr/session.json workspaces=2
2026-07-27T23:06:35.174172Z  INFO herdr::logging: api request received event="api.request.start" subsystem="api" outcome="started" request_id="cli:tab:focus" method="tab.focus" changes_ui=true
2026-07-27T23:06:35.174301Z  INFO herdr::logging: tab focused event="tab.focus" subsystem="tab" outcome="ok" workspace_id="w3" tab_id="w3:t2"
2026-07-27T23:06:35.174347Z  INFO herdr::logging: api request completed event="api.request.complete" subsystem="api" outcome="ok" request_id="cli:tab:focus" method="tab.focus"
2026-07-27T23:06:35.435297Z  INFO herdr::logging: api request received event="api.request.start" subsystem="api" outcome="started" request_id="cli:tab:focus" method="tab.focus" changes_ui=true
2026-07-27T23:06:35.435388Z  INFO herdr::logging: tab focused event="tab.focus" subsystem="tab" outcome="ok" workspace_id="w3" tab_id="w3:t6"
2026-07-27T23:06:35.435427Z  INFO herdr::logging: api request completed event="api.request.complete" subsystem="api" outcome="ok" request_id="cli:tab:focus" method="tab.focus"
2026-07-27T23:06:40.439425Z  INFO herdr::logging: session saved event="persist.save" subsystem="persist" outcome="ok" path=/Users/vince/.config/herdr/session.json workspaces=2
2026-07-27T23:06:48.209224Z  INFO herdr::logging: tab focused event="tab.focus" subsystem="tab" outcome="ok" workspace_id="w3" tab_id="w3:t1"
2026-07-27T23:06:48.720251Z  INFO herdr::logging: tab focused event="tab.focus" subsystem="tab" outcome="ok" workspace_id="w3" tab_id="w3:t2"
2026-07-27T23:06:53.737374Z  INFO herdr::logging: session saved event="persist.save" subsystem="persist" outcome="ok" path=/Users/vince/.config/herdr/session.json workspaces=2
2026-07-27T23:07:39.318147Z  INFO herdr::logging: api request received event="api.request.start" subsystem="api" outcome="started" request_id="cli:tab:focus" method="tab.focus" changes_ui=true
2026-07-27T23:07:39.318268Z  INFO herdr::logging: tab focused event="tab.focus" subsystem="tab" outcome="ok" workspace_id="w3" tab_id="w3:t6"
2026-07-27T23:07:39.318320Z  INFO herdr::logging: api request completed event="api.request.complete" subsystem="api" outcome="ok" request_id="cli:tab:focus" method="tab.focus"
2026-07-27T23:07:39.802440Z  INFO herdr::logging: api request received event="api.request.start" subsystem="api" outcome="started" request_id="cli:tab:focus" method="tab.focus" changes_ui=true
2026-07-27T23:07:39.802543Z  INFO herdr::logging: tab focused event="tab.focus" subsystem="tab" outcome="ok" workspace_id="w3" tab_id="w3:t7"
2026-07-27T23:07:39.802585Z  INFO herdr::logging: api request completed event="api.request.complete" subsystem="api" outcome="ok" request_id="cli:tab:focus" method="tab.focus"
2026-07-27T23:07:40.219142Z  INFO herdr::logging: api request received event="api.request.start" subsystem="api" outcome="started" request_id="cli:tab:focus" method="tab.focus" changes_ui=true
2026-07-27T23:07:40.219340Z  INFO herdr::logging: tab focused event="tab.focus" subsystem="tab" outcome="ok" workspace_id="w3" tab_id="w3:t2"
2026-07-27T23:07:40.219393Z  INFO herdr::logging: api request completed event="api.request.complete" subsystem="api" outcome="ok" request_id="cli:tab:focus" method="tab.focus"
2026-07-27T23:07:40.424911Z  INFO herdr::logging: api request received event="api.request.start" subsystem="api" outcome="started" request_id="cli:tab:focus" method="tab.focus" changes_ui=true
2026-07-27T23:07:40.425018Z  INFO herdr::logging: tab focused event="tab.focus" subsystem="tab" outcome="ok" workspace_id="w3" tab_id="w3:t6"
2026-07-27T23:07:40.425056Z  INFO herdr::logging: api request completed event="api.request.complete" subsystem="api" outcome="ok" request_id="cli:tab:focus" method="tab.focus"
2026-07-27T23:07:45.433534Z  INFO herdr::logging: session saved event="persist.save" subsystem="persist" outcome="ok" path=/Users/vince/.config/herdr/session.json workspaces=2
2026-07-27T23:08:01.364059Z  INFO herdr::logging: tab focused event="tab.focus" subsystem="tab" outcome="ok" workspace_id="w3" tab_id="w3:t2"
2026-07-27T23:08:02.007908Z  INFO herdr::logging: tab focused event="tab.focus" subsystem="tab" outcome="ok" workspace_id="w3" tab_id="w3:t1"
2026-07-27T23:08:04.214759Z  INFO herdr::logging: tab focused event="tab.focus" subsystem="tab" outcome="ok" workspace_id="w3" tab_id="w3:t2"
2026-07-27T23:08:09.223368Z  INFO herdr::logging: session saved event="persist.save" subsystem="persist" outcome="ok" path=/Users/vince/.config/herdr/session.json workspaces=2
2026-07-27T23:08:30.822560Z  INFO herdr::logging: spawning pane terminal event="pane.spawn.start" subsystem="pane" outcome="started" pane_id=30 rows=38 cols=121 scrollback_limit_bytes=10000000
2026-07-27T23:08:30.834191Z  INFO herdr::logging: pane child spawned event="pane.spawned" subsystem="pane" outcome="ok" pane_id=30 pid=85334
2026-07-27T23:08:32.954430Z  INFO herdr::logging: api request received event="api.request.start" subsystem="api" outcome="started" request_id="cli:workspace:create" method="workspace.create" changes_ui=true
2026-07-27T23:08:32.954701Z  INFO herdr::logging: spawning pane terminal event="pane.spawn.start" subsystem="pane" outcome="started" pane_id=31 rows=50 cols=155 scrollback_limit_bytes=10000000
2026-07-27T23:08:32.960447Z  INFO herdr::logging: pane child spawned event="pane.spawned" subsystem="pane" outcome="ok" pane_id=31 pid=85359
2026-07-27T23:08:32.962042Z  INFO herdr::logging: workspace created event="workspace.create" subsystem="workspace" outcome="ok" workspace_id="w8" pane_id=31
2026-07-27T23:08:32.962059Z  INFO herdr::logging: workspace focused event="workspace.focus" subsystem="workspace" outcome="ok" workspace_id="w8"
2026-07-27T23:08:32.962120Z  INFO herdr::logging: tab focused event="tab.focus" subsystem="tab" outcome="ok" workspace_id="w8" tab_id="w8:t1"
2026-07-27T23:08:32.962136Z  INFO herdr::logging: workspace renamed event="workspace.rename" subsystem="workspace" outcome="ok" workspace_id="w8"
2026-07-27T23:08:32.962975Z  INFO herdr::logging: api request completed event="api.request.complete" subsystem="api" outcome="ok" request_id="cli:workspace:create" method="workspace.create"
2026-07-27T23:08:32.964158Z  INFO herdr::logging: pane child exited event="pane.exit" subsystem="pane" outcome="completed" pane_id=30 status="ExitStatus { code: 0, signal: None }"
2026-07-27T23:08:32.966926Z  INFO herdr::pane: pane session terminated pane=30 pid=85334 signal=Hangup
2026-07-27T23:08:37.970574Z  INFO herdr::logging: session saved event="persist.save" subsystem="persist" outcome="ok" path=/Users/vince/.config/herdr/session.json workspaces=3
2026-07-27T23:08:43.882028Z  INFO herdr::logging: workspace closed event="workspace.close" subsystem="workspace" outcome="ok" workspace_id="w8"
2026-07-27T23:08:43.886737Z  INFO herdr::logging: pane child exited event="pane.exit" subsystem="pane" outcome="completed" pane_id=31 status="ExitStatus { code: 1, signal: None }"
2026-07-27T23:08:43.906549Z  INFO herdr::pane: pane session terminated pane=31 pid=85359 signal=Hangup
2026-07-27T23:08:43.907925Z  WARN herdr::app::actions: PaneDied for unknown pane pane=31
2026-07-27T23:08:48.911775Z  INFO herdr::logging: session saved event="persist.save" subsystem="persist" outcome="ok" path=/Users/vince/.config/herdr/session.json workspaces=2
2026-07-27T23:09:26.060815Z  INFO herdr::logging: api request received event="api.request.start" subsystem="api" outcome="started" request_id="cli:tab:focus" method="tab.focus" changes_ui=true
2026-07-27T23:09:26.060992Z  INFO herdr::logging: tab focused event="tab.focus" subsystem="tab" outcome="ok" workspace_id="w3" tab_id="w3:t1"
2026-07-27T23:09:26.061042Z  INFO herdr::logging: api request completed event="api.request.complete" subsystem="api" outcome="ok" request_id="cli:tab:focus" method="tab.focus"
2026-07-27T23:09:31.067168Z  INFO herdr::logging: session saved event="persist.save" subsystem="persist" outcome="ok" path=/Users/vince/.config/herdr/session.json workspaces=2
2026-07-27T23:09:32.827984Z  INFO herdr::logging: api request received event="api.request.start" subsystem="api" outcome="started" request_id="cli:tab:focus" method="tab.focus" changes_ui=true
2026-07-27T23:09:32.828085Z  INFO herdr::logging: tab focused event="tab.focus" subsystem="tab" outcome="ok" workspace_id="w3" tab_id="w3:t6"
2026-07-27T23:09:32.828173Z  INFO herdr::logging: api request completed event="api.request.complete" subsystem="api" outcome="ok" request_id="cli:tab:focus" method="tab.focus"
2026-07-27T23:09:33.465397Z  INFO herdr::logging: api request received event="api.request.start" subsystem="api" outcome="started" request_id="cli:tab:focus" method="tab.focus" changes_ui=true
2026-07-27T23:09:33.465487Z  INFO herdr::logging: tab focused event="tab.focus" subsystem="tab" outcome="ok" workspace_id="w3" tab_id="w3:t1"
2026-07-27T23:09:33.465535Z  INFO herdr::logging: api request completed event="api.request.complete" subsystem="api" outcome="ok" request_id="cli:tab:focus" method="tab.focus"
2026-07-27T23:09:34.654687Z  INFO herdr::logging: tab focused event="tab.focus" subsystem="tab" outcome="ok" workspace_id="w3" tab_id="w3:t7"
2026-07-27T23:09:39.656240Z  INFO herdr::logging: session saved event="persist.save" subsystem="persist" outcome="ok" path=/Users/vince/.config/herdr/session.json workspaces=2
2026-07-27T23:09:48.746816Z  INFO herdr::logging: workspace focused event="workspace.focus" subsystem="workspace" outcome="ok" workspace_id="w2"
2026-07-27T23:09:48.746866Z  INFO herdr::logging: tab focused event="tab.focus" subsystem="tab" outcome="ok" workspace_id="w2" tab_id="w2:t3"
2026-07-27T23:09:49.162548Z  INFO herdr::logging: workspace focused event="workspace.focus" subsystem="workspace" outcome="ok" workspace_id="w3"
2026-07-27T23:09:49.162602Z  INFO herdr::logging: tab focused event="tab.focus" subsystem="tab" outcome="ok" workspace_id="w3" tab_id="w3:t7"
2026-07-27T23:09:49.878149Z  INFO herdr::logging: workspace focused event="workspace.focus" subsystem="workspace" outcome="ok" workspace_id="w2"
2026-07-27T23:09:49.878210Z  INFO herdr::logging: tab focused event="tab.focus" subsystem="tab" outcome="ok" workspace_id="w2" tab_id="w2:t3"
2026-07-27T23:09:50.191301Z  INFO herdr::logging: workspace focused event="workspace.focus" subsystem="workspace" outcome="ok" workspace_id="w3"
2026-07-27T23:09:50.191352Z  INFO herdr::logging: tab focused event="tab.focus" subsystem="tab" outcome="ok" workspace_id="w3" tab_id="w3:t7"
2026-07-27T23:09:50.757088Z  INFO herdr::logging: api request received event="api.request.start" subsystem="api" outcome="started" request_id="cli:tab:focus" method="tab.focus" changes_ui=true
2026-07-27T23:09:50.757173Z  INFO herdr::logging: tab focused event="tab.focus" subsystem="tab" outcome="ok" workspace_id="w3" tab_id="w3:t1"
2026-07-27T23:09:50.757229Z  INFO herdr::logging: api request completed event="api.request.complete" subsystem="api" outcome="ok" request_id="cli:tab:focus" method="tab.focus"
2026-07-27T23:09:50.996551Z  INFO herdr::logging: api request received event="api.request.start" subsystem="api" outcome="started" request_id="cli:tab:focus" method="tab.focus" changes_ui=true
2026-07-27T23:09:50.996638Z  INFO herdr::logging: tab focused event="tab.focus" subsystem="tab" outcome="ok" workspace_id="w3" tab_id="w3:t2"
2026-07-27T23:09:50.996684Z  INFO herdr::logging: api request completed event="api.request.complete" subsystem="api" outcome="ok" request_id="cli:tab:focus" method="tab.focus"
2026-07-27T23:09:51.238073Z  INFO herdr::logging: api request received event="api.request.start" subsystem="api" outcome="started" request_id="cli:tab:focus" method="tab.focus" changes_ui=true
2026-07-27T23:09:51.238171Z  INFO herdr::logging: tab focused event="tab.focus" subsystem="tab" outcome="ok" workspace_id="w3" tab_id="w3:t6"
2026-07-27T23:09:51.238220Z  INFO herdr::logging: api request completed event="api.request.complete" subsystem="api" outcome="ok" request_id="cli:tab:focus" method="tab.focus"
2026-07-27T23:09:51.489492Z  INFO herdr::logging: api request received event="api.request.start" subsystem="api" outcome="started" request_id="cli:tab:focus" method="tab.focus" changes_ui=true
2026-07-27T23:09:51.489570Z  INFO herdr::logging: tab focused event="tab.focus" subsystem="tab" outcome="ok" workspace_id="w3" tab_id="w3:t7"
2026-07-27T23:09:51.489629Z  INFO herdr::logging: api request completed event="api.request.complete" subsystem="api" outcome="ok" request_id="cli:tab:focus" method="tab.focus"
2026-07-27T23:09:51.869214Z  INFO herdr::logging: api request received event="api.request.start" subsystem="api" outcome="started" request_id="cli:tab:focus" method="tab.focus" changes_ui=true
2026-07-27T23:09:51.869291Z  INFO herdr::logging: tab focused event="tab.focus" subsystem="tab" outcome="ok" workspace_id="w3" tab_id="w3:t1"
2026-07-27T23:09:51.869347Z  INFO herdr::logging: api request completed event="api.request.complete" subsystem="api" outcome="ok" request_id="cli:tab:focus" method="tab.focus"
2026-07-27T23:09:51.891481Z  INFO herdr::logging: api request received event="api.request.start" subsystem="api" outcome="started" request_id="cli:tab:focus" method="tab.focus" changes_ui=true
2026-07-27T23:09:51.891557Z  INFO herdr::logging: tab focused event="tab.focus" subsystem="tab" outcome="ok" workspace_id="w3" tab_id="w3:t2"
2026-07-27T23:09:51.891586Z  INFO herdr::logging: api request completed event="api.request.complete" subsystem="api" outcome="ok" request_id="cli:tab:focus" method="tab.focus"
2026-07-27T23:09:51.995372Z  INFO herdr::logging: api request received event="api.request.start" subsystem="api" outcome="started" request_id="cli:tab:focus" method="tab.focus" changes_ui=true
2026-07-27T23:09:51.995468Z  INFO herdr::logging: tab focused event="tab.focus" subsystem="tab" outcome="ok" workspace_id="w3" tab_id="w3:t6"
2026-07-27T23:09:51.995502Z  INFO herdr::logging: api request completed event="api.request.complete" subsystem="api" outcome="ok" request_id="cli:tab:focus" method="tab.focus"
2026-07-27T23:09:52.199536Z  INFO herdr::logging: api request received event="api.request.start" subsystem="api" outcome="started" request_id="cli:tab:focus" method="tab.focus" changes_ui=true
2026-07-27T23:09:52.199614Z  INFO herdr::logging: tab focused event="tab.focus" subsystem="tab" outcome="ok" workspace_id="w3" tab_id="w3:t7"
2026-07-27T23:09:52.199658Z  INFO herdr::logging: api request completed event="api.request.complete" subsystem="api" outcome="ok" request_id="cli:tab:focus" method="tab.focus"
2026-07-27T23:09:52.582236Z  INFO herdr::logging: api request received event="api.request.start" subsystem="api" outcome="started" request_id="cli:tab:focus" method="tab.focus" changes_ui=true
2026-07-27T23:09:52.582322Z  INFO herdr::logging: tab focused event="tab.focus" subsystem="tab" outcome="ok" workspace_id="w3" tab_id="w3:t1"
2026-07-27T23:09:52.582369Z  INFO herdr::logging: api request completed event="api.request.complete" subsystem="api" outcome="ok" request_id="cli:tab:focus" method="tab.focus"
2026-07-27T23:09:52.679090Z  INFO herdr::logging: api request received event="api.request.start" subsystem="api" outcome="started" request_id="cli:tab:focus" method="tab.focus" changes_ui=true
2026-07-27T23:09:52.679167Z  INFO herdr::logging: tab focused event="tab.focus" subsystem="tab" outcome="ok" workspace_id="w3" tab_id="w3:t2"
2026-07-27T23:09:52.679225Z  INFO herdr::logging: api request completed event="api.request.complete" subsystem="api" outcome="ok" request_id="cli:tab:focus" method="tab.focus"
2026-07-27T23:09:52.819679Z  INFO herdr::logging: api request received event="api.request.start" subsystem="api" outcome="started" request_id="cli:tab:focus" method="tab.focus" changes_ui=true
2026-07-27T23:09:52.819771Z  INFO herdr::logging: tab focused event="tab.focus" subsystem="tab" outcome="ok" workspace_id="w3" tab_id="w3:t6"
2026-07-27T23:09:52.819819Z  INFO herdr::logging: api request completed event="api.request.complete" subsystem="api" outcome="ok" request_id="cli:tab:focus" method="tab.focus"
2026-07-27T23:09:53.038047Z  INFO herdr::logging: api request received event="api.request.start" subsystem="api" outcome="started" request_id="cli:tab:focus" method="tab.focus" changes_ui=true
2026-07-27T23:09:53.038144Z  INFO herdr::logging: tab focused event="tab.focus" subsystem="tab" outcome="ok" workspace_id="w3" tab_id="w3:t7"
2026-07-27T23:09:53.038196Z  INFO herdr::logging: api request completed event="api.request.complete" subsystem="api" outcome="ok" request_id="cli:tab:focus" method="tab.focus"
2026-07-27T23:09:53.367384Z  INFO herdr::logging: api request received event="api.request.start" subsystem="api" outcome="started" request_id="cli:tab:focus" method="tab.focus" changes_ui=true
2026-07-27T23:09:53.367473Z  INFO herdr::logging: tab focused event="tab.focus" subsystem="tab" outcome="ok" workspace_id="w3" tab_id="w3:t1"
2026-07-27T23:09:53.367518Z  INFO herdr::logging: api request completed event="api.request.complete" subsystem="api" outcome="ok" request_id="cli:tab:focus" method="tab.focus"
2026-07-27T23:09:58.374356Z  INFO herdr::logging: session saved event="persist.save" subsystem="persist" outcome="ok" path=/Users/vince/.config/herdr/session.json workspaces=2
2026-07-27T23:10:54.215406Z  INFO herdr::logging: checking for updates event="update.check.start" subsystem="update" outcome="started"
2026-07-27T23:31:57.328941Z  INFO herdr::logging: api request received event="api.request.start" subsystem="api" outcome="started" request_id="cli:tab:focus" method="tab.focus" changes_ui=true
2026-07-27T23:31:57.329223Z  INFO herdr::logging: tab focused event="tab.focus" subsystem="tab" outcome="ok" workspace_id="w3" tab_id="w3:t2"
2026-07-27T23:31:57.329261Z  INFO herdr::logging: api request completed event="api.request.complete" subsystem="api" outcome="ok" request_id="cli:tab:focus" method="tab.focus"
2026-07-27T23:32:02.014000Z  INFO herdr::logging: api request received event="api.request.start" subsystem="api" outcome="started" request_id="cli:tab:focus" method="tab.focus" changes_ui=true
2026-07-27T23:32:02.014095Z  INFO herdr::logging: tab focused event="tab.focus" subsystem="tab" outcome="ok" workspace_id="w3" tab_id="w3:t1"
2026-07-27T23:32:02.014135Z  INFO herdr::logging: api request completed event="api.request.complete" subsystem="api" outcome="ok" request_id="cli:tab:focus" method="tab.focus"
2026-07-27T23:32:07.020895Z  INFO herdr::logging: session saved event="persist.save" subsystem="persist" outcome="ok" path=/Users/vince/.config/herdr/session.json workspaces=2
2026-07-27T23:40:54.201258Z  INFO herdr::logging: checking for updates event="update.check.start" subsystem="update" outcome="started"
2026-07-27T23:43:12.997032Z  INFO herdr::logging: api request received event="api.request.start" subsystem="api" outcome="started" request_id="cli:tab:focus" method="tab.focus" changes_ui=true
2026-07-27T23:43:12.997126Z  INFO herdr::logging: tab focused event="tab.focus" subsystem="tab" outcome="ok" workspace_id="w3" tab_id="w3:t2"
2026-07-27T23:43:12.997168Z  INFO herdr::logging: api request completed event="api.request.complete" subsystem="api" outcome="ok" request_id="cli:tab:focus" method="tab.focus"
2026-07-27T23:43:18.002065Z  INFO herdr::logging: session saved event="persist.save" subsystem="persist" outcome="ok" path=/Users/vince/.config/herdr/session.json workspaces=2
2026-07-27T23:43:21.316595Z  INFO herdr::logging: api request received event="api.request.start" subsystem="api" outcome="started" request_id="cli:tab:focus" method="tab.focus" changes_ui=true
2026-07-27T23:43:21.316711Z  INFO herdr::logging: tab focused event="tab.focus" subsystem="tab" outcome="ok" workspace_id="w3" tab_id="w3:t1"
2026-07-27T23:43:21.316752Z  INFO herdr::logging: api request completed event="api.request.complete" subsystem="api" outcome="ok" request_id="cli:tab:focus" method="tab.focus"
2026-07-27T23:43:26.320784Z  INFO herdr::logging: session saved event="persist.save" subsystem="persist" outcome="ok" path=/Users/vince/.config/herdr/session.json workspaces=2
2026-07-27T23:43:50.917912Z  INFO herdr::logging: api request received event="api.request.start" subsystem="api" outcome="started" request_id="cli:tab:focus" method="tab.focus" changes_ui=true
2026-07-27T23:43:50.918163Z  INFO herdr::logging: tab focused event="tab.focus" subsystem="tab" outcome="ok" workspace_id="w3" tab_id="w3:t2"
2026-07-27T23:43:50.918191Z  INFO herdr::logging: api request completed event="api.request.complete" subsystem="api" outcome="ok" request_id="cli:tab:focus" method="tab.focus"
2026-07-27T23:43:54.997629Z  INFO herdr::logging: api request received event="api.request.start" subsystem="api" outcome="started" request_id="cli:tab:focus" method="tab.focus" changes_ui=true
2026-07-27T23:43:54.997724Z  INFO herdr::logging: tab focused event="tab.focus" subsystem="tab" outcome="ok" workspace_id="w3" tab_id="w3:t1"
2026-07-27T23:43:54.997809Z  INFO herdr::logging: api request completed event="api.request.complete" subsystem="api" outcome="ok" request_id="cli:tab:focus" method="tab.focus"
2026-07-27T23:43:55.542429Z  INFO herdr::logging: api request received event="api.request.start" subsystem="api" outcome="started" request_id="cli:tab:focus" method="tab.focus" changes_ui=true
2026-07-27T23:43:55.542513Z  INFO herdr::logging: tab focused event="tab.focus" subsystem="tab" outcome="ok" workspace_id="w3" tab_id="w3:t2"
2026-07-27T23:43:55.542558Z  INFO herdr::logging: api request completed event="api.request.complete" subsystem="api" outcome="ok" request_id="cli:tab:focus" method="tab.focus"
2026-07-27T23:44:00.553926Z  INFO herdr::logging: session saved event="persist.save" subsystem="persist" outcome="ok" path=/Users/vince/.config/herdr/session.json workspaces=2
2026-07-27T23:44:05.411726Z  INFO herdr::logging: tab focused event="tab.focus" subsystem="tab" outcome="ok" workspace_id="w3" tab_id="w3:t1"
2026-07-27T23:44:10.427678Z  INFO herdr::logging: session saved event="persist.save" subsystem="persist" outcome="ok" path=/Users/vince/.config/herdr/session.json workspaces=2
2026-07-27T23:44:28.636210Z  INFO herdr::logging: api request received event="api.request.start" subsystem="api" outcome="started" request_id="cli:tab:focus" method="tab.focus" changes_ui=true
2026-07-27T23:44:28.636311Z  INFO herdr::logging: tab focused event="tab.focus" subsystem="tab" outcome="ok" workspace_id="w3" tab_id="w3:t2"
2026-07-27T23:44:28.636349Z  INFO herdr::logging: api request completed event="api.request.complete" subsystem="api" outcome="ok" request_id="cli:tab:focus" method="tab.focus"
2026-07-27T23:44:33.643202Z  INFO herdr::logging: session saved event="persist.save" subsystem="persist" outcome="ok" path=/Users/vince/.config/herdr/session.json workspaces=2
2026-07-27T23:44:43.247987Z  INFO herdr::logging: tab focused event="tab.focus" subsystem="tab" outcome="ok" workspace_id="w3" tab_id="w3:t1"
2026-07-27T23:44:48.261276Z  INFO herdr::logging: session saved event="persist.save" subsystem="persist" outcome="ok" path=/Users/vince/.config/herdr/session.json workspaces=2
2026-07-27T23:44:50.722066Z  INFO herdr::logging: tab focused event="tab.focus" subsystem="tab" outcome="ok" workspace_id="w3" tab_id="w3:t7"
2026-07-27T23:44:55.730160Z  INFO herdr::logging: session saved event="persist.save" subsystem="persist" outcome="ok" path=/Users/vince/.config/herdr/session.json workspaces=2
2026-07-27T23:46:16.838837Z  INFO herdr::logging: api request received event="api.request.start" subsystem="api" outcome="started" request_id="cli:tab:focus" method="tab.focus" changes_ui=true
2026-07-27T23:46:16.838920Z  INFO herdr::logging: tab focused event="tab.focus" subsystem="tab" outcome="ok" workspace_id="w3" tab_id="w3:t1"
2026-07-27T23:46:16.838955Z  INFO herdr::logging: api request completed event="api.request.complete" subsystem="api" outcome="ok" request_id="cli:tab:focus" method="tab.focus"
2026-07-27T23:46:21.850733Z  INFO herdr::logging: session saved event="persist.save" subsystem="persist" outcome="ok" path=/Users/vince/.config/herdr/session.json workspaces=2
2026-07-27T23:46:23.344992Z  INFO herdr::logging: api request received event="api.request.start" subsystem="api" outcome="started" request_id="cli:tab:focus" method="tab.focus" changes_ui=true
2026-07-27T23:46:23.345084Z  INFO herdr::logging: tab focused event="tab.focus" subsystem="tab" outcome="ok" workspace_id="w3" tab_id="w3:t2"
2026-07-27T23:46:23.345121Z  INFO herdr::logging: api request completed event="api.request.complete" subsystem="api" outcome="ok" request_id="cli:tab:focus" method="tab.focus"
2026-07-27T23:46:24.368631Z  INFO herdr::logging: api request received event="api.request.start" subsystem="api" outcome="started" request_id="cli:tab:focus" method="tab.focus" changes_ui=true
2026-07-27T23:46:24.368703Z  INFO herdr::logging: tab focused event="tab.focus" subsystem="tab" outcome="ok" workspace_id="w3" tab_id="w3:t6"
2026-07-27T23:46:24.368733Z  INFO herdr::logging: api request completed event="api.request.complete" subsystem="api" outcome="ok" request_id="cli:tab:focus" method="tab.focus"
2026-07-27T23:46:25.366170Z  INFO herdr::logging: api request received event="api.request.start" subsystem="api" outcome="started" request_id="cli:tab:focus" method="tab.focus" changes_ui=true
2026-07-27T23:46:25.366260Z  INFO herdr::logging: tab focused event="tab.focus" subsystem="tab" outcome="ok" workspace_id="w3" tab_id="w3:t7"
2026-07-27T23:46:25.366301Z  INFO herdr::logging: api request completed event="api.request.complete" subsystem="api" outcome="ok" request_id="cli:tab:focus" method="tab.focus"
2026-07-27T23:46:25.847437Z  INFO herdr::logging: api request received event="api.request.start" subsystem="api" outcome="started" request_id="cli:tab:focus" method="tab.focus" changes_ui=true
2026-07-27T23:46:25.847524Z  INFO herdr::logging: tab focused event="tab.focus" subsystem="tab" outcome="ok" workspace_id="w3" tab_id="w3:t6"
2026-07-27T23:46:25.847558Z  INFO herdr::logging: api request completed event="api.request.complete" subsystem="api" outcome="ok" request_id="cli:tab:focus" method="tab.focus"
2026-07-27T23:46:26.757803Z  INFO herdr::logging: api request received event="api.request.start" subsystem="api" outcome="started" request_id="cli:tab:focus" method="tab.focus" changes_ui=true
2026-07-27T23:46:26.757893Z  INFO herdr::logging: tab focused event="tab.focus" subsystem="tab" outcome="ok" workspace_id="w3" tab_id="w3:t2"
2026-07-27T23:46:26.757931Z  INFO herdr::logging: api request completed event="api.request.complete" subsystem="api" outcome="ok" request_id="cli:tab:focus" method="tab.focus"
2026-07-27T23:46:27.140210Z  INFO herdr::logging: api request received event="api.request.start" subsystem="api" outcome="started" request_id="cli:tab:focus" method="tab.focus" changes_ui=true
2026-07-27T23:46:27.140306Z  INFO herdr::logging: tab focused event="tab.focus" subsystem="tab" outcome="ok" workspace_id="w3" tab_id="w3:t6"
2026-07-27T23:46:27.140343Z  INFO herdr::logging: api request completed event="api.request.complete" subsystem="api" outcome="ok" request_id="cli:tab:focus" method="tab.focus"
2026-07-27T23:46:32.147347Z  INFO herdr::logging: session saved event="persist.save" subsystem="persist" outcome="ok" path=/Users/vince/.config/herdr/session.json workspaces=2
2026-07-27T23:46:53.386550Z  INFO herdr::logging: tab focused event="tab.focus" subsystem="tab" outcome="ok" workspace_id="w3" tab_id="w3:t7"
2026-07-27T23:46:58.390699Z  INFO herdr::logging: session saved event="persist.save" subsystem="persist" outcome="ok" path=/Users/vince/.config/herdr/session.json workspaces=2
2026-07-27T23:48:23.275815Z  INFO herdr::logging: tab focused event="tab.focus" subsystem="tab" outcome="ok" workspace_id="w3" tab_id="w3:t2"
2026-07-27T23:48:24.288591Z  INFO herdr::logging: tab focused event="tab.focus" subsystem="tab" outcome="ok" workspace_id="w3" tab_id="w3:t7"
2026-07-27T23:48:27.666651Z  INFO herdr::logging: tab focused event="tab.focus" subsystem="tab" outcome="ok" workspace_id="w3" tab_id="w3:t1"
2026-07-27T23:48:32.680791Z  INFO herdr::logging: session saved event="persist.save" subsystem="persist" outcome="ok" path=/Users/vince/.config/herdr/session.json workspaces=2
2026-07-27T23:48:49.442271Z  INFO herdr::logging: tab focused event="tab.focus" subsystem="tab" outcome="ok" workspace_id="w3" tab_id="w3:t7"
2026-07-27T23:48:54.452495Z  INFO herdr::logging: session saved event="persist.save" subsystem="persist" outcome="ok" path=/Users/vince/.config/herdr/session.json workspaces=2
2026-07-27T23:49:03.953059Z  INFO herdr::logging: tab focused event="tab.focus" subsystem="tab" outcome="ok" workspace_id="w3" tab_id="w3:t1"
2026-07-27T23:49:08.957999Z  INFO herdr::logging: session saved event="persist.save" subsystem="persist" outcome="ok" path=/Users/vince/.config/herdr/session.json workspaces=2
2026-07-27T23:49:35.851712Z  INFO herdr::logging: tab focused event="tab.focus" subsystem="tab" outcome="ok" workspace_id="w3" tab_id="w3:t7"
2026-07-27T23:49:40.859883Z  INFO herdr::logging: session saved event="persist.save" subsystem="persist" outcome="ok" path=/Users/vince/.config/herdr/session.json workspaces=2
2026-07-27T23:49:51.415464Z  INFO herdr::logging: tab focused event="tab.focus" subsystem="tab" outcome="ok" workspace_id="w3" tab_id="w3:t1"
2026-07-27T23:49:56.422853Z  INFO herdr::logging: session saved event="persist.save" subsystem="persist" outcome="ok" path=/Users/vince/.config/herdr/session.json workspaces=2
2026-07-27T23:50:07.488211Z  INFO herdr::logging: tab focused event="tab.focus" subsystem="tab" outcome="ok" workspace_id="w3" tab_id="w3:t7"
2026-07-27T23:50:10.713199Z  INFO herdr::logging: tab focused event="tab.focus" subsystem="tab" outcome="ok" workspace_id="w3" tab_id="w3:t2"
2026-07-27T23:50:15.721463Z  INFO herdr::logging: session saved event="persist.save" subsystem="persist" outcome="ok" path=/Users/vince/.config/herdr/session.json workspaces=2
2026-07-27T23:50:33.032841Z  INFO herdr::logging: tab focused event="tab.focus" subsystem="tab" outcome="ok" workspace_id="w3" tab_id="w3:t1"
2026-07-27T23:50:38.043757Z  INFO herdr::logging: session saved event="persist.save" subsystem="persist" outcome="ok" path=/Users/vince/.config/herdr/session.json workspaces=2
2026-07-27T23:50:44.851391Z  INFO herdr::logging: tab focused event="tab.focus" subsystem="tab" outcome="ok" workspace_id="w3" tab_id="w3:t7"
2026-07-27T23:50:45.454109Z  INFO herdr::logging: workspace focused event="workspace.focus" subsystem="workspace" outcome="ok" workspace_id="w2"
2026-07-27T23:50:45.454406Z  INFO herdr::logging: tab focused event="tab.focus" subsystem="tab" outcome="ok" workspace_id="w2" tab_id="w2:t3"
2026-07-27T23:50:48.168690Z  INFO herdr::logging: workspace focused event="workspace.focus" subsystem="workspace" outcome="ok" workspace_id="w3"
2026-07-27T23:50:48.168983Z  INFO herdr::logging: tab focused event="tab.focus" subsystem="tab" outcome="ok" workspace_id="w3" tab_id="w3:t7"
2026-07-27T23:50:49.740935Z  INFO herdr::logging: workspace focused event="workspace.focus" subsystem="workspace" outcome="ok" workspace_id="w2"
2026-07-27T23:50:49.741251Z  INFO herdr::logging: tab focused event="tab.focus" subsystem="tab" outcome="ok" workspace_id="w2" tab_id="w2:t3"
2026-07-27T23:50:50.249519Z  INFO herdr::logging: workspace focused event="workspace.focus" subsystem="workspace" outcome="ok" workspace_id="w3"
2026-07-27T23:50:50.249799Z  INFO herdr::logging: tab focused event="tab.focus" subsystem="tab" outcome="ok" workspace_id="w3" tab_id="w3:t7"
2026-07-27T23:50:50.866224Z  INFO herdr::logging: workspace focused event="workspace.focus" subsystem="workspace" outcome="ok" workspace_id="w2"
2026-07-27T23:50:50.866492Z  INFO herdr::logging: tab focused event="tab.focus" subsystem="tab" outcome="ok" workspace_id="w2" tab_id="w2:t3"
2026-07-27T23:50:51.325191Z  INFO herdr::logging: workspace focused event="workspace.focus" subsystem="workspace" outcome="ok" workspace_id="w3"
2026-07-27T23:50:51.325461Z  INFO herdr::logging: tab focused event="tab.focus" subsystem="tab" outcome="ok" workspace_id="w3" tab_id="w3:t7"
2026-07-27T23:50:51.812388Z  INFO herdr::logging: workspace focused event="workspace.focus" subsystem="workspace" outcome="ok" workspace_id="w2"
2026-07-27T23:50:51.812676Z  INFO herdr::logging: tab focused event="tab.focus" subsystem="tab" outcome="ok" workspace_id="w2" tab_id="w2:t3"
2026-07-27T23:50:52.244113Z  INFO herdr::logging: workspace focused event="workspace.focus" subsystem="workspace" outcome="ok" workspace_id="w3"
2026-07-27T23:50:52.244226Z  INFO herdr::logging: tab focused event="tab.focus" subsystem="tab" outcome="ok" workspace_id="w3" tab_id="w3:t7"
2026-07-27T23:50:53.032641Z  INFO herdr::logging: api request received event="api.request.start" subsystem="api" outcome="started" request_id="cli:tab:focus" method="tab.focus" changes_ui=true
2026-07-27T23:50:53.032757Z  INFO herdr::logging: tab focused event="tab.focus" subsystem="tab" outcome="ok" workspace_id="w3" tab_id="w3:t1"
2026-07-27T23:50:53.032800Z  INFO herdr::logging: api request completed event="api.request.complete" subsystem="api" outcome="ok" request_id="cli:tab:focus" method="tab.focus"
2026-07-27T23:50:53.435649Z  INFO herdr::logging: api request received event="api.request.start" subsystem="api" outcome="started" request_id="cli:tab:focus" method="tab.focus" changes_ui=true
2026-07-27T23:50:53.435808Z  INFO herdr::logging: tab focused event="tab.focus" subsystem="tab" outcome="ok" workspace_id="w3" tab_id="w3:t2"
2026-07-27T23:50:53.435859Z  INFO herdr::logging: api request completed event="api.request.complete" subsystem="api" outcome="ok" request_id="cli:tab:focus" method="tab.focus"
2026-07-27T23:50:54.102239Z  INFO herdr::logging: api request received event="api.request.start" subsystem="api" outcome="started" request_id="cli:tab:focus" method="tab.focus" changes_ui=true
2026-07-27T23:50:54.102441Z  INFO herdr::logging: tab focused event="tab.focus" subsystem="tab" outcome="ok" workspace_id="w3" tab_id="w3:t6"
2026-07-27T23:50:54.102498Z  INFO herdr::logging: api request completed event="api.request.complete" subsystem="api" outcome="ok" request_id="cli:tab:focus" method="tab.focus"
2026-07-27T23:50:55.391884Z  INFO herdr::logging: api request received event="api.request.start" subsystem="api" outcome="started" request_id="cli:tab:focus" method="tab.focus" changes_ui=true
2026-07-27T23:50:55.392077Z  INFO herdr::logging: tab focused event="tab.focus" subsystem="tab" outcome="ok" workspace_id="w3" tab_id="w3:t2"
2026-07-27T23:50:55.392128Z  INFO herdr::logging: api request completed event="api.request.complete" subsystem="api" outcome="ok" request_id="cli:tab:focus" method="tab.focus"
2026-07-27T23:50:55.617296Z  INFO herdr::logging: api request received event="api.request.start" subsystem="api" outcome="started" request_id="cli:tab:focus" method="tab.focus" changes_ui=true
2026-07-27T23:50:55.617406Z  INFO herdr::logging: tab focused event="tab.focus" subsystem="tab" outcome="ok" workspace_id="w3" tab_id="w3:t1"
2026-07-27T23:50:55.617460Z  INFO herdr::logging: api request completed event="api.request.complete" subsystem="api" outcome="ok" request_id="cli:tab:focus" method="tab.focus"
2026-07-27T23:50:56.487594Z  INFO herdr::logging: api request received event="api.request.start" subsystem="api" outcome="started" request_id="cli:tab:focus" method="tab.focus" changes_ui=true
2026-07-27T23:50:56.487689Z  INFO herdr::logging: tab focused event="tab.focus" subsystem="tab" outcome="ok" workspace_id="w3" tab_id="w3:t2"
2026-07-27T23:50:56.487732Z  INFO herdr::logging: api request completed event="api.request.complete" subsystem="api" outcome="ok" request_id="cli:tab:focus" method="tab.focus"
2026-07-27T23:50:56.583901Z  INFO herdr::logging: api request received event="api.request.start" subsystem="api" outcome="started" request_id="cli:tab:focus" method="tab.focus" changes_ui=true
2026-07-27T23:50:56.583985Z  INFO herdr::logging: tab focused event="tab.focus" subsystem="tab" outcome="ok" workspace_id="w3" tab_id="w3:t6"
2026-07-27T23:50:56.584018Z  INFO herdr::logging: api request completed event="api.request.complete" subsystem="api" outcome="ok" request_id="cli:tab:focus" method="tab.focus"
2026-07-27T23:50:57.729419Z  INFO herdr::logging: api request received event="api.request.start" subsystem="api" outcome="started" request_id="cli:tab:focus" method="tab.focus" changes_ui=true
2026-07-27T23:50:57.729513Z  INFO herdr::logging: tab focused event="tab.focus" subsystem="tab" outcome="ok" workspace_id="w3" tab_id="w3:t1"
2026-07-27T23:50:57.729549Z  INFO herdr::logging: api request completed event="api.request.complete" subsystem="api" outcome="ok" request_id="cli:tab:focus" method="tab.focus"
2026-07-27T23:50:57.814400Z  INFO herdr::logging: api request received event="api.request.start" subsystem="api" outcome="started" request_id="cli:tab:focus" method="tab.focus" changes_ui=true
2026-07-27T23:50:57.814475Z  INFO herdr::logging: tab focused event="tab.focus" subsystem="tab" outcome="ok" workspace_id="w3" tab_id="w3:t2"
2026-07-27T23:50:57.814507Z  INFO herdr::logging: api request completed event="api.request.complete" subsystem="api" outcome="ok" request_id="cli:tab:focus" method="tab.focus"
2026-07-27T23:50:58.651604Z  INFO herdr::logging: api request received event="api.request.start" subsystem="api" outcome="started" request_id="cli:tab:focus" method="tab.focus" changes_ui=true
2026-07-27T23:50:58.651712Z  INFO herdr::logging: tab focused event="tab.focus" subsystem="tab" outcome="ok" workspace_id="w3" tab_id="w3:t6"
2026-07-27T23:50:58.651758Z  INFO herdr::logging: api request completed event="api.request.complete" subsystem="api" outcome="ok" request_id="cli:tab:focus" method="tab.focus"
2026-07-27T23:50:59.856093Z  INFO herdr::logging: api request received event="api.request.start" subsystem="api" outcome="started" request_id="cli:tab:focus" method="tab.focus" changes_ui=true
2026-07-27T23:50:59.856221Z  INFO herdr::logging: tab focused event="tab.focus" subsystem="tab" outcome="ok" workspace_id="w3" tab_id="w3:t1"
2026-07-27T23:50:59.856266Z  INFO herdr::logging: api request completed event="api.request.complete" subsystem="api" outcome="ok" request_id="cli:tab:focus" method="tab.focus"
2026-07-27T23:51:00.454717Z  INFO herdr::logging: api request received event="api.request.start" subsystem="api" outcome="started" request_id="cli:tab:focus" method="tab.focus" changes_ui=true
2026-07-27T23:51:00.454816Z  INFO herdr::logging: tab focused event="tab.focus" subsystem="tab" outcome="ok" workspace_id="w3" tab_id="w3:t2"
2026-07-27T23:51:00.454857Z  INFO herdr::logging: api request completed event="api.request.complete" subsystem="api" outcome="ok" request_id="cli:tab:focus" method="tab.focus"
2026-07-27T23:51:00.684476Z  INFO herdr::logging: api request received event="api.request.start" subsystem="api" outcome="started" request_id="cli:tab:focus" method="tab.focus" changes_ui=true
2026-07-27T23:51:00.684614Z  INFO herdr::logging: tab focused event="tab.focus" subsystem="tab" outcome="ok" workspace_id="w3" tab_id="w3:t6"
2026-07-27T23:51:00.684665Z  INFO herdr::logging: api request completed event="api.request.complete" subsystem="api" outcome="ok" request_id="cli:tab:focus" method="tab.focus"
2026-07-27T23:51:01.216703Z  INFO herdr::logging: api request received event="api.request.start" subsystem="api" outcome="started" request_id="cli:tab:focus" method="tab.focus" changes_ui=true
2026-07-27T23:51:01.216773Z  INFO herdr::logging: tab focused event="tab.focus" subsystem="tab" outcome="ok" workspace_id="w3" tab_id="w3:t1"
2026-07-27T23:51:01.216819Z  INFO herdr::logging: api request completed event="api.request.complete" subsystem="api" outcome="ok" request_id="cli:tab:focus" method="tab.focus"
2026-07-27T23:51:01.227260Z  INFO herdr::logging: api request received event="api.request.start" subsystem="api" outcome="started" request_id="cli:tab:focus" method="tab.focus" changes_ui=true
2026-07-27T23:51:01.227345Z  INFO herdr::logging: tab focused event="tab.focus" subsystem="tab" outcome="ok" workspace_id="w3" tab_id="w3:t2"
2026-07-27T23:51:01.227382Z  INFO herdr::logging: api request completed event="api.request.complete" subsystem="api" outcome="ok" request_id="cli:tab:focus" method="tab.focus"
2026-07-27T23:51:03.061601Z  INFO herdr::logging: api request received event="api.request.start" subsystem="api" outcome="started" request_id="cli:tab:focus" method="tab.focus" changes_ui=true
2026-07-27T23:51:03.061730Z  INFO herdr::logging: tab focused event="tab.focus" subsystem="tab" outcome="ok" workspace_id="w3" tab_id="w3:t1"
2026-07-27T23:51:03.061787Z  INFO herdr::logging: api request completed event="api.request.complete" subsystem="api" outcome="ok" request_id="cli:tab:focus" method="tab.focus"
2026-07-27T23:51:04.144111Z  INFO herdr::logging: api request received event="api.request.start" subsystem="api" outcome="started" request_id="cli:tab:focus" method="tab.focus" changes_ui=true
2026-07-27T23:51:04.144253Z  INFO herdr::logging: tab focused event="tab.focus" subsystem="tab" outcome="ok" workspace_id="w3" tab_id="w3:t2"
2026-07-27T23:51:04.144302Z  INFO herdr::logging: api request completed event="api.request.complete" subsystem="api" outcome="ok" request_id="cli:tab:focus" method="tab.focus"
2026-07-27T23:51:09.152064Z  INFO herdr::logging: session saved event="persist.save" subsystem="persist" outcome="ok" path=/Users/vince/.config/herdr/session.json workspaces=2
2026-07-27T23:51:10.679174Z  INFO herdr::logging: api request received event="api.request.start" subsystem="api" outcome="started" request_id="cli:tab:focus" method="tab.focus" changes_ui=true
2026-07-27T23:51:10.679294Z  INFO herdr::logging: tab focused event="tab.focus" subsystem="tab" outcome="ok" workspace_id="w3" tab_id="w3:t1"
2026-07-27T23:51:10.679340Z  INFO herdr::logging: api request completed event="api.request.complete" subsystem="api" outcome="ok" request_id="cli:tab:focus" method="tab.focus"
2026-07-27T23:51:15.686826Z  INFO herdr::logging: session saved event="persist.save" subsystem="persist" outcome="ok" path=/Users/vince/.config/herdr/session.json workspaces=2
2026-07-27T23:51:29.233012Z  INFO herdr::logging: workspace focused event="workspace.focus" subsystem="workspace" outcome="ok" workspace_id="w2"
2026-07-27T23:51:29.233349Z  INFO herdr::logging: tab focused event="tab.focus" subsystem="tab" outcome="ok" workspace_id="w2" tab_id="w2:t3"
2026-07-27T23:51:30.569840Z  INFO herdr::logging: workspace focused event="workspace.focus" subsystem="workspace" outcome="ok" workspace_id="w3"
2026-07-27T23:51:30.570111Z  INFO herdr::logging: tab focused event="tab.focus" subsystem="tab" outcome="ok" workspace_id="w3" tab_id="w3:t7"
2026-07-27T23:51:35.283350Z  INFO herdr::logging: api request received event="api.request.start" subsystem="api" outcome="started" request_id="cli:tab:focus" method="tab.focus" changes_ui=true
2026-07-27T23:51:35.283601Z  INFO herdr::logging: tab focused event="tab.focus" subsystem="tab" outcome="ok" workspace_id="w3" tab_id="w3:t1"
2026-07-27T23:51:35.283661Z  INFO herdr::logging: api request completed event="api.request.complete" subsystem="api" outcome="ok" request_id="cli:tab:focus" method="tab.focus"
2026-07-27T23:51:40.292733Z  INFO herdr::logging: session saved event="persist.save" subsystem="persist" outcome="ok" path=/Users/vince/.config/herdr/session.json workspaces=2
2026-07-27T23:52:15.306702Z  INFO herdr::logging: tab focused event="tab.focus" subsystem="tab" outcome="ok" workspace_id="w3" tab_id="w3:t7"
2026-07-27T23:52:16.079984Z  INFO herdr::logging: workspace focused event="workspace.focus" subsystem="workspace" outcome="ok" workspace_id="w2"
2026-07-27T23:52:16.080248Z  INFO herdr::logging: tab focused event="tab.focus" subsystem="tab" outcome="ok" workspace_id="w2" tab_id="w2:t3"
2026-07-27T23:52:16.990147Z  INFO herdr::logging: workspace focused event="workspace.focus" subsystem="workspace" outcome="ok" workspace_id="w3"
2026-07-27T23:52:16.990760Z  INFO herdr::logging: tab focused event="tab.focus" subsystem="tab" outcome="ok" workspace_id="w3" tab_id="w3:t7"
2026-07-27T23:52:19.303314Z  INFO herdr::logging: api request received event="api.request.start" subsystem="api" outcome="started" request_id="cli:tab:focus" method="tab.focus" changes_ui=true
2026-07-27T23:52:19.303441Z  INFO herdr::logging: tab focused event="tab.focus" subsystem="tab" outcome="ok" workspace_id="w3" tab_id="w3:t2"
2026-07-27T23:52:19.303489Z  INFO herdr::logging: api request completed event="api.request.complete" subsystem="api" outcome="ok" request_id="cli:tab:focus" method="tab.focus"
2026-07-27T23:52:19.806752Z  INFO herdr::logging: api request received event="api.request.start" subsystem="api" outcome="started" request_id="cli:tab:focus" method="tab.focus" changes_ui=true
2026-07-27T23:52:19.806844Z  INFO herdr::logging: tab focused event="tab.focus" subsystem="tab" outcome="ok" workspace_id="w3" tab_id="w3:t6"
2026-07-27T23:52:19.806886Z  INFO herdr::logging: api request completed event="api.request.complete" subsystem="api" outcome="ok" request_id="cli:tab:focus" method="tab.focus"
2026-07-27T23:52:20.098360Z  INFO herdr::logging: api request received event="api.request.start" subsystem="api" outcome="started" request_id="cli:tab:focus" method="tab.focus" changes_ui=true
2026-07-27T23:52:20.098488Z  INFO herdr::logging: tab focused event="tab.focus" subsystem="tab" outcome="ok" workspace_id="w3" tab_id="w3:t1"
2026-07-27T23:52:20.098528Z  INFO herdr::logging: api request completed event="api.request.complete" subsystem="api" outcome="ok" request_id="cli:tab:focus" method="tab.focus"
2026-07-27T23:52:25.105340Z  INFO herdr::logging: session saved event="persist.save" subsystem="persist" outcome="ok" path=/Users/vince/.config/herdr/session.json workspaces=2
2026-07-27T23:53:24.820600Z  INFO herdr::logging: tab focused event="tab.focus" subsystem="tab" outcome="ok" workspace_id="w3" tab_id="w3:t7"
2026-07-27T23:53:26.710220Z  INFO herdr::logging: workspace focused event="workspace.focus" subsystem="workspace" outcome="ok" workspace_id="w2"
2026-07-27T23:53:26.710272Z  INFO herdr::logging: tab focused event="tab.focus" subsystem="tab" outcome="ok" workspace_id="w2" tab_id="w2:t3"
2026-07-27T23:53:27.242518Z  INFO herdr::logging: workspace focused event="workspace.focus" subsystem="workspace" outcome="ok" workspace_id="w3"
2026-07-27T23:53:27.242806Z  INFO herdr::logging: tab focused event="tab.focus" subsystem="tab" outcome="ok" workspace_id="w3" tab_id="w3:t7"
2026-07-27T23:53:27.967883Z  INFO herdr::logging: api request received event="api.request.start" subsystem="api" outcome="started" request_id="cli:tab:focus" method="tab.focus" changes_ui=true
2026-07-27T23:53:27.967959Z  INFO herdr::logging: tab focused event="tab.focus" subsystem="tab" outcome="ok" workspace_id="w3" tab_id="w3:t2"
2026-07-27T23:53:27.967989Z  INFO herdr::logging: api request completed event="api.request.complete" subsystem="api" outcome="ok" request_id="cli:tab:focus" method="tab.focus"
2026-07-27T23:53:32.977485Z  INFO herdr::logging: session saved event="persist.save" subsystem="persist" outcome="ok" path=/Users/vince/.config/herdr/session.json workspaces=2
2026-07-27T23:54:32.961694Z  INFO herdr::logging: tab focused event="tab.focus" subsystem="tab" outcome="ok" workspace_id="w3" tab_id="w3:t1"
2026-07-27T23:54:37.967205Z  INFO herdr::logging: session saved event="persist.save" subsystem="persist" outcome="ok" path=/Users/vince/.config/herdr/session.json workspaces=2
2026-07-27T23:55:02.383445Z  INFO herdr::logging: api request received event="api.request.start" subsystem="api" outcome="started" request_id="cli:tab:focus" method="tab.focus" changes_ui=true
2026-07-27T23:55:02.384127Z  INFO herdr::logging: tab focused event="tab.focus" subsystem="tab" outcome="ok" workspace_id="w3" tab_id="w3:t2"
2026-07-27T23:55:02.384155Z  INFO herdr::logging: api request completed event="api.request.complete" subsystem="api" outcome="ok" request_id="cli:tab:focus" method="tab.focus"
2026-07-27T23:55:02.832953Z  INFO herdr::logging: api request received event="api.request.start" subsystem="api" outcome="started" request_id="cli:tab:focus" method="tab.focus" changes_ui=true
2026-07-27T23:55:02.833025Z  INFO herdr::logging: tab focused event="tab.focus" subsystem="tab" outcome="ok" workspace_id="w3" tab_id="w3:t1"
2026-07-27T23:55:02.833069Z  INFO herdr::logging: api request completed event="api.request.complete" subsystem="api" outcome="ok" request_id="cli:tab:focus" method="tab.focus"
2026-07-27T23:55:07.841288Z  INFO herdr::logging: session saved event="persist.save" subsystem="persist" outcome="ok" path=/Users/vince/.config/herdr/session.json workspaces=2
2026-07-27T23:55:21.642552Z  INFO herdr::logging: api request received event="api.request.start" subsystem="api" outcome="started" request_id="cli:tab:focus" method="tab.focus" changes_ui=true
2026-07-27T23:55:21.642648Z  INFO herdr::logging: tab focused event="tab.focus" subsystem="tab" outcome="ok" workspace_id="w3" tab_id="w3:t2"
2026-07-27T23:55:21.642689Z  INFO herdr::logging: api request completed event="api.request.complete" subsystem="api" outcome="ok" request_id="cli:tab:focus" method="tab.focus"
2026-07-27T23:55:22.232771Z  INFO herdr::logging: api request received event="api.request.start" subsystem="api" outcome="started" request_id="cli:tab:focus" method="tab.focus" changes_ui=true
2026-07-27T23:55:22.232932Z  INFO herdr::logging: tab focused event="tab.focus" subsystem="tab" outcome="ok" workspace_id="w3" tab_id="w3:t1"
2026-07-27T23:55:22.232979Z  INFO herdr::logging: api request completed event="api.request.complete" subsystem="api" outcome="ok" request_id="cli:tab:focus" method="tab.focus"
2026-07-27T23:55:25.774982Z  INFO herdr::logging: api request received event="api.request.start" subsystem="api" outcome="started" request_id="cli:tab:focus" method="tab.focus" changes_ui=true
2026-07-27T23:55:25.775066Z  INFO herdr::logging: tab focused event="tab.focus" subsystem="tab" outcome="ok" workspace_id="w3" tab_id="w3:t2"
2026-07-27T23:55:25.775100Z  INFO herdr::logging: api request completed event="api.request.complete" subsystem="api" outcome="ok" request_id="cli:tab:focus" method="tab.focus"
2026-07-27T23:55:30.784547Z  INFO herdr::logging: session saved event="persist.save" subsystem="persist" outcome="ok" path=/Users/vince/.config/herdr/session.json workspaces=2
2026-07-28T02:30:30.147215Z  INFO herdr::logging: checking for updates event="update.check.start" subsystem="update" outcome="started"
2026-07-28T08:29:59.787931Z  INFO herdr::server::headless: client resize client_id=4 cols=126 rows=38 cell_width_px=0 cell_height_px=0
2026-07-28T08:37:31.509172Z  INFO herdr::server::headless: client connected client_id=6 cols=80 rows=24 cell_width_px=0 cell_height_px=0 render_encoding=SemanticFrame
2026-07-28T08:37:31.527262Z  INFO herdr::server::headless: client disconnected client_id=6
2026-07-28T08:37:35.680695Z  INFO herdr::server::headless: client connected client_id=8 cols=80 rows=24 cell_width_px=0 cell_height_px=0 render_encoding=SemanticFrame
2026-07-28T08:37:35.699907Z  INFO herdr::server::headless: client disconnected client_id=8
2026-07-28T08:38:06.766514Z  INFO herdr::server::headless: client connected client_id=10 cols=126 rows=38 cell_width_px=0 cell_height_px=0 render_encoding=SemanticFrame
2026-07-28T08:38:10.494474Z  INFO herdr::server::headless: client disconnected client_id=10
2026-07-28T08:38:10.495723Z  INFO herdr::server::headless: client disconnected client_id=4
2026-07-28T08:38:13.177778Z  INFO herdr::server::headless: client connected client_id=12 cols=126 rows=38 cell_width_px=0 cell_height_px=0 render_encoding=SemanticFrame
2026-07-28T08:38:16.009644Z  INFO herdr::server::headless: client connected client_id=14 cols=126 rows=38 cell_width_px=0 cell_height_px=0 render_encoding=SemanticFrame
2026-07-28T08:38:20.747528Z  INFO herdr::logging: spawning pane terminal event="pane.spawn.start" subsystem="pane" outcome="started" pane_id=32 rows=27 cols=77 scrollback_limit_bytes=10000000
2026-07-28T08:38:20.755443Z  INFO herdr::logging: pane child spawned event="pane.spawned" subsystem="pane" outcome="ok" pane_id=32 pid=14371
2026-07-28T08:38:23.097901Z  INFO herdr::server::headless: client disconnected client_id=14
2026-07-28T08:38:23.832166Z  INFO herdr::logging: api request received event="api.request.start" subsystem="api" outcome="started" request_id="cli:workspace:create" method="workspace.create" changes_ui=true
2026-07-28T08:38:23.832310Z  INFO herdr::logging: spawning pane terminal event="pane.spawn.start" subsystem="pane" outcome="started" pane_id=33 rows=37 cols=100 scrollback_limit_bytes=10000000
2026-07-28T08:38:23.835340Z  INFO herdr::logging: pane child spawned event="pane.spawned" subsystem="pane" outcome="ok" pane_id=33 pid=14395
2026-07-28T08:38:23.836131Z  INFO herdr::logging: workspace created event="workspace.create" subsystem="workspace" outcome="ok" workspace_id="w9" pane_id=33
2026-07-28T08:38:23.836155Z  INFO herdr::logging: workspace focused event="workspace.focus" subsystem="workspace" outcome="ok" workspace_id="w9"
2026-07-28T08:38:23.836197Z  INFO herdr::logging: tab focused event="tab.focus" subsystem="tab" outcome="ok" workspace_id="w9" tab_id="w9:t1"
2026-07-28T08:38:23.836209Z  INFO herdr::logging: workspace renamed event="workspace.rename" subsystem="workspace" outcome="ok" workspace_id="w9"
2026-07-28T08:38:23.836714Z  INFO herdr::logging: api request completed event="api.request.complete" subsystem="api" outcome="ok" request_id="cli:workspace:create" method="workspace.create"
2026-07-28T08:38:23.837301Z  INFO herdr::logging: pane child exited event="pane.exit" subsystem="pane" outcome="completed" pane_id=32 status="ExitStatus { code: 0, signal: None }"
2026-07-28T08:38:23.840127Z  INFO herdr::pane: pane session terminated pane=32 pid=14371 signal=Hangup
2026-07-28T08:38:25.927947Z  INFO herdr::logging: spawning pane terminal event="pane.spawn.start" subsystem="pane" outcome="started" pane_id=34 rows=37 cols=100 scrollback_limit_bytes=10000000
2026-07-28T08:38:25.941067Z  INFO herdr::logging: pane child spawned event="pane.spawned" subsystem="pane" outcome="ok" pane_id=34 pid=14483
2026-07-28T08:38:25.942782Z  INFO herdr::logging: tab focused event="tab.focus" subsystem="tab" outcome="ok" workspace_id="w9" tab_id="w9:t2"
2026-07-28T08:38:26.901036Z  INFO herdr::logging: spawning pane terminal event="pane.spawn.start" subsystem="pane" outcome="started" pane_id=35 rows=37 cols=100 scrollback_limit_bytes=10000000
2026-07-28T08:38:26.912125Z  INFO herdr::logging: pane child spawned event="pane.spawned" subsystem="pane" outcome="ok" pane_id=35 pid=14554
2026-07-28T08:38:26.912730Z  INFO herdr::logging: tab focused event="tab.focus" subsystem="tab" outcome="ok" workspace_id="w9" tab_id="w9:t3"
2026-07-28T08:38:27.980171Z  INFO herdr::logging: spawning pane terminal event="pane.spawn.start" subsystem="pane" outcome="started" pane_id=36 rows=37 cols=100 scrollback_limit_bytes=10000000
2026-07-28T08:38:27.988997Z  INFO herdr::logging: pane child spawned event="pane.spawned" subsystem="pane" outcome="ok" pane_id=36 pid=14631
2026-07-28T08:38:27.989429Z  INFO herdr::logging: tab focused event="tab.focus" subsystem="tab" outcome="ok" workspace_id="w9" tab_id="w9:t4"
2026-07-28T08:38:33.001076Z  INFO herdr::logging: session saved event="persist.save" subsystem="persist" outcome="ok" path=/Users/vince/.config/herdr/session.json workspaces=3
2026-07-28T08:40:25.781533Z  INFO herdr::logging: spawning pane terminal event="pane.spawn.start" subsystem="pane" outcome="started" pane_id=37 rows=37 cols=100 scrollback_limit_bytes=10000000
2026-07-28T08:40:25.792114Z  INFO herdr::logging: pane child spawned event="pane.spawned" subsystem="pane" outcome="ok" pane_id=37 pid=15173
2026-07-28T08:40:25.792905Z  INFO herdr::logging: tab focused event="tab.focus" subsystem="tab" outcome="ok" workspace_id="w9" tab_id="w9:t5"
2026-07-28T08:40:28.358833Z  INFO herdr::logging: pane child exited event="pane.exit" subsystem="pane" outcome="completed" pane_id=37 status="ExitStatus { code: 1, signal: None }"
2026-07-28T08:40:28.375899Z  INFO herdr::pane: pane session terminated pane=37 pid=15173 signal=Hangup
2026-07-28T08:40:28.377347Z  WARN herdr::app::actions: PaneDied for unknown pane pane=37
2026-07-28T08:40:30.674846Z  INFO herdr::logging: checking for updates event="update.check.start" subsystem="update" outcome="started"
2026-07-28T08:40:33.383956Z  INFO herdr::logging: session saved event="persist.save" subsystem="persist" outcome="ok" path=/Users/vince/.config/herdr/session.json workspaces=3
2026-07-28T08:42:47.995196Z  INFO herdr::server::headless: client connected client_id=16 cols=80 rows=24 cell_width_px=0 cell_height_px=0 render_encoding=SemanticFrame
2026-07-28T08:42:48.015134Z  INFO herdr::server::headless: client disconnected client_id=16
2026-07-28T08:43:08.515121Z  INFO herdr::pane: agent changed pane=36 previous_agent=None agent=Some(Cursor) process=cursor pgid=Some(16098)
2026-07-28T08:43:09.124276Z  INFO herdr::pane: agent changed pane=36 previous_agent=Some(Cursor) agent=None pgid=Some(14631)
2026-07-28T08:45:04.298791Z  INFO herdr::pane: agent changed pane=36 previous_agent=None agent=Some(Cursor) process=cursor pgid=Some(16825)
2026-07-28T08:45:11.587251Z  INFO herdr::pane: agent changed pane=36 previous_agent=Some(Cursor) agent=None pgid=Some(14631)
2026-07-28T08:45:15.114495Z  INFO herdr::pane: agent changed pane=36 previous_agent=None agent=Some(Cursor) process=cursor-agent pgid=Some(16884)
2026-07-28T08:45:15.722761Z  INFO herdr::pane: agent changed pane=36 previous_agent=Some(Cursor) agent=None pgid=Some(14631)
2026-07-28T09:10:31.754182Z  INFO herdr::logging: pane child exited event="pane.exit" subsystem="pane" outcome="completed" pane_id=36 status="ExitStatus { code: 1, signal: None }"
2026-07-28T09:10:31.772896Z  INFO herdr::pane: pane session terminated pane=36 pid=14631 signal=Hangup
2026-07-28T09:10:31.773872Z  WARN herdr::app::actions: PaneDied for unknown pane pane=36
2026-07-28T09:10:32.517063Z  INFO herdr::logging: spawning pane terminal event="pane.spawn.start" subsystem="pane" outcome="started" pane_id=38 rows=37 cols=100 scrollback_limit_bytes=10000000
2026-07-28T09:10:32.526195Z  INFO herdr::logging: pane child spawned event="pane.spawned" subsystem="pane" outcome="ok" pane_id=38 pid=17827
2026-07-28T09:10:32.526720Z  INFO herdr::logging: tab focused event="tab.focus" subsystem="tab" outcome="ok" workspace_id="w9" tab_id="w9:t6"
2026-07-28T09:10:37.535195Z  INFO herdr::logging: session saved event="persist.save" subsystem="persist" outcome="ok" path=/Users/vince/.config/herdr/session.json workspaces=3
2026-07-28T09:11:11.455852Z  INFO herdr::pane: agent changed pane=38 previous_agent=None agent=Some(Cursor) process=cursor pgid=Some(18073)
2026-07-28T09:11:12.062323Z  INFO herdr::pane: agent changed pane=38 previous_agent=Some(Cursor) agent=None pgid=Some(17827)
2026-07-28T09:11:18.292299Z  INFO herdr::app::actions: copied selection to clipboard
2026-07-28T09:11:25.642850Z  INFO herdr::logging: pane child exited event="pane.exit" subsystem="pane" outcome="completed" pane_id=38 status="ExitStatus { code: 1, signal: None }"
2026-07-28T09:11:25.659980Z  INFO herdr::pane: pane session terminated pane=38 pid=17827 signal=Hangup
2026-07-28T09:11:25.661624Z  WARN herdr::app::actions: PaneDied for unknown pane pane=38
2026-07-28T09:11:25.807139Z  INFO herdr::logging: spawning pane terminal event="pane.spawn.start" subsystem="pane" outcome="started" pane_id=39 rows=37 cols=100 scrollback_limit_bytes=10000000
2026-07-28T09:11:25.830694Z  INFO herdr::logging: pane child spawned event="pane.spawned" subsystem="pane" outcome="ok" pane_id=39 pid=18147
2026-07-28T09:11:25.834750Z  INFO herdr::logging: tab focused event="tab.focus" subsystem="tab" outcome="ok" workspace_id="w9" tab_id="w9:t7"
2026-07-28T09:11:29.007032Z  INFO herdr::logging: api request received event="api.request.start" subsystem="api" outcome="started" request_id="cli:tab:focus" method="tab.focus" changes_ui=true
2026-07-28T09:11:29.007122Z  INFO herdr::logging: tab focused event="tab.focus" subsystem="tab" outcome="ok" workspace_id="w9" tab_id="w9:t1"
2026-07-28T09:11:29.007149Z  INFO herdr::logging: api request completed event="api.request.complete" subsystem="api" outcome="ok" request_id="cli:tab:focus" method="tab.focus"
2026-07-28T09:11:29.071551Z  INFO herdr::logging: api request received event="api.request.start" subsystem="api" outcome="started" request_id="cli:tab:focus" method="tab.focus" changes_ui=true
2026-07-28T09:11:29.071647Z  INFO herdr::logging: tab focused event="tab.focus" subsystem="tab" outcome="ok" workspace_id="w9" tab_id="w9:t2"
2026-07-28T09:11:29.071685Z  INFO herdr::logging: api request completed event="api.request.complete" subsystem="api" outcome="ok" request_id="cli:tab:focus" method="tab.focus"
2026-07-28T09:11:29.218601Z  INFO herdr::logging: api request received event="api.request.start" subsystem="api" outcome="started" request_id="cli:tab:focus" method="tab.focus" changes_ui=true
2026-07-28T09:11:29.218710Z  INFO herdr::logging: tab focused event="tab.focus" subsystem="tab" outcome="ok" workspace_id="w9" tab_id="w9:t3"
2026-07-28T09:11:29.218748Z  INFO herdr::logging: api request completed event="api.request.complete" subsystem="api" outcome="ok" request_id="cli:tab:focus" method="tab.focus"
2026-07-28T09:11:29.469803Z  INFO herdr::logging: api request received event="api.request.start" subsystem="api" outcome="started" request_id="cli:tab:focus" method="tab.focus" changes_ui=true
2026-07-28T09:11:29.469918Z  INFO herdr::logging: tab focused event="tab.focus" subsystem="tab" outcome="ok" workspace_id="w9" tab_id="w9:t7"
2026-07-28T09:11:29.469968Z  INFO herdr::logging: api request completed event="api.request.complete" subsystem="api" outcome="ok" request_id="cli:tab:focus" method="tab.focus"
2026-07-28T09:11:29.923849Z  INFO herdr::logging: api request received event="api.request.start" subsystem="api" outcome="started" request_id="cli:tab:focus" method="tab.focus" changes_ui=true
2026-07-28T09:11:29.923930Z  INFO herdr::logging: tab focused event="tab.focus" subsystem="tab" outcome="ok" workspace_id="w9" tab_id="w9:t1"
2026-07-28T09:11:29.923966Z  INFO herdr::logging: api request completed event="api.request.complete" subsystem="api" outcome="ok" request_id="cli:tab:focus" method="tab.focus"
2026-07-28T09:11:29.930765Z  INFO herdr::logging: api request received event="api.request.start" subsystem="api" outcome="started" request_id="cli:tab:focus" method="tab.focus" changes_ui=true
2026-07-28T09:11:29.930839Z  INFO herdr::logging: tab focused event="tab.focus" subsystem="tab" outcome="ok" workspace_id="w9" tab_id="w9:t2"
2026-07-28T09:11:29.930871Z  INFO herdr::logging: api request completed event="api.request.complete" subsystem="api" outcome="ok" request_id="cli:tab:focus" method="tab.focus"
2026-07-28T09:11:30.031532Z  INFO herdr::logging: api request received event="api.request.start" subsystem="api" outcome="started" request_id="cli:tab:focus" method="tab.focus" changes_ui=true
2026-07-28T09:11:30.031632Z  INFO herdr::logging: tab focused event="tab.focus" subsystem="tab" outcome="ok" workspace_id="w9" tab_id="w9:t3"
2026-07-28T09:11:30.031668Z  INFO herdr::logging: api request completed event="api.request.complete" subsystem="api" outcome="ok" request_id="cli:tab:focus" method="tab.focus"
2026-07-28T09:11:30.310061Z  INFO herdr::logging: api request received event="api.request.start" subsystem="api" outcome="started" request_id="cli:tab:focus" method="tab.focus" changes_ui=true
2026-07-28T09:11:30.310160Z  INFO herdr::logging: tab focused event="tab.focus" subsystem="tab" outcome="ok" workspace_id="w9" tab_id="w9:t7"
2026-07-28T09:11:30.310197Z  INFO herdr::logging: api request completed event="api.request.complete" subsystem="api" outcome="ok" request_id="cli:tab:focus" method="tab.focus"
2026-07-28T09:11:30.574284Z  INFO herdr::logging: api request received event="api.request.start" subsystem="api" outcome="started" request_id="cli:tab:focus" method="tab.focus" changes_ui=true
2026-07-28T09:11:30.574387Z  INFO herdr::logging: tab focused event="tab.focus" subsystem="tab" outcome="ok" workspace_id="w9" tab_id="w9:t1"
2026-07-28T09:11:30.574435Z  INFO herdr::logging: api request completed event="api.request.complete" subsystem="api" outcome="ok" request_id="cli:tab:focus" method="tab.focus"
2026-07-28T09:11:30.591196Z  INFO herdr::logging: api request received event="api.request.start" subsystem="api" outcome="started" request_id="cli:tab:focus" method="tab.focus" changes_ui=true
2026-07-28T09:11:30.591289Z  INFO herdr::logging: tab focused event="tab.focus" subsystem="tab" outcome="ok" workspace_id="w9" tab_id="w9:t2"
2026-07-28T09:11:30.591317Z  INFO herdr::logging: api request completed event="api.request.complete" subsystem="api" outcome="ok" request_id="cli:tab:focus" method="tab.focus"
2026-07-28T09:11:30.725192Z  INFO herdr::logging: api request received event="api.request.start" subsystem="api" outcome="started" request_id="cli:tab:focus" method="tab.focus" changes_ui=true
2026-07-28T09:11:30.725277Z  INFO herdr::logging: tab focused event="tab.focus" subsystem="tab" outcome="ok" workspace_id="w9" tab_id="w9:t3"
2026-07-28T09:11:30.725316Z  INFO herdr::logging: api request completed event="api.request.complete" subsystem="api" outcome="ok" request_id="cli:tab:focus" method="tab.focus"
2026-07-28T09:11:30.971024Z  INFO herdr::logging: api request received event="api.request.start" subsystem="api" outcome="started" request_id="cli:tab:focus" method="tab.focus" changes_ui=true
2026-07-28T09:11:30.971182Z  INFO herdr::logging: tab focused event="tab.focus" subsystem="tab" outcome="ok" workspace_id="w9" tab_id="w9:t7"
2026-07-28T09:11:30.971228Z  INFO herdr::logging: api request completed event="api.request.complete" subsystem="api" outcome="ok" request_id="cli:tab:focus" method="tab.focus"
2026-07-28T09:11:31.305137Z  INFO herdr::logging: api request received event="api.request.start" subsystem="api" outcome="started" request_id="cli:tab:focus" method="tab.focus" changes_ui=true
2026-07-28T09:11:31.305221Z  INFO herdr::logging: tab focused event="tab.focus" subsystem="tab" outcome="ok" workspace_id="w9" tab_id="w9:t1"
2026-07-28T09:11:31.305247Z  INFO herdr::logging: api request completed event="api.request.complete" subsystem="api" outcome="ok" request_id="cli:tab:focus" method="tab.focus"
2026-07-28T09:11:31.308632Z  INFO herdr::logging: api request received event="api.request.start" subsystem="api" outcome="started" request_id="cli:tab:focus" method="tab.focus" changes_ui=true
2026-07-28T09:11:31.308689Z  INFO herdr::logging: tab focused event="tab.focus" subsystem="tab" outcome="ok" workspace_id="w9" tab_id="w9:t2"
2026-07-28T09:11:31.308715Z  INFO herdr::logging: api request completed event="api.request.complete" subsystem="api" outcome="ok" request_id="cli:tab:focus" method="tab.focus"
2026-07-28T09:11:31.451922Z  INFO herdr::logging: api request received event="api.request.start" subsystem="api" outcome="started" request_id="cli:tab:focus" method="tab.focus" changes_ui=true
2026-07-28T09:11:31.452040Z  INFO herdr::logging: tab focused event="tab.focus" subsystem="tab" outcome="ok" workspace_id="w9" tab_id="w9:t3"
2026-07-28T09:11:31.452085Z  INFO herdr::logging: api request completed event="api.request.complete" subsystem="api" outcome="ok" request_id="cli:tab:focus" method="tab.focus"
2026-07-28T09:11:31.758303Z  INFO herdr::logging: api request received event="api.request.start" subsystem="api" outcome="started" request_id="cli:tab:focus" method="tab.focus" changes_ui=true
2026-07-28T09:11:31.758501Z  INFO herdr::logging: tab focused event="tab.focus" subsystem="tab" outcome="ok" workspace_id="w9" tab_id="w9:t7"
2026-07-28T09:11:31.758562Z  INFO herdr::logging: api request completed event="api.request.complete" subsystem="api" outcome="ok" request_id="cli:tab:focus" method="tab.focus"
2026-07-28T09:11:32.042475Z  INFO herdr::logging: api request received event="api.request.start" subsystem="api" outcome="started" request_id="cli:tab:focus" method="tab.focus" changes_ui=true
2026-07-28T09:11:32.042567Z  INFO herdr::logging: tab focused event="tab.focus" subsystem="tab" outcome="ok" workspace_id="w9" tab_id="w9:t1"
2026-07-28T09:11:32.042613Z  INFO herdr::logging: api request completed event="api.request.complete" subsystem="api" outcome="ok" request_id="cli:tab:focus" method="tab.focus"
2026-07-28T09:11:32.078541Z  INFO herdr::logging: api request received event="api.request.start" subsystem="api" outcome="started" request_id="cli:tab:focus" method="tab.focus" changes_ui=true
2026-07-28T09:11:32.078684Z  INFO herdr::logging: tab focused event="tab.focus" subsystem="tab" outcome="ok" workspace_id="w9" tab_id="w9:t2"
2026-07-28T09:11:32.078734Z  INFO herdr::logging: api request completed event="api.request.complete" subsystem="api" outcome="ok" request_id="cli:tab:focus" method="tab.focus"
2026-07-28T09:11:32.195745Z  INFO herdr::logging: api request received event="api.request.start" subsystem="api" outcome="started" request_id="cli:tab:focus" method="tab.focus" changes_ui=true
2026-07-28T09:11:32.195865Z  INFO herdr::logging: tab focused event="tab.focus" subsystem="tab" outcome="ok" workspace_id="w9" tab_id="w9:t3"
2026-07-28T09:11:32.195907Z  INFO herdr::logging: api request completed event="api.request.complete" subsystem="api" outcome="ok" request_id="cli:tab:focus" method="tab.focus"
2026-07-28T09:11:32.469734Z  INFO herdr::logging: api request received event="api.request.start" subsystem="api" outcome="started" request_id="cli:tab:focus" method="tab.focus" changes_ui=true
2026-07-28T09:11:32.469928Z  INFO herdr::logging: tab focused event="tab.focus" subsystem="tab" outcome="ok" workspace_id="w9" tab_id="w9:t7"
2026-07-28T09:11:32.469996Z  INFO herdr::logging: api request completed event="api.request.complete" subsystem="api" outcome="ok" request_id="cli:tab:focus" method="tab.focus"
2026-07-28T09:11:32.705765Z  INFO herdr::logging: api request received event="api.request.start" subsystem="api" outcome="started" request_id="cli:tab:focus" method="tab.focus" changes_ui=true
2026-07-28T09:11:32.705880Z  INFO herdr::logging: tab focused event="tab.focus" subsystem="tab" outcome="ok" workspace_id="w9" tab_id="w9:t1"
2026-07-28T09:11:32.705926Z  INFO herdr::logging: api request completed event="api.request.complete" subsystem="api" outcome="ok" request_id="cli:tab:focus" method="tab.focus"
2026-07-28T09:11:32.756081Z  INFO herdr::logging: api request received event="api.request.start" subsystem="api" outcome="started" request_id="cli:tab:focus" method="tab.focus" changes_ui=true
2026-07-28T09:11:32.756184Z  INFO herdr::logging: tab focused event="tab.focus" subsystem="tab" outcome="ok" workspace_id="w9" tab_id="w9:t2"
2026-07-28T09:11:32.756224Z  INFO herdr::logging: api request completed event="api.request.complete" subsystem="api" outcome="ok" request_id="cli:tab:focus" method="tab.focus"
2026-07-28T09:11:32.888013Z  INFO herdr::logging: api request received event="api.request.start" subsystem="api" outcome="started" request_id="cli:tab:focus" method="tab.focus" changes_ui=true
2026-07-28T09:11:32.888122Z  INFO herdr::logging: tab focused event="tab.focus" subsystem="tab" outcome="ok" workspace_id="w9" tab_id="w9:t3"
2026-07-28T09:11:32.888163Z  INFO herdr::logging: api request completed event="api.request.complete" subsystem="api" outcome="ok" request_id="cli:tab:focus" method="tab.focus"
2026-07-28T09:11:33.100177Z  INFO herdr::logging: api request received event="api.request.start" subsystem="api" outcome="started" request_id="cli:tab:focus" method="tab.focus" changes_ui=true
2026-07-28T09:11:33.100394Z  INFO herdr::logging: tab focused event="tab.focus" subsystem="tab" outcome="ok" workspace_id="w9" tab_id="w9:t7"
2026-07-28T09:11:33.100464Z  INFO herdr::logging: api request completed event="api.request.complete" subsystem="api" outcome="ok" request_id="cli:tab:focus" method="tab.focus"
2026-07-28T09:11:33.360081Z  INFO herdr::logging: api request received event="api.request.start" subsystem="api" outcome="started" request_id="cli:tab:focus" method="tab.focus" changes_ui=true
2026-07-28T09:11:33.360223Z  INFO herdr::logging: tab focused event="tab.focus" subsystem="tab" outcome="ok" workspace_id="w9" tab_id="w9:t1"
2026-07-28T09:11:33.360404Z  INFO herdr::logging: api request completed event="api.request.complete" subsystem="api" outcome="ok" request_id="cli:tab:focus" method="tab.focus"
2026-07-28T09:11:33.421283Z  INFO herdr::logging: api request received event="api.request.start" subsystem="api" outcome="started" request_id="cli:tab:focus" method="tab.focus" changes_ui=true
2026-07-28T09:11:33.421391Z  INFO herdr::logging: tab focused event="tab.focus" subsystem="tab" outcome="ok" workspace_id="w9" tab_id="w9:t2"
2026-07-28T09:11:33.421432Z  INFO herdr::logging: api request completed event="api.request.complete" subsystem="api" outcome="ok" request_id="cli:tab:focus" method="tab.focus"
2026-07-28T09:11:33.536421Z  INFO herdr::logging: api request received event="api.request.start" subsystem="api" outcome="started" request_id="cli:tab:focus" method="tab.focus" changes_ui=true
2026-07-28T09:11:33.536532Z  INFO herdr::logging: tab focused event="tab.focus" subsystem="tab" outcome="ok" workspace_id="w9" tab_id="w9:t3"
2026-07-28T09:11:33.536579Z  INFO herdr::logging: api request completed event="api.request.complete" subsystem="api" outcome="ok" request_id="cli:tab:focus" method="tab.focus"
2026-07-28T09:11:33.759310Z  INFO herdr::logging: api request received event="api.request.start" subsystem="api" outcome="started" request_id="cli:tab:focus" method="tab.focus" changes_ui=true
2026-07-28T09:11:33.759421Z  INFO herdr::logging: tab focused event="tab.focus" subsystem="tab" outcome="ok" workspace_id="w9" tab_id="w9:t7"
2026-07-28T09:11:33.759464Z  INFO herdr::logging: api request completed event="api.request.complete" subsystem="api" outcome="ok" request_id="cli:tab:focus" method="tab.focus"
2026-07-28T09:11:34.037490Z  INFO herdr::logging: api request received event="api.request.start" subsystem="api" outcome="started" request_id="cli:tab:focus" method="tab.focus" changes_ui=true
2026-07-28T09:11:34.037611Z  INFO herdr::logging: tab focused event="tab.focus" subsystem="tab" outcome="ok" workspace_id="w9" tab_id="w9:t1"
2026-07-28T09:11:34.037657Z  INFO herdr::logging: api request completed event="api.request.complete" subsystem="api" outcome="ok" request_id="cli:tab:focus" method="tab.focus"
2026-07-28T09:11:34.113933Z  INFO herdr::logging: api request received event="api.request.start" subsystem="api" outcome="started" request_id="cli:tab:focus" method="tab.focus" changes_ui=true
2026-07-28T09:11:34.114030Z  INFO herdr::logging: tab focused event="tab.focus" subsystem="tab" outcome="ok" workspace_id="w9" tab_id="w9:t2"
2026-07-28T09:11:34.114061Z  INFO herdr::logging: api request completed event="api.request.complete" subsystem="api" outcome="ok" request_id="cli:tab:focus" method="tab.focus"
2026-07-28T09:11:34.217688Z  INFO herdr::logging: api request received event="api.request.start" subsystem="api" outcome="started" request_id="cli:tab:focus" method="tab.focus" changes_ui=true
2026-07-28T09:11:34.217790Z  INFO herdr::logging: tab focused event="tab.focus" subsystem="tab" outcome="ok" workspace_id="w9" tab_id="w9:t3"
2026-07-28T09:11:34.217829Z  INFO herdr::logging: api request completed event="api.request.complete" subsystem="api" outcome="ok" request_id="cli:tab:focus" method="tab.focus"
2026-07-28T09:11:34.472511Z  INFO herdr::logging: api request received event="api.request.start" subsystem="api" outcome="started" request_id="cli:tab:focus" method="tab.focus" changes_ui=true
2026-07-28T09:11:34.472618Z  INFO herdr::logging: tab focused event="tab.focus" subsystem="tab" outcome="ok" workspace_id="w9" tab_id="w9:t7"
2026-07-28T09:11:34.472659Z  INFO herdr::logging: api request completed event="api.request.complete" subsystem="api" outcome="ok" request_id="cli:tab:focus" method="tab.focus"
2026-07-28T09:11:34.838220Z  INFO herdr::logging: api request received event="api.request.start" subsystem="api" outcome="started" request_id="cli:tab:focus" method="tab.focus" changes_ui=true
2026-07-28T09:11:34.838334Z  INFO herdr::logging: tab focused event="tab.focus" subsystem="tab" outcome="ok" workspace_id="w9" tab_id="w9:t1"
2026-07-28T09:11:34.838371Z  INFO herdr::logging: api request completed event="api.request.complete" subsystem="api" outcome="ok" request_id="cli:tab:focus" method="tab.focus"
2026-07-28T09:11:34.856293Z  INFO herdr::logging: api request received event="api.request.start" subsystem="api" outcome="started" request_id="cli:tab:focus" method="tab.focus" changes_ui=true
2026-07-28T09:11:34.856395Z  INFO herdr::logging: tab focused event="tab.focus" subsystem="tab" outcome="ok" workspace_id="w9" tab_id="w9:t2"
2026-07-28T09:11:34.856430Z  INFO herdr::logging: api request completed event="api.request.complete" subsystem="api" outcome="ok" request_id="cli:tab:focus" method="tab.focus"
2026-07-28T09:11:35.009575Z  INFO herdr::logging: api request received event="api.request.start" subsystem="api" outcome="started" request_id="cli:tab:focus" method="tab.focus" changes_ui=true
2026-07-28T09:11:35.009688Z  INFO herdr::logging: tab focused event="tab.focus" subsystem="tab" outcome="ok" workspace_id="w9" tab_id="w9:t3"
2026-07-28T09:11:35.009722Z  INFO herdr::logging: api request completed event="api.request.complete" subsystem="api" outcome="ok" request_id="cli:tab:focus" method="tab.focus"
2026-07-28T09:11:35.253445Z  INFO herdr::logging: api request received event="api.request.start" subsystem="api" outcome="started" request_id="cli:tab:focus" method="tab.focus" changes_ui=true
2026-07-28T09:11:35.253652Z  INFO herdr::logging: tab focused event="tab.focus" subsystem="tab" outcome="ok" workspace_id="w9" tab_id="w9:t7"
2026-07-28T09:11:35.253717Z  INFO herdr::logging: api request completed event="api.request.complete" subsystem="api" outcome="ok" request_id="cli:tab:focus" method="tab.focus"
2026-07-28T09:11:40.259013Z  INFO herdr::logging: session saved event="persist.save" subsystem="persist" outcome="ok" path=/Users/vince/.config/herdr/session.json workspaces=3
2026-07-28T09:12:34.502749Z  INFO herdr::pane: agent changed pane=39 previous_agent=None agent=Some(Cursor) process=cursor pgid=Some(19049)
2026-07-28T09:12:39.685361Z  INFO herdr::pane: agent changed pane=39 previous_agent=Some(Cursor) agent=None pgid=Some(18147)
2026-07-28T09:12:46.269656Z  INFO herdr::pane: agent changed pane=39 previous_agent=None agent=Some(Cursor) process=cursor pgid=Some(19410)
2026-07-28T09:12:51.746651Z  INFO herdr::pane: agent changed pane=39 previous_agent=Some(Cursor) agent=None pgid=Some(18147)
2026-07-28T09:12:57.462109Z  INFO herdr::logging: pane child exited event="pane.exit" subsystem="pane" outcome="completed" pane_id=39 status="ExitStatus { code: 1, signal: None }"
2026-07-28T09:12:57.482682Z  INFO herdr::pane: pane session terminated pane=39 pid=18147 signal=Hangup
2026-07-28T09:12:57.488006Z  WARN herdr::app::actions: PaneDied for unknown pane pane=39
2026-07-28T09:12:58.805238Z  INFO herdr::logging: spawning pane terminal event="pane.spawn.start" subsystem="pane" outcome="started" pane_id=40 rows=37 cols=100 scrollback_limit_bytes=10000000
2026-07-28T09:12:58.818742Z  INFO herdr::logging: pane child spawned event="pane.spawned" subsystem="pane" outcome="ok" pane_id=40 pid=19455
2026-07-28T09:12:58.819371Z  INFO herdr::logging: tab focused event="tab.focus" subsystem="tab" outcome="ok" workspace_id="w9" tab_id="w9:t8"
2026-07-28T09:13:03.835606Z  INFO herdr::logging: session saved event="persist.save" subsystem="persist" outcome="ok" path=/Users/vince/.config/herdr/session.json workspaces=3
2026-07-28T09:14:00.088417Z  INFO herdr::app::actions: copied selection to clipboard
2026-07-28T09:14:07.589798Z  INFO herdr::logging: workspace focused event="workspace.focus" subsystem="workspace" outcome="ok" workspace_id="w2"
2026-07-28T09:14:07.589949Z  INFO herdr::logging: tab focused event="tab.focus" subsystem="tab" outcome="ok" workspace_id="w2" tab_id="w2:t3"
2026-07-28T09:14:08.517593Z  INFO herdr::logging: workspace focused event="workspace.focus" subsystem="workspace" outcome="ok" workspace_id="w3"
2026-07-28T09:14:08.517690Z  INFO herdr::logging: tab focused event="tab.focus" subsystem="tab" outcome="ok" workspace_id="w3" tab_id="w3:t7"
2026-07-28T09:14:08.998170Z  INFO herdr::logging: workspace focused event="workspace.focus" subsystem="workspace" outcome="ok" workspace_id="w2"
2026-07-28T09:14:08.998321Z  INFO herdr::logging: tab focused event="tab.focus" subsystem="tab" outcome="ok" workspace_id="w2" tab_id="w2:t3"
2026-07-28T09:14:09.594796Z  INFO herdr::logging: workspace focused event="workspace.focus" subsystem="workspace" outcome="ok" workspace_id="w3"
2026-07-28T09:14:09.595069Z  INFO herdr::logging: tab focused event="tab.focus" subsystem="tab" outcome="ok" workspace_id="w3" tab_id="w3:t7"
2026-07-28T09:14:12.779132Z  INFO herdr::logging: api request received event="api.request.start" subsystem="api" outcome="started" request_id="cli:tab:focus" method="tab.focus" changes_ui=true
2026-07-28T09:14:12.779226Z  INFO herdr::logging: tab focused event="tab.focus" subsystem="tab" outcome="ok" workspace_id="w3" tab_id="w3:t6"
2026-07-28T09:14:12.779260Z  INFO herdr::logging: api request completed event="api.request.complete" subsystem="api" outcome="ok" request_id="cli:tab:focus" method="tab.focus"
2026-07-28T09:14:13.938839Z  INFO herdr::logging: workspace focused event="workspace.focus" subsystem="workspace" outcome="ok" workspace_id="w2"
2026-07-28T09:14:13.938979Z  INFO herdr::logging: tab focused event="tab.focus" subsystem="tab" outcome="ok" workspace_id="w2" tab_id="w2:t3"
2026-07-28T09:14:15.815782Z  INFO herdr::logging: workspace focused event="workspace.focus" subsystem="workspace" outcome="ok" workspace_id="w3"
2026-07-28T09:14:15.815938Z  INFO herdr::logging: tab focused event="tab.focus" subsystem="tab" outcome="ok" workspace_id="w3" tab_id="w3:t7"
2026-07-28T09:14:16.862270Z  INFO herdr::logging: workspace focused event="workspace.focus" subsystem="workspace" outcome="ok" workspace_id="w2"
2026-07-28T09:14:16.862520Z  INFO herdr::logging: tab focused event="tab.focus" subsystem="tab" outcome="ok" workspace_id="w2" tab_id="w2:t3"
2026-07-28T09:14:21.870108Z  INFO herdr::logging: session saved event="persist.save" subsystem="persist" outcome="ok" path=/Users/vince/.config/herdr/session.json workspaces=3
2026-07-28T09:14:22.028165Z  INFO herdr::logging: spawning pane terminal event="pane.spawn.start" subsystem="pane" outcome="started" pane_id=41 rows=27 cols=77 scrollback_limit_bytes=10000000
2026-07-28T09:14:22.042608Z  INFO herdr::logging: pane child spawned event="pane.spawned" subsystem="pane" outcome="ok" pane_id=41 pid=20284
2026-07-28T09:14:23.324008Z  INFO herdr::logging: api request received event="api.request.start" subsystem="api" outcome="started" request_id="cli:workspace:focus" method="workspace.focus" changes_ui=true
2026-07-28T09:14:23.324114Z  INFO herdr::logging: workspace focused event="workspace.focus" subsystem="workspace" outcome="ok" workspace_id="w9"
2026-07-28T09:14:23.324135Z  INFO herdr::logging: tab focused event="tab.focus" subsystem="tab" outcome="ok" workspace_id="w9" tab_id="w9:t8"
2026-07-28T09:14:23.324169Z  INFO herdr::logging: api request completed event="api.request.complete" subsystem="api" outcome="ok" request_id="cli:workspace:focus" method="workspace.focus"
2026-07-28T09:14:23.324864Z  INFO herdr::logging: pane child exited event="pane.exit" subsystem="pane" outcome="completed" pane_id=41 status="ExitStatus { code: 0, signal: None }"
2026-07-28T09:14:23.325560Z  INFO herdr::pane: pane session terminated pane=41 pid=20284 signal=Hangup
2026-07-28T09:14:28.330651Z  INFO herdr::logging: session saved event="persist.save" subsystem="persist" outcome="ok" path=/Users/vince/.config/herdr/session.json workspaces=3
2026-07-28T09:15:57.613485Z  INFO herdr::pane: agent changed pane=40 previous_agent=None agent=Some(Cursor) process=cursor pgid=Some(21039)
2026-07-28T09:16:06.067053Z  INFO herdr::logging: api request received event="api.request.start" subsystem="api" outcome="started" request_id="cli:tab:focus" method="tab.focus" changes_ui=true
2026-07-28T09:16:06.067162Z  INFO herdr::logging: tab focused event="tab.focus" subsystem="tab" outcome="ok" workspace_id="w9" tab_id="w9:t2"
2026-07-28T09:16:06.067203Z  INFO herdr::logging: api request completed event="api.request.complete" subsystem="api" outcome="ok" request_id="cli:tab:focus" method="tab.focus"
2026-07-28T09:16:06.147823Z  INFO herdr::logging: api request received event="api.request.start" subsystem="api" outcome="started" request_id="cli:tab:focus" method="tab.focus" changes_ui=true
2026-07-28T09:16:06.147900Z  INFO herdr::logging: tab focused event="tab.focus" subsystem="tab" outcome="ok" workspace_id="w9" tab_id="w9:t1"
2026-07-28T09:16:06.147931Z  INFO herdr::logging: api request completed event="api.request.complete" subsystem="api" outcome="ok" request_id="cli:tab:focus" method="tab.focus"
2026-07-28T09:16:06.669218Z  INFO herdr::logging: api request received event="api.request.start" subsystem="api" outcome="started" request_id="cli:tab:focus" method="tab.focus" changes_ui=true
2026-07-28T09:16:06.669338Z  INFO herdr::logging: tab focused event="tab.focus" subsystem="tab" outcome="ok" workspace_id="w9" tab_id="w9:t2"
2026-07-28T09:16:06.669387Z  INFO herdr::logging: api request completed event="api.request.complete" subsystem="api" outcome="ok" request_id="cli:tab:focus" method="tab.focus"
2026-07-28T09:16:06.870233Z  INFO herdr::logging: api request received event="api.request.start" subsystem="api" outcome="started" request_id="cli:tab:focus" method="tab.focus" changes_ui=true
2026-07-28T09:16:06.870383Z  INFO herdr::logging: tab focused event="tab.focus" subsystem="tab" outcome="ok" workspace_id="w9" tab_id="w9:t3"
2026-07-28T09:16:06.870441Z  INFO herdr::logging: api request completed event="api.request.complete" subsystem="api" outcome="ok" request_id="cli:tab:focus" method="tab.focus"
2026-07-28T09:16:07.101982Z  INFO herdr::logging: api request received event="api.request.start" subsystem="api" outcome="started" request_id="cli:tab:focus" method="tab.focus" changes_ui=true
2026-07-28T09:16:07.102066Z  INFO herdr::logging: tab focused event="tab.focus" subsystem="tab" outcome="ok" workspace_id="w9" tab_id="w9:t8"
2026-07-28T09:16:07.102099Z  INFO herdr::logging: api request completed event="api.request.complete" subsystem="api" outcome="ok" request_id="cli:tab:focus" method="tab.focus"
2026-07-28T09:16:08.240761Z  INFO herdr::logging: api request received event="api.request.start" subsystem="api" outcome="started" request_id="cli:tab:focus" method="tab.focus" changes_ui=true
2026-07-28T09:16:08.240869Z  INFO herdr::logging: tab focused event="tab.focus" subsystem="tab" outcome="ok" workspace_id="w9" tab_id="w9:t1"
2026-07-28T09:16:08.240921Z  INFO herdr::logging: api request completed event="api.request.complete" subsystem="api" outcome="ok" request_id="cli:tab:focus" method="tab.focus"
2026-07-28T09:16:08.306053Z  INFO herdr::logging: api request received event="api.request.start" subsystem="api" outcome="started" request_id="cli:tab:focus" method="tab.focus" changes_ui=true
2026-07-28T09:16:08.306142Z  INFO herdr::logging: tab focused event="tab.focus" subsystem="tab" outcome="ok" workspace_id="w9" tab_id="w9:t2"
2026-07-28T09:16:08.306180Z  INFO herdr::logging: api request completed event="api.request.complete" subsystem="api" outcome="ok" request_id="cli:tab:focus" method="tab.focus"
2026-07-28T09:16:08.425482Z  INFO herdr::logging: api request received event="api.request.start" subsystem="api" outcome="started" request_id="cli:tab:focus" method="tab.focus" changes_ui=true
2026-07-28T09:16:08.425570Z  INFO herdr::logging: tab focused event="tab.focus" subsystem="tab" outcome="ok" workspace_id="w9" tab_id="w9:t3"
2026-07-28T09:16:08.425607Z  INFO herdr::logging: api request completed event="api.request.complete" subsystem="api" outcome="ok" request_id="cli:tab:focus" method="tab.focus"
2026-07-28T09:16:08.645709Z  INFO herdr::logging: api request received event="api.request.start" subsystem="api" outcome="started" request_id="cli:tab:focus" method="tab.focus" changes_ui=true
2026-07-28T09:16:08.645856Z  INFO herdr::logging: tab focused event="tab.focus" subsystem="tab" outcome="ok" workspace_id="w9" tab_id="w9:t8"
2026-07-28T09:16:08.645946Z  INFO herdr::logging: api request completed event="api.request.complete" subsystem="api" outcome="ok" request_id="cli:tab:focus" method="tab.focus"
2026-07-28T09:16:10.638178Z  INFO herdr::logging: workspace focused event="workspace.focus" subsystem="workspace" outcome="ok" workspace_id="w2"
2026-07-28T09:16:10.638409Z  INFO herdr::logging: tab focused event="tab.focus" subsystem="tab" outcome="ok" workspace_id="w2" tab_id="w2:t3"
2026-07-28T09:16:10.988758Z  INFO herdr::logging: workspace focused event="workspace.focus" subsystem="workspace" outcome="ok" workspace_id="w3"
2026-07-28T09:16:10.988965Z  INFO herdr::logging: tab focused event="tab.focus" subsystem="tab" outcome="ok" workspace_id="w3" tab_id="w3:t7"
2026-07-28T09:16:11.272487Z  INFO herdr::logging: workspace focused event="workspace.focus" subsystem="workspace" outcome="ok" workspace_id="w9"
2026-07-28T09:16:11.272629Z  INFO herdr::logging: tab focused event="tab.focus" subsystem="tab" outcome="ok" workspace_id="w9" tab_id="w9:t8"
2026-07-28T09:16:11.991466Z  INFO herdr::logging: workspace focused event="workspace.focus" subsystem="workspace" outcome="ok" workspace_id="w2"
2026-07-28T09:16:11.991837Z  INFO herdr::logging: tab focused event="tab.focus" subsystem="tab" outcome="ok" workspace_id="w2" tab_id="w2:t3"
2026-07-28T09:16:12.204936Z  INFO herdr::logging: workspace focused event="workspace.focus" subsystem="workspace" outcome="ok" workspace_id="w3"
2026-07-28T09:16:12.205052Z  INFO herdr::logging: tab focused event="tab.focus" subsystem="tab" outcome="ok" workspace_id="w3" tab_id="w3:t7"
2026-07-28T09:16:12.342978Z  INFO herdr::logging: workspace focused event="workspace.focus" subsystem="workspace" outcome="ok" workspace_id="w9"
2026-07-28T09:16:12.343347Z  INFO herdr::logging: tab focused event="tab.focus" subsystem="tab" outcome="ok" workspace_id="w9" tab_id="w9:t8"
2026-07-28T09:16:12.877865Z  INFO herdr::logging: workspace focused event="workspace.focus" subsystem="workspace" outcome="ok" workspace_id="w2"
2026-07-28T09:16:12.877986Z  INFO herdr::logging: tab focused event="tab.focus" subsystem="tab" outcome="ok" workspace_id="w2" tab_id="w2:t3"
2026-07-28T09:16:12.919449Z  INFO herdr::logging: workspace focused event="workspace.focus" subsystem="workspace" outcome="ok" workspace_id="w3"
2026-07-28T09:16:12.919556Z  INFO herdr::logging: tab focused event="tab.focus" subsystem="tab" outcome="ok" workspace_id="w3" tab_id="w3:t7"
2026-07-28T09:16:13.094757Z  INFO herdr::logging: workspace focused event="workspace.focus" subsystem="workspace" outcome="ok" workspace_id="w9"
2026-07-28T09:16:13.095037Z  INFO herdr::logging: tab focused event="tab.focus" subsystem="tab" outcome="ok" workspace_id="w9" tab_id="w9:t8"
2026-07-28T09:16:13.585627Z  INFO herdr::logging: workspace focused event="workspace.focus" subsystem="workspace" outcome="ok" workspace_id="w2"
2026-07-28T09:16:13.585932Z  INFO herdr::logging: tab focused event="tab.focus" subsystem="tab" outcome="ok" workspace_id="w2" tab_id="w2:t3"
2026-07-28T09:16:13.635344Z  INFO herdr::logging: workspace focused event="workspace.focus" subsystem="workspace" outcome="ok" workspace_id="w3"
2026-07-28T09:16:13.635623Z  INFO herdr::logging: tab focused event="tab.focus" subsystem="tab" outcome="ok" workspace_id="w3" tab_id="w3:t7"
2026-07-28T09:16:13.784830Z  INFO herdr::logging: workspace focused event="workspace.focus" subsystem="workspace" outcome="ok" workspace_id="w9"
2026-07-28T09:16:13.785084Z  INFO herdr::logging: tab focused event="tab.focus" subsystem="tab" outcome="ok" workspace_id="w9" tab_id="w9:t8"
2026-07-28T09:16:14.269992Z  INFO herdr::logging: workspace focused event="workspace.focus" subsystem="workspace" outcome="ok" workspace_id="w2"
2026-07-28T09:16:14.270116Z  INFO herdr::logging: tab focused event="tab.focus" subsystem="tab" outcome="ok" workspace_id="w2" tab_id="w2:t3"
2026-07-28T09:16:14.338333Z  INFO herdr::logging: workspace focused event="workspace.focus" subsystem="workspace" outcome="ok" workspace_id="w3"
2026-07-28T09:16:14.338468Z  INFO herdr::logging: tab focused event="tab.focus" subsystem="tab" outcome="ok" workspace_id="w3" tab_id="w3:t7"
2026-07-28T09:16:14.493605Z  INFO herdr::logging: workspace focused event="workspace.focus" subsystem="workspace" outcome="ok" workspace_id="w9"
2026-07-28T09:16:14.493848Z  INFO herdr::logging: tab focused event="tab.focus" subsystem="tab" outcome="ok" workspace_id="w9" tab_id="w9:t8"
2026-07-28T09:16:15.079705Z  INFO herdr::logging: workspace focused event="workspace.focus" subsystem="workspace" outcome="ok" workspace_id="w3"
2026-07-28T09:16:15.079908Z  INFO herdr::logging: tab focused event="tab.focus" subsystem="tab" outcome="ok" workspace_id="w3" tab_id="w3:t7"
2026-07-28T09:16:15.085396Z  INFO herdr::logging: workspace focused event="workspace.focus" subsystem="workspace" outcome="ok" workspace_id="w2"
2026-07-28T09:16:15.085554Z  INFO herdr::logging: tab focused event="tab.focus" subsystem="tab" outcome="ok" workspace_id="w2" tab_id="w2:t3"
2026-07-28T09:16:15.185754Z  INFO herdr::logging: workspace focused event="workspace.focus" subsystem="workspace" outcome="ok" workspace_id="w3"
2026-07-28T09:16:15.185970Z  INFO herdr::logging: tab focused event="tab.focus" subsystem="tab" outcome="ok" workspace_id="w3" tab_id="w3:t7"
2026-07-28T09:16:15.537006Z  INFO herdr::logging: workspace focused event="workspace.focus" subsystem="workspace" outcome="ok" workspace_id="w9"
2026-07-28T09:16:15.537273Z  INFO herdr::logging: tab focused event="tab.focus" subsystem="tab" outcome="ok" workspace_id="w9" tab_id="w9:t8"
2026-07-28T09:16:16.015178Z  INFO herdr::logging: workspace focused event="workspace.focus" subsystem="workspace" outcome="ok" workspace_id="w2"
2026-07-28T09:16:16.015541Z  INFO herdr::logging: tab focused event="tab.focus" subsystem="tab" outcome="ok" workspace_id="w2" tab_id="w2:t3"
2026-07-28T09:16:16.157547Z  INFO herdr::logging: workspace focused event="workspace.focus" subsystem="workspace" outcome="ok" workspace_id="w3"
2026-07-28T09:16:16.157775Z  INFO herdr::logging: tab focused event="tab.focus" subsystem="tab" outcome="ok" workspace_id="w3" tab_id="w3:t7"
2026-07-28T09:16:16.282273Z  INFO herdr::logging: workspace focused event="workspace.focus" subsystem="workspace" outcome="ok" workspace_id="w9"
2026-07-28T09:16:16.282571Z  INFO herdr::logging: tab focused event="tab.focus" subsystem="tab" outcome="ok" workspace_id="w9" tab_id="w9:t8"
2026-07-28T09:16:16.776447Z  INFO herdr::logging: workspace focused event="workspace.focus" subsystem="workspace" outcome="ok" workspace_id="w2"
2026-07-28T09:16:16.776597Z  INFO herdr::logging: tab focused event="tab.focus" subsystem="tab" outcome="ok" workspace_id="w2" tab_id="w2:t3"
2026-07-28T09:16:16.870083Z  INFO herdr::logging: workspace focused event="workspace.focus" subsystem="workspace" outcome="ok" workspace_id="w3"
2026-07-28T09:16:16.870462Z  INFO herdr::logging: tab focused event="tab.focus" subsystem="tab" outcome="ok" workspace_id="w3" tab_id="w3:t7"
2026-07-28T09:16:17.030131Z  INFO herdr::logging: workspace focused event="workspace.focus" subsystem="workspace" outcome="ok" workspace_id="w9"
2026-07-28T09:16:17.030252Z  INFO herdr::logging: tab focused event="tab.focus" subsystem="tab" outcome="ok" workspace_id="w9" tab_id="w9:t8"
2026-07-28T09:16:17.526805Z  INFO herdr::logging: workspace focused event="workspace.focus" subsystem="workspace" outcome="ok" workspace_id="w2"
2026-07-28T09:16:17.527028Z  INFO herdr::logging: tab focused event="tab.focus" subsystem="tab" outcome="ok" workspace_id="w2" tab_id="w2:t3"
2026-07-28T09:16:17.593618Z  INFO herdr::logging: workspace focused event="workspace.focus" subsystem="workspace" outcome="ok" workspace_id="w3"
2026-07-28T09:16:17.593891Z  INFO herdr::logging: tab focused event="tab.focus" subsystem="tab" outcome="ok" workspace_id="w3" tab_id="w3:t7"
2026-07-28T09:16:17.730850Z  INFO herdr::logging: workspace focused event="workspace.focus" subsystem="workspace" outcome="ok" workspace_id="w9"
2026-07-28T09:16:17.731057Z  INFO herdr::logging: tab focused event="tab.focus" subsystem="tab" outcome="ok" workspace_id="w9" tab_id="w9:t8"
2026-07-28T09:16:18.238241Z  INFO herdr::logging: workspace focused event="workspace.focus" subsystem="workspace" outcome="ok" workspace_id="w2"
2026-07-28T09:16:18.238349Z  INFO herdr::logging: tab focused event="tab.focus" subsystem="tab" outcome="ok" workspace_id="w2" tab_id="w2:t3"
2026-07-28T09:16:18.283890Z  INFO herdr::logging: workspace focused event="workspace.focus" subsystem="workspace" outcome="ok" workspace_id="w3"
2026-07-28T09:16:18.283948Z  INFO herdr::logging: tab focused event="tab.focus" subsystem="tab" outcome="ok" workspace_id="w3" tab_id="w3:t7"
2026-07-28T09:16:18.416948Z  INFO herdr::logging: workspace focused event="workspace.focus" subsystem="workspace" outcome="ok" workspace_id="w9"
2026-07-28T09:16:18.417232Z  INFO herdr::logging: tab focused event="tab.focus" subsystem="tab" outcome="ok" workspace_id="w9" tab_id="w9:t8"
2026-07-28T09:16:18.825629Z  INFO herdr::logging: workspace focused event="workspace.focus" subsystem="workspace" outcome="ok" workspace_id="w2"
2026-07-28T09:16:18.825760Z  INFO herdr::logging: tab focused event="tab.focus" subsystem="tab" outcome="ok" workspace_id="w2" tab_id="w2:t3"
2026-07-28T09:16:18.940269Z  INFO herdr::logging: workspace focused event="workspace.focus" subsystem="workspace" outcome="ok" workspace_id="w3"
2026-07-28T09:16:18.940534Z  INFO herdr::logging: tab focused event="tab.focus" subsystem="tab" outcome="ok" workspace_id="w3" tab_id="w3:t7"
2026-07-28T09:16:19.070793Z  INFO herdr::logging: workspace focused event="workspace.focus" subsystem="workspace" outcome="ok" workspace_id="w9"
2026-07-28T09:16:19.071038Z  INFO herdr::logging: tab focused event="tab.focus" subsystem="tab" outcome="ok" workspace_id="w9" tab_id="w9:t8"
2026-07-28T09:16:19.535294Z  INFO herdr::logging: workspace focused event="workspace.focus" subsystem="workspace" outcome="ok" workspace_id="w2"
2026-07-28T09:16:19.535463Z  INFO herdr::logging: tab focused event="tab.focus" subsystem="tab" outcome="ok" workspace_id="w2" tab_id="w2:t3"
2026-07-28T09:16:19.670105Z  INFO herdr::logging: workspace focused event="workspace.focus" subsystem="workspace" outcome="ok" workspace_id="w3"
2026-07-28T09:16:19.670413Z  INFO herdr::logging: tab focused event="tab.focus" subsystem="tab" outcome="ok" workspace_id="w3" tab_id="w3:t7"
2026-07-28T09:16:19.804067Z  INFO herdr::logging: workspace focused event="workspace.focus" subsystem="workspace" outcome="ok" workspace_id="w9"
2026-07-28T09:16:19.804290Z  INFO herdr::logging: tab focused event="tab.focus" subsystem="tab" outcome="ok" workspace_id="w9" tab_id="w9:t8"
2026-07-28T09:16:20.288873Z  INFO herdr::logging: workspace focused event="workspace.focus" subsystem="workspace" outcome="ok" workspace_id="w2"
2026-07-28T09:16:20.289089Z  INFO herdr::logging: tab focused event="tab.focus" subsystem="tab" outcome="ok" workspace_id="w2" tab_id="w2:t3"
2026-07-28T09:16:20.409850Z  INFO herdr::logging: workspace focused event="workspace.focus" subsystem="workspace" outcome="ok" workspace_id="w3"
2026-07-28T09:16:20.410236Z  INFO herdr::logging: tab focused event="tab.focus" subsystem="tab" outcome="ok" workspace_id="w3" tab_id="w3:t7"
2026-07-28T09:16:20.553143Z  INFO herdr::logging: workspace focused event="workspace.focus" subsystem="workspace" outcome="ok" workspace_id="w9"
2026-07-28T09:16:20.553317Z  INFO herdr::logging: tab focused event="tab.focus" subsystem="tab" outcome="ok" workspace_id="w9" tab_id="w9:t8"
2026-07-28T09:16:20.932065Z  INFO herdr::logging: workspace focused event="workspace.focus" subsystem="workspace" outcome="ok" workspace_id="w2"
2026-07-28T09:16:20.932162Z  INFO herdr::logging: tab focused event="tab.focus" subsystem="tab" outcome="ok" workspace_id="w2" tab_id="w2:t3"
2026-07-28T09:16:21.048112Z  INFO herdr::logging: workspace focused event="workspace.focus" subsystem="workspace" outcome="ok" workspace_id="w3"
2026-07-28T09:16:21.048382Z  INFO herdr::logging: tab focused event="tab.focus" subsystem="tab" outcome="ok" workspace_id="w3" tab_id="w3:t7"
2026-07-28T09:16:21.180744Z  INFO herdr::logging: workspace focused event="workspace.focus" subsystem="workspace" outcome="ok" workspace_id="w9"
2026-07-28T09:16:21.181095Z  INFO herdr::logging: tab focused event="tab.focus" subsystem="tab" outcome="ok" workspace_id="w9" tab_id="w9:t8"
2026-07-28T09:16:21.635262Z  INFO herdr::logging: workspace focused event="workspace.focus" subsystem="workspace" outcome="ok" workspace_id="w2"
2026-07-28T09:16:21.635564Z  INFO herdr::logging: tab focused event="tab.focus" subsystem="tab" outcome="ok" workspace_id="w2" tab_id="w2:t3"
2026-07-28T09:16:21.747462Z  INFO herdr::logging: workspace focused event="workspace.focus" subsystem="workspace" outcome="ok" workspace_id="w3"
2026-07-28T09:16:21.747576Z  INFO herdr::logging: tab focused event="tab.focus" subsystem="tab" outcome="ok" workspace_id="w3" tab_id="w3:t7"
2026-07-28T09:16:21.810178Z  INFO herdr::logging: workspace focused event="workspace.focus" subsystem="workspace" outcome="ok" workspace_id="w9"
2026-07-28T09:16:21.810303Z  INFO herdr::logging: tab focused event="tab.focus" subsystem="tab" outcome="ok" workspace_id="w9" tab_id="w9:t8"
2026-07-28T09:16:22.295449Z  INFO herdr::logging: workspace focused event="workspace.focus" subsystem="workspace" outcome="ok" workspace_id="w2"
2026-07-28T09:16:22.295586Z  INFO herdr::logging: tab focused event="tab.focus" subsystem="tab" outcome="ok" workspace_id="w2" tab_id="w2:t3"
2026-07-28T09:16:22.437495Z  INFO herdr::logging: workspace focused event="workspace.focus" subsystem="workspace" outcome="ok" workspace_id="w3"
2026-07-28T09:16:22.437626Z  INFO herdr::logging: tab focused event="tab.focus" subsystem="tab" outcome="ok" workspace_id="w3" tab_id="w3:t7"
2026-07-28T09:16:22.518995Z  INFO herdr::logging: workspace focused event="workspace.focus" subsystem="workspace" outcome="ok" workspace_id="w9"
2026-07-28T09:16:22.519250Z  INFO herdr::logging: tab focused event="tab.focus" subsystem="tab" outcome="ok" workspace_id="w9" tab_id="w9:t8"
2026-07-28T09:16:22.952144Z  INFO herdr::logging: workspace focused event="workspace.focus" subsystem="workspace" outcome="ok" workspace_id="w2"
2026-07-28T09:16:22.952247Z  INFO herdr::logging: tab focused event="tab.focus" subsystem="tab" outcome="ok" workspace_id="w2" tab_id="w2:t3"
2026-07-28T09:16:23.251023Z  INFO herdr::logging: workspace focused event="workspace.focus" subsystem="workspace" outcome="ok" workspace_id="w9"
2026-07-28T09:16:23.251308Z  INFO herdr::logging: tab focused event="tab.focus" subsystem="tab" outcome="ok" workspace_id="w9" tab_id="w9:t8"
2026-07-28T09:16:23.263217Z  INFO herdr::logging: workspace focused event="workspace.focus" subsystem="workspace" outcome="ok" workspace_id="w3"
2026-07-28T09:16:23.263337Z  INFO herdr::logging: tab focused event="tab.focus" subsystem="tab" outcome="ok" workspace_id="w3" tab_id="w3:t7"
2026-07-28T09:16:24.462476Z  INFO herdr::logging: workspace focused event="workspace.focus" subsystem="workspace" outcome="ok" workspace_id="w9"
2026-07-28T09:16:24.462559Z  INFO herdr::logging: tab focused event="tab.focus" subsystem="tab" outcome="ok" workspace_id="w9" tab_id="w9:t8"
2026-07-28T09:16:29.472009Z  INFO herdr::logging: session saved event="persist.save" subsystem="persist" outcome="ok" path=/Users/vince/.config/herdr/session.json workspaces=3
2026-07-28T09:16:49.303879Z  INFO herdr::pane: agent changed pane=40 previous_agent=Some(Cursor) agent=None pgid=Some(19455)
2026-07-28T09:16:52.335704Z  INFO herdr::pane: agent changed pane=40 previous_agent=None agent=Some(Cursor) process=cursor pgid=Some(21614)
2026-07-28T09:18:39.564091Z  INFO herdr::logging: pane child exited event="pane.exit" subsystem="pane" outcome="completed" pane_id=40 status="ExitStatus { code: 1, signal: None }"
2026-07-28T09:18:39.606287Z  INFO herdr::pane: pane session terminated pane=40 pid=19455 signal=Hangup
2026-07-28T09:18:39.607518Z  WARN herdr::app::actions: PaneDied for unknown pane pane=40
2026-07-28T09:18:39.831107Z  INFO herdr::logging: spawning pane terminal event="pane.spawn.start" subsystem="pane" outcome="started" pane_id=42 rows=37 cols=100 scrollback_limit_bytes=10000000
2026-07-28T09:18:39.842623Z  INFO herdr::logging: pane child spawned event="pane.spawned" subsystem="pane" outcome="ok" pane_id=42 pid=22475
2026-07-28T09:18:39.844427Z  INFO herdr::logging: tab focused event="tab.focus" subsystem="tab" outcome="ok" workspace_id="w9" tab_id="w9:t9"
2026-07-28T09:18:41.921033Z  INFO herdr::pane: agent changed pane=42 previous_agent=None agent=Some(Cursor) process=cursor pgid=Some(22560)
2026-07-28T09:18:44.852846Z  INFO herdr::logging: session saved event="persist.save" subsystem="persist" outcome="ok" path=/Users/vince/.config/herdr/session.json workspaces=3
2026-07-28T09:19:05.641705Z  INFO herdr::pane: agent changed pane=42 previous_agent=Some(Cursor) agent=None pgid=Some(22475)
2026-07-28T09:19:54.092218Z  INFO herdr::pane: agent changed pane=42 previous_agent=None agent=Some(Cursor) process=cursor pgid=Some(23182)
2026-07-28T09:20:00.522281Z  INFO herdr::server::headless: client connected client_id=18 cols=80 rows=24 cell_width_px=0 cell_height_px=0 render_encoding=SemanticFrame
2026-07-28T09:20:00.529316Z  INFO herdr::server::headless: client disconnected client_id=18
2026-07-28T09:20:18.394529Z  INFO herdr::pane: agent changed pane=42 previous_agent=Some(Cursor) agent=None pgid=Some(22475)
2026-07-28T09:20:49.538874Z  INFO herdr::server::headless: client connected client_id=20 cols=80 rows=24 cell_width_px=0 cell_height_px=0 render_encoding=SemanticFrame
2026-07-28T09:20:49.562933Z  INFO herdr::server::headless: client disconnected client_id=20
2026-07-28T09:21:09.666183Z  INFO herdr::server::headless: client connected client_id=22 cols=80 rows=24 cell_width_px=0 cell_height_px=0 render_encoding=SemanticFrame
2026-07-28T09:21:09.684972Z  INFO herdr::server::headless: client disconnected client_id=22
2026-07-28T09:22:28.626963Z  INFO herdr::pane: agent changed pane=42 previous_agent=None agent=Some(Cursor) process=cursor pgid=Some(24963)
2026-07-28T09:22:43.237736Z  INFO herdr::pane: agent changed pane=42 previous_agent=Some(Cursor) agent=None pgid=Some(22475)
2026-07-28T09:23:07.970481Z  INFO herdr::pane: agent changed pane=42 previous_agent=None agent=Some(Cursor) process=cursor pgid=Some(26149)
2026-07-28T09:23:08.582602Z  INFO herdr::pane: agent changed pane=42 previous_agent=Some(Cursor) agent=None pgid=Some(22475)
2026-07-28T09:23:24.726089Z  INFO herdr::pane: agent changed pane=42 previous_agent=None agent=Some(Cursor) process=cursor-agent pgid=Some(26224)
2026-07-28T09:23:37.531471Z  INFO herdr::pane: agent changed pane=42 previous_agent=Some(Cursor) agent=None pgid=Some(22475)
2026-07-28T09:24:40.591497Z  INFO herdr::pane: agent changed pane=42 previous_agent=None agent=Some(Cursor) process=cursor pgid=Some(27512)
2026-07-28T09:24:44.241194Z  INFO herdr::pane: agent changed pane=42 previous_agent=Some(Cursor) agent=None pgid=Some(22475)
2026-07-28T09:25:12.849422Z  INFO herdr::logging: pane child exited event="pane.exit" subsystem="pane" outcome="completed" pane_id=42 status="ExitStatus { code: 1, signal: None }"
2026-07-28T09:25:12.849850Z  INFO herdr::pane: pane session terminated pane=42 pid=22475 signal=Hangup
2026-07-28T09:25:17.855016Z  INFO herdr::logging: session saved event="persist.save" subsystem="persist" outcome="ok" path=/Users/vince/.config/herdr/session.json workspaces=3
2026-07-28T09:25:41.482188Z  INFO herdr::server::headless: client detach requested via keybind client_id=12
2026-07-28T09:25:41.488108Z  INFO herdr::server::headless: client disconnected client_id=12
2026-07-28T09:25:46.437236Z  INFO herdr::server::headless: client connected client_id=24 cols=126 rows=38 cell_width_px=0 cell_height_px=0 render_encoding=SemanticFrame
2026-07-28T09:26:28.543475Z  INFO herdr::app::actions: copied selection to clipboard
2026-07-28T09:27:06.790431Z  INFO herdr::logging: spawning pane terminal event="pane.spawn.start" subsystem="pane" outcome="started" pane_id=43 rows=37 cols=100 scrollback_limit_bytes=10000000
2026-07-28T09:27:06.798989Z  INFO herdr::logging: pane child spawned event="pane.spawned" subsystem="pane" outcome="ok" pane_id=43 pid=29117
2026-07-28T09:27:06.799342Z  INFO herdr::logging: tab focused event="tab.focus" subsystem="tab" outcome="ok" workspace_id="w9" tab_id="w9:tA"
2026-07-28T09:27:11.808268Z  INFO herdr::logging: session saved event="persist.save" subsystem="persist" outcome="ok" path=/Users/vince/.config/herdr/session.json workspaces=3
2026-07-28T09:27:15.926304Z  INFO herdr::pane: agent changed pane=43 previous_agent=None agent=Some(Cursor) process=cursor-agent pgid=Some(29236)
2026-07-28T09:27:23.534341Z  INFO herdr::pane: agent changed pane=43 previous_agent=Some(Cursor) agent=None pgid=Some(29117)
2026-07-28T09:27:36.667968Z  INFO herdr::pane: agent changed pane=43 previous_agent=None agent=Some(Cursor) process=cursor-agent pgid=Some(30307)
2026-07-28T09:27:37.581424Z  INFO herdr::pane: agent changed pane=43 previous_agent=Some(Cursor) agent=None pgid=Some(29117)
2026-07-28T09:27:45.781506Z  INFO herdr::app::actions: copied selection to clipboard
2026-07-28T09:27:58.121361Z  INFO herdr::app::actions: copied selection to clipboard
2026-07-28T09:28:26.818305Z  INFO herdr::server::headless: client detach requested via keybind client_id=24
2026-07-28T09:28:26.823190Z  INFO herdr::server::headless: client disconnected client_id=24
2026-07-28T09:30:16.277653Z  INFO herdr::server::headless: client connected client_id=26 cols=126 rows=38 cell_width_px=0 cell_height_px=0 render_encoding=SemanticFrame
2026-07-28T09:30:28.148602Z  INFO herdr::pane: agent changed pane=43 previous_agent=None agent=Some(Cursor) process=cursor-agent pgid=Some(34027)
2026-07-28T09:30:36.964108Z  INFO herdr::pane: agent changed pane=43 previous_agent=Some(Cursor) agent=None pgid=Some(29117)
2026-07-28T09:30:39.348700Z  INFO herdr::app::actions: copied selection to clipboard
2026-07-28T09:31:22.918927Z  INFO herdr::pane: agent changed pane=43 previous_agent=None agent=Some(Cursor) process=cursor-agent pgid=Some(35221)
2026-07-28T09:31:23.828998Z  INFO herdr::pane: agent changed pane=43 previous_agent=Some(Cursor) agent=None pgid=Some(29117)
2026-07-28T09:31:26.483064Z  INFO herdr::app::actions: copied selection to clipboard
2026-07-28T09:31:40.498505Z  INFO herdr::pane: agent changed pane=43 previous_agent=None agent=Some(Cursor) process=cursor pgid=Some(35329)
2026-07-28T09:31:46.268186Z  INFO herdr::pane: agent changed pane=43 previous_agent=Some(Cursor) agent=None pgid=Some(29117)
2026-07-28T09:31:58.901508Z  INFO herdr::pane: agent changed pane=43 previous_agent=None agent=Some(Cursor) process=cursor pgid=Some(36411)
2026-07-28T09:32:04.931978Z  INFO herdr::app::actions: copied selection to clipboard
2026-07-28T09:32:16.770774Z  INFO herdr::logging: checking for updates event="update.check.start" subsystem="update" outcome="started"
2026-07-28T09:32:59.661304Z  INFO herdr::pane: agent changed pane=43 previous_agent=Some(Cursor) agent=None pgid=Some(29117)
2026-07-28T09:33:02.698077Z  INFO herdr::pane: agent changed pane=43 previous_agent=None agent=Some(Cursor) process=cursor-agent pgid=Some(37727)
2026-07-28T09:33:05.432336Z  INFO herdr::pane: agent changed pane=43 previous_agent=Some(Cursor) agent=None pgid=Some(29117)
2026-07-28T09:45:48.819615Z  INFO herdr::server::headless: client resize client_id=26 cols=126 rows=37 cell_width_px=0 cell_height_px=0
2026-07-28T09:45:49.091282Z  INFO herdr::server::headless: client resize client_id=26 cols=121 rows=38 cell_width_px=0 cell_height_px=0
2026-07-28T09:46:04.818304Z  INFO herdr::server::headless: client resize client_id=26 cols=135 rows=38 cell_width_px=0 cell_height_px=0
2026-07-28T09:49:56.617776Z  INFO herdr::logging: tab focused event="tab.focus" subsystem="tab" outcome="ok" workspace_id="w9" tab_id="w9:t3"
2026-07-28T09:49:57.484250Z  INFO herdr::logging: tab focused event="tab.focus" subsystem="tab" outcome="ok" workspace_id="w9" tab_id="w9:tA"
2026-07-28T09:49:58.122032Z  INFO herdr::logging: tab focused event="tab.focus" subsystem="tab" outcome="ok" workspace_id="w9" tab_id="w9:t3"
2026-07-28T09:50:03.137996Z  INFO herdr::logging: session saved event="persist.save" subsystem="persist" outcome="ok" path=/Users/vince/.config/herdr/session.json workspaces=3
2026-07-28T10:14:11.724134Z  INFO herdr::logging: checking for updates event="update.check.start" subsystem="update" outcome="started"
2026-07-28T10:44:11.737318Z  INFO herdr::logging: checking for updates event="update.check.start" subsystem="update" outcome="started"
2026-07-28T10:57:20.177982Z  INFO herdr::server::headless: client resize client_id=26 cols=121 rows=38 cell_width_px=0 cell_height_px=0
2026-07-28T10:57:23.098240Z  INFO herdr::server::headless: client resize client_id=26 cols=135 rows=38 cell_width_px=0 cell_height_px=0
2026-07-28T11:03:36.627559Z  INFO herdr::server::headless: client resize client_id=26 cols=126 rows=38 cell_width_px=0 cell_height_px=0
2026-07-28T11:31:33.168079Z  INFO herdr::logging: checking for updates event="update.check.start" subsystem="update" outcome="started"
2026-07-28T12:09:39.127711Z  INFO herdr::logging: checking for updates event="update.check.start" subsystem="update" outcome="started"
2026-07-28T12:39:39.161547Z  INFO herdr::logging: checking for updates event="update.check.start" subsystem="update" outcome="started"
2026-07-28T12:53:05.318174Z  INFO herdr::logging: api request received event="api.request.start" subsystem="api" outcome="started" request_id="cli:tab:focus" method="tab.focus" changes_ui=true
2026-07-28T12:53:05.318641Z  INFO herdr::logging: tab focused event="tab.focus" subsystem="tab" outcome="ok" workspace_id="w9" tab_id="w9:t2"
2026-07-28T12:53:05.318723Z  INFO herdr::logging: api request completed event="api.request.complete" subsystem="api" outcome="ok" request_id="cli:tab:focus" method="tab.focus"
2026-07-28T12:53:06.649987Z  INFO herdr::logging: spawning pane terminal event="pane.spawn.start" subsystem="pane" outcome="started" pane_id=44 rows=37 cols=100 scrollback_limit_bytes=10000000
2026-07-28T12:53:06.669223Z  INFO herdr::logging: pane child spawned event="pane.spawned" subsystem="pane" outcome="ok" pane_id=44 pid=79387
2026-07-28T12:53:06.669979Z  INFO herdr::logging: tab focused event="tab.focus" subsystem="tab" outcome="ok" workspace_id="w9" tab_id="w9:t2"
2026-07-28T12:53:10.372176Z  INFO herdr::logging: spawning pane terminal event="pane.spawn.start" subsystem="pane" outcome="started" pane_id=45 rows=37 cols=50 scrollback_limit_bytes=10000000
2026-07-28T12:53:10.385989Z  INFO herdr::logging: pane child spawned event="pane.spawned" subsystem="pane" outcome="ok" pane_id=45 pid=79480
2026-07-28T12:53:10.386932Z  INFO herdr::logging: tab focused event="tab.focus" subsystem="tab" outcome="ok" workspace_id="w9" tab_id="w9:t2"
2026-07-28T12:53:15.401196Z  INFO herdr::logging: session saved event="persist.save" subsystem="persist" outcome="ok" path=/Users/vince/.config/herdr/session.json workspaces=3
2026-07-28T12:53:16.058097Z  INFO herdr::logging: spawning pane terminal event="pane.spawn.start" subsystem="pane" outcome="started" pane_id=46 rows=27 cols=77 scrollback_limit_bytes=10000000
2026-07-28T12:53:16.068708Z  INFO herdr::logging: pane child spawned event="pane.spawned" subsystem="pane" outcome="ok" pane_id=46 pid=79581
2026-07-28T12:53:17.323055Z  INFO herdr::logging: api request received event="api.request.start" subsystem="api" outcome="started" request_id="cli:workspace:focus" method="workspace.focus" changes_ui=true
2026-07-28T12:53:17.323429Z  INFO herdr::logging: workspace focused event="workspace.focus" subsystem="workspace" outcome="ok" workspace_id="w2"
2026-07-28T12:53:17.323448Z  INFO herdr::logging: tab focused event="tab.focus" subsystem="tab" outcome="ok" workspace_id="w2" tab_id="w2:t3"
2026-07-28T12:53:17.323476Z  INFO herdr::logging: api request completed event="api.request.complete" subsystem="api" outcome="ok" request_id="cli:workspace:focus" method="workspace.focus"
2026-07-28T12:53:17.324072Z  INFO herdr::logging: pane child exited event="pane.exit" subsystem="pane" outcome="completed" pane_id=46 status="ExitStatus { code: 0, signal: None }"
2026-07-28T12:53:17.324925Z  INFO herdr::pane: pane session terminated pane=46 pid=79581 signal=Hangup
2026-07-28T12:53:19.699888Z  INFO herdr::logging: api request received event="api.request.start" subsystem="api" outcome="started" request_id="cli:tab:focus" method="tab.focus" changes_ui=true
2026-07-28T12:53:19.699984Z  INFO herdr::logging: tab focused event="tab.focus" subsystem="tab" outcome="ok" workspace_id="w2" tab_id="w2:t1"
2026-07-28T12:53:19.700023Z  INFO herdr::logging: api request completed event="api.request.complete" subsystem="api" outcome="ok" request_id="cli:tab:focus" method="tab.focus"
2026-07-28T12:53:20.185186Z  INFO herdr::logging: api request received event="api.request.start" subsystem="api" outcome="started" request_id="cli:tab:focus" method="tab.focus" changes_ui=true
2026-07-28T12:53:20.185269Z  INFO herdr::logging: tab focused event="tab.focus" subsystem="tab" outcome="ok" workspace_id="w2" tab_id="w2:t2"
2026-07-28T12:53:20.185312Z  INFO herdr::logging: api request completed event="api.request.complete" subsystem="api" outcome="ok" request_id="cli:tab:focus" method="tab.focus"
2026-07-28T12:53:20.798163Z  INFO herdr::logging: api request received event="api.request.start" subsystem="api" outcome="started" request_id="cli:tab:focus" method="tab.focus" changes_ui=true
2026-07-28T12:53:20.798329Z  INFO herdr::logging: tab focused event="tab.focus" subsystem="tab" outcome="ok" workspace_id="w2" tab_id="w2:t3"
2026-07-28T12:53:20.798374Z  INFO herdr::logging: api request completed event="api.request.complete" subsystem="api" outcome="ok" request_id="cli:tab:focus" method="tab.focus"
2026-07-28T12:53:21.146590Z  INFO herdr::logging: api request received event="api.request.start" subsystem="api" outcome="started" request_id="cli:tab:focus" method="tab.focus" changes_ui=true
2026-07-28T12:53:21.146757Z  INFO herdr::logging: tab focused event="tab.focus" subsystem="tab" outcome="ok" workspace_id="w2" tab_id="w2:t2"
2026-07-28T12:53:21.146808Z  INFO herdr::logging: api request completed event="api.request.complete" subsystem="api" outcome="ok" request_id="cli:tab:focus" method="tab.focus"
2026-07-28T12:53:21.456209Z  INFO herdr::logging: api request received event="api.request.start" subsystem="api" outcome="started" request_id="cli:tab:focus" method="tab.focus" changes_ui=true
2026-07-28T12:53:21.456309Z  INFO herdr::logging: tab focused event="tab.focus" subsystem="tab" outcome="ok" workspace_id="w2" tab_id="w2:t1"
2026-07-28T12:53:21.456344Z  INFO herdr::logging: api request completed event="api.request.complete" subsystem="api" outcome="ok" request_id="cli:tab:focus" method="tab.focus"
2026-07-28T12:53:21.810866Z  INFO herdr::logging: spawning pane terminal event="pane.spawn.start" subsystem="pane" outcome="started" pane_id=47 rows=37 cols=100 scrollback_limit_bytes=10000000
2026-07-28T12:53:21.817065Z  INFO herdr::logging: pane child spawned event="pane.spawned" subsystem="pane" outcome="ok" pane_id=47 pid=79644
2026-07-28T12:53:21.817361Z  INFO herdr::logging: tab focused event="tab.focus" subsystem="tab" outcome="ok" workspace_id="w2" tab_id="w2:t1"
2026-07-28T12:53:24.392732Z  INFO herdr::logging: tab focused event="tab.focus" subsystem="tab" outcome="ok" workspace_id="w2" tab_id="w2:t1"
2026-07-28T12:53:29.402859Z  INFO herdr::logging: session saved event="persist.save" subsystem="persist" outcome="ok" path=/Users/vince/.config/herdr/session.json workspaces=3
2026-07-28T12:53:42.726343Z  INFO herdr::logging: tab focused event="tab.focus" subsystem="tab" outcome="ok" workspace_id="w2" tab_id="w2:t1"
2026-07-28T12:53:44.563992Z  INFO herdr::logging: pane child exited event="pane.exit" subsystem="pane" outcome="completed" pane_id=47 status="ExitStatus { code: 1, signal: None }"
2026-07-28T12:53:44.583593Z  INFO herdr::pane: pane session terminated pane=47 pid=79644 signal=Hangup
2026-07-28T12:53:44.583865Z  WARN herdr::app::actions: PaneDied for unknown pane pane=47
2026-07-28T12:53:45.767920Z  INFO herdr::logging: tab focused event="tab.focus" subsystem="tab" outcome="ok" workspace_id="w2" tab_id="w2:t2"
2026-07-28T12:53:46.567508Z  INFO herdr::logging: tab focused event="tab.focus" subsystem="tab" outcome="ok" workspace_id="w2" tab_id="w2:t1"
2026-07-28T12:53:47.731782Z  INFO herdr::logging: spawning pane terminal event="pane.spawn.start" subsystem="pane" outcome="started" pane_id=48 rows=27 cols=77 scrollback_limit_bytes=10000000
2026-07-28T12:53:47.745314Z  INFO herdr::logging: pane child spawned event="pane.spawned" subsystem="pane" outcome="ok" pane_id=48 pid=79968
2026-07-28T12:53:49.042271Z  INFO herdr::logging: api request received event="api.request.start" subsystem="api" outcome="started" request_id="cli:workspace:focus" method="workspace.focus" changes_ui=true
2026-07-28T12:53:49.043729Z  INFO herdr::logging: workspace focused event="workspace.focus" subsystem="workspace" outcome="ok" workspace_id="w9"
2026-07-28T12:53:49.043754Z  INFO herdr::logging: tab focused event="tab.focus" subsystem="tab" outcome="ok" workspace_id="w9" tab_id="w9:t2"
2026-07-28T12:53:49.043783Z  INFO herdr::logging: api request completed event="api.request.complete" subsystem="api" outcome="ok" request_id="cli:workspace:focus" method="workspace.focus"
2026-07-28T12:53:49.044379Z  INFO herdr::logging: pane child exited event="pane.exit" subsystem="pane" outcome="completed" pane_id=48 status="ExitStatus { code: 0, signal: None }"
2026-07-28T12:53:49.045128Z  INFO herdr::pane: pane session terminated pane=48 pid=79968 signal=Hangup
2026-07-28T12:53:50.136293Z  INFO herdr::logging: pane child exited event="pane.exit" subsystem="pane" outcome="completed" pane_id=45 status="ExitStatus { code: 1, signal: None }"
2026-07-28T12:53:50.152263Z  INFO herdr::pane: pane session terminated pane=45 pid=79480 signal=Hangup
2026-07-28T12:53:50.154315Z  WARN herdr::app::actions: PaneDied for unknown pane pane=45
2026-07-28T12:53:50.535561Z  INFO herdr::logging: pane child exited event="pane.exit" subsystem="pane" outcome="completed" pane_id=44 status="ExitStatus { code: 1, signal: None }"
2026-07-28T12:53:50.554078Z  INFO herdr::pane: pane session terminated pane=44 pid=79387 signal=Hangup
2026-07-28T12:53:50.555475Z  WARN herdr::app::actions: PaneDied for unknown pane pane=44
2026-07-28T12:53:55.565033Z  INFO herdr::logging: session saved event="persist.save" subsystem="persist" outcome="ok" path=/Users/vince/.config/herdr/session.json workspaces=3
2026-07-28T12:53:56.043424Z  INFO herdr::logging: tab focused event="tab.focus" subsystem="tab" outcome="ok" workspace_id="w9" tab_id="w9:t1"
2026-07-28T12:53:56.077511Z  INFO herdr::logging: tab focused event="tab.focus" subsystem="tab" outcome="ok" workspace_id="w9" tab_id="w9:tA"
2026-07-28T12:53:56.126076Z  INFO herdr::logging: tab focused event="tab.focus" subsystem="tab" outcome="ok" workspace_id="w9" tab_id="w9:t3"
2026-07-28T12:53:56.185981Z  INFO herdr::logging: tab focused event="tab.focus" subsystem="tab" outcome="ok" workspace_id="w9" tab_id="w9:t2"
2026-07-28T12:53:56.250101Z  INFO herdr::logging: tab focused event="tab.focus" subsystem="tab" outcome="ok" workspace_id="w9" tab_id="w9:t1"
2026-07-28T12:53:56.484662Z  INFO herdr::logging: tab focused event="tab.focus" subsystem="tab" outcome="ok" workspace_id="w9" tab_id="w9:t2"
2026-07-28T12:53:56.528478Z  INFO herdr::logging: tab focused event="tab.focus" subsystem="tab" outcome="ok" workspace_id="w9" tab_id="w9:t3"
2026-07-28T12:53:56.617569Z  INFO herdr::logging: tab focused event="tab.focus" subsystem="tab" outcome="ok" workspace_id="w9" tab_id="w9:tA"
2026-07-28T12:53:57.617828Z  INFO herdr::logging: tab focused event="tab.focus" subsystem="tab" outcome="ok" workspace_id="w9" tab_id="w9:t1"
2026-07-28T12:53:58.338470Z  INFO herdr::logging: tab focused event="tab.focus" subsystem="tab" outcome="ok" workspace_id="w9" tab_id="w9:t2"
2026-07-28T12:54:03.348571Z  INFO herdr::logging: session saved event="persist.save" subsystem="persist" outcome="ok" path=/Users/vince/.config/herdr/session.json workspaces=3
2026-07-28T13:00:47.340495Z  INFO herdr::server::headless: client resize client_id=26 cols=126 rows=37 cell_width_px=0 cell_height_px=0
2026-07-28T13:00:48.230617Z  INFO herdr::server::headless: client resize client_id=26 cols=121 rows=38 cell_width_px=0 cell_height_px=0
2026-07-28T13:00:59.562419Z  INFO herdr::server::headless: client resize client_id=26 cols=135 rows=38 cell_width_px=0 cell_height_px=0
2026-07-28T13:09:39.177984Z  INFO herdr::logging: checking for updates event="update.check.start" subsystem="update" outcome="started"
2026-07-28T13:21:31.631016Z  INFO herdr::logging: spawning pane terminal event="pane.spawn.start" subsystem="pane" outcome="started" pane_id=49 rows=27 cols=84 scrollback_limit_bytes=10000000
2026-07-28T13:21:31.643135Z  INFO herdr::logging: pane child spawned event="pane.spawned" subsystem="pane" outcome="ok" pane_id=49 pid=90521
2026-07-28T13:21:32.958620Z  INFO herdr::logging: api request received event="api.request.start" subsystem="api" outcome="started" request_id="cli:workspace:focus" method="workspace.focus" changes_ui=true
2026-07-28T13:21:32.958747Z  INFO herdr::logging: workspace focused event="workspace.focus" subsystem="workspace" outcome="ok" workspace_id="w2"
2026-07-28T13:21:32.958781Z  INFO herdr::logging: tab focused event="tab.focus" subsystem="tab" outcome="ok" workspace_id="w2" tab_id="w2:t1"
2026-07-28T13:21:32.958820Z  INFO herdr::logging: api request completed event="api.request.complete" subsystem="api" outcome="ok" request_id="cli:workspace:focus" method="workspace.focus"
2026-07-28T13:21:32.959571Z  INFO herdr::logging: pane child exited event="pane.exit" subsystem="pane" outcome="completed" pane_id=49 status="ExitStatus { code: 0, signal: None }"
2026-07-28T13:21:32.963597Z  INFO herdr::pane: pane session terminated pane=49 pid=90521 signal=Hangup
2026-07-28T13:21:37.971155Z  INFO herdr::logging: session saved event="persist.save" subsystem="persist" outcome="ok" path=/Users/vince/.config/herdr/session.json workspaces=3
2026-07-28T13:23:01.156352Z  INFO herdr::logging: workspace focused event="workspace.focus" subsystem="workspace" outcome="ok" workspace_id="w3"
2026-07-28T13:23:01.157889Z  INFO herdr::logging: tab focused event="tab.focus" subsystem="tab" outcome="ok" workspace_id="w3" tab_id="w3:t7"
2026-07-28T13:23:02.594870Z  INFO herdr::logging: workspace focused event="workspace.focus" subsystem="workspace" outcome="ok" workspace_id="w2"
2026-07-28T13:23:02.594945Z  INFO herdr::logging: tab focused event="tab.focus" subsystem="tab" outcome="ok" workspace_id="w2" tab_id="w2:t3"
2026-07-28T13:23:03.346751Z  INFO herdr::logging: workspace focused event="workspace.focus" subsystem="workspace" outcome="ok" workspace_id="w3"
2026-07-28T13:23:03.346841Z  INFO herdr::logging: tab focused event="tab.focus" subsystem="tab" outcome="ok" workspace_id="w3" tab_id="w3:t7"
2026-07-28T13:23:03.638797Z  INFO herdr::logging: workspace focused event="workspace.focus" subsystem="workspace" outcome="ok" workspace_id="w2"
2026-07-28T13:23:03.639022Z  INFO herdr::logging: tab focused event="tab.focus" subsystem="tab" outcome="ok" workspace_id="w2" tab_id="w2:t3"
2026-07-28T13:23:04.287677Z  INFO herdr::logging: api request received event="api.request.start" subsystem="api" outcome="started" request_id="cli:tab:focus" method="tab.focus" changes_ui=true
2026-07-28T13:23:04.287775Z  INFO herdr::logging: tab focused event="tab.focus" subsystem="tab" outcome="ok" workspace_id="w2" tab_id="w2:t1"
2026-07-28T13:23:04.287805Z  INFO herdr::logging: api request completed event="api.request.complete" subsystem="api" outcome="ok" request_id="cli:tab:focus" method="tab.focus"
2026-07-28T13:23:04.656773Z  INFO herdr::logging: api request received event="api.request.start" subsystem="api" outcome="started" request_id="cli:tab:focus" method="tab.focus" changes_ui=true
2026-07-28T13:23:04.656885Z  INFO herdr::logging: tab focused event="tab.focus" subsystem="tab" outcome="ok" workspace_id="w2" tab_id="w2:t2"
2026-07-28T13:23:04.656933Z  INFO herdr::logging: api request completed event="api.request.complete" subsystem="api" outcome="ok" request_id="cli:tab:focus" method="tab.focus"
2026-07-28T13:23:04.840523Z  INFO herdr::logging: api request received event="api.request.start" subsystem="api" outcome="started" request_id="cli:tab:focus" method="tab.focus" changes_ui=true
2026-07-28T13:23:04.840607Z  INFO herdr::logging: tab focused event="tab.focus" subsystem="tab" outcome="ok" workspace_id="w2" tab_id="w2:t3"
2026-07-28T13:23:04.840634Z  INFO herdr::logging: api request completed event="api.request.complete" subsystem="api" outcome="ok" request_id="cli:tab:focus" method="tab.focus"
2026-07-28T13:23:05.198039Z  INFO herdr::logging: api request received event="api.request.start" subsystem="api" outcome="started" request_id="cli:tab:focus" method="tab.focus" changes_ui=true
2026-07-28T13:23:05.198169Z  INFO herdr::logging: tab focused event="tab.focus" subsystem="tab" outcome="ok" workspace_id="w2" tab_id="w2:t1"
2026-07-28T13:23:05.198214Z  INFO herdr::logging: api request completed event="api.request.complete" subsystem="api" outcome="ok" request_id="cli:tab:focus" method="tab.focus"
2026-07-28T13:23:05.240318Z  INFO herdr::logging: api request received event="api.request.start" subsystem="api" outcome="started" request_id="cli:tab:focus" method="tab.focus" changes_ui=true
2026-07-28T13:23:05.240419Z  INFO herdr::logging: tab focused event="tab.focus" subsystem="tab" outcome="ok" workspace_id="w2" tab_id="w2:t2"
2026-07-28T13:23:05.240451Z  INFO herdr::logging: api request completed event="api.request.complete" subsystem="api" outcome="ok" request_id="cli:tab:focus" method="tab.focus"
2026-07-28T13:23:05.341239Z  INFO herdr::logging: api request received event="api.request.start" subsystem="api" outcome="started" request_id="cli:tab:focus" method="tab.focus" changes_ui=true
2026-07-28T13:23:05.341336Z  INFO herdr::logging: tab focused event="tab.focus" subsystem="tab" outcome="ok" workspace_id="w2" tab_id="w2:t3"
2026-07-28T13:23:05.341374Z  INFO herdr::logging: api request completed event="api.request.complete" subsystem="api" outcome="ok" request_id="cli:tab:focus" method="tab.focus"
2026-07-28T13:23:05.759735Z  INFO herdr::logging: api request received event="api.request.start" subsystem="api" outcome="started" request_id="cli:tab:focus" method="tab.focus" changes_ui=true
2026-07-28T13:23:05.759825Z  INFO herdr::logging: tab focused event="tab.focus" subsystem="tab" outcome="ok" workspace_id="w2" tab_id="w2:t1"
2026-07-28T13:23:05.759881Z  INFO herdr::logging: api request completed event="api.request.complete" subsystem="api" outcome="ok" request_id="cli:tab:focus" method="tab.focus"
2026-07-28T13:23:05.791829Z  INFO herdr::logging: api request received event="api.request.start" subsystem="api" outcome="started" request_id="cli:tab:focus" method="tab.focus" changes_ui=true
2026-07-28T13:23:05.791930Z  INFO herdr::logging: tab focused event="tab.focus" subsystem="tab" outcome="ok" workspace_id="w2" tab_id="w2:t2"
2026-07-28T13:23:05.791968Z  INFO herdr::logging: api request completed event="api.request.complete" subsystem="api" outcome="ok" request_id="cli:tab:focus" method="tab.focus"
2026-07-28T13:23:05.879567Z  INFO herdr::logging: api request received event="api.request.start" subsystem="api" outcome="started" request_id="cli:tab:focus" method="tab.focus" changes_ui=true
2026-07-28T13:23:05.879655Z  INFO herdr::logging: tab focused event="tab.focus" subsystem="tab" outcome="ok" workspace_id="w2" tab_id="w2:t3"
2026-07-28T13:23:05.879685Z  INFO herdr::logging: api request completed event="api.request.complete" subsystem="api" outcome="ok" request_id="cli:tab:focus" method="tab.focus"
2026-07-28T13:23:06.271732Z  INFO herdr::logging: api request received event="api.request.start" subsystem="api" outcome="started" request_id="cli:tab:focus" method="tab.focus" changes_ui=true
2026-07-28T13:23:06.271874Z  INFO herdr::logging: tab focused event="tab.focus" subsystem="tab" outcome="ok" workspace_id="w2" tab_id="w2:t1"
2026-07-28T13:23:06.271919Z  INFO herdr::logging: api request completed event="api.request.complete" subsystem="api" outcome="ok" request_id="cli:tab:focus" method="tab.focus"
2026-07-28T13:23:06.318197Z  INFO herdr::logging: api request received event="api.request.start" subsystem="api" outcome="started" request_id="cli:tab:focus" method="tab.focus" changes_ui=true
2026-07-28T13:23:06.318294Z  INFO herdr::logging: tab focused event="tab.focus" subsystem="tab" outcome="ok" workspace_id="w2" tab_id="w2:t2"
2026-07-28T13:23:06.318336Z  INFO herdr::logging: api request completed event="api.request.complete" subsystem="api" outcome="ok" request_id="cli:tab:focus" method="tab.focus"
2026-07-28T13:23:06.386024Z  INFO herdr::logging: api request received event="api.request.start" subsystem="api" outcome="started" request_id="cli:tab:focus" method="tab.focus" changes_ui=true
2026-07-28T13:23:06.386109Z  INFO herdr::logging: tab focused event="tab.focus" subsystem="tab" outcome="ok" workspace_id="w2" tab_id="w2:t3"
2026-07-28T13:23:06.386153Z  INFO herdr::logging: api request completed event="api.request.complete" subsystem="api" outcome="ok" request_id="cli:tab:focus" method="tab.focus"
2026-07-28T13:23:06.767239Z  INFO herdr::logging: api request received event="api.request.start" subsystem="api" outcome="started" request_id="cli:tab:focus" method="tab.focus" changes_ui=true
2026-07-28T13:23:06.767451Z  INFO herdr::logging: tab focused event="tab.focus" subsystem="tab" outcome="ok" workspace_id="w2" tab_id="w2:t1"
2026-07-28T13:23:06.767501Z  INFO herdr::logging: api request completed event="api.request.complete" subsystem="api" outcome="ok" request_id="cli:tab:focus" method="tab.focus"
2026-07-28T13:23:06.797008Z  INFO herdr::logging: api request received event="api.request.start" subsystem="api" outcome="started" request_id="cli:tab:focus" method="tab.focus" changes_ui=true
2026-07-28T13:23:06.797105Z  INFO herdr::logging: tab focused event="tab.focus" subsystem="tab" outcome="ok" workspace_id="w2" tab_id="w2:t2"
2026-07-28T13:23:06.797139Z  INFO herdr::logging: api request completed event="api.request.complete" subsystem="api" outcome="ok" request_id="cli:tab:focus" method="tab.focus"
2026-07-28T13:23:06.950829Z  INFO herdr::logging: api request received event="api.request.start" subsystem="api" outcome="started" request_id="cli:tab:focus" method="tab.focus" changes_ui=true
2026-07-28T13:23:06.950942Z  INFO herdr::logging: tab focused event="tab.focus" subsystem="tab" outcome="ok" workspace_id="w2" tab_id="w2:t3"
2026-07-28T13:23:06.950983Z  INFO herdr::logging: api request completed event="api.request.complete" subsystem="api" outcome="ok" request_id="cli:tab:focus" method="tab.focus"
2026-07-28T13:23:07.327876Z  INFO herdr::logging: api request received event="api.request.start" subsystem="api" outcome="started" request_id="cli:tab:focus" method="tab.focus" changes_ui=true
2026-07-28T13:23:07.327993Z  INFO herdr::logging: tab focused event="tab.focus" subsystem="tab" outcome="ok" workspace_id="w2" tab_id="w2:t1"
2026-07-28T13:23:07.328043Z  INFO herdr::logging: api request completed event="api.request.complete" subsystem="api" outcome="ok" request_id="cli:tab:focus" method="tab.focus"
2026-07-28T13:23:07.368180Z  INFO herdr::logging: api request received event="api.request.start" subsystem="api" outcome="started" request_id="cli:tab:focus" method="tab.focus" changes_ui=true
2026-07-28T13:23:07.368268Z  INFO herdr::logging: tab focused event="tab.focus" subsystem="tab" outcome="ok" workspace_id="w2" tab_id="w2:t2"
2026-07-28T13:23:07.368298Z  INFO herdr::logging: api request completed event="api.request.complete" subsystem="api" outcome="ok" request_id="cli:tab:focus" method="tab.focus"
2026-07-28T13:23:07.488029Z  INFO herdr::logging: api request received event="api.request.start" subsystem="api" outcome="started" request_id="cli:tab:focus" method="tab.focus" changes_ui=true
2026-07-28T13:23:07.488125Z  INFO herdr::logging: tab focused event="tab.focus" subsystem="tab" outcome="ok" workspace_id="w2" tab_id="w2:t3"
2026-07-28T13:23:07.488161Z  INFO herdr::logging: api request completed event="api.request.complete" subsystem="api" outcome="ok" request_id="cli:tab:focus" method="tab.focus"
2026-07-28T13:23:07.904867Z  INFO herdr::logging: api request received event="api.request.start" subsystem="api" outcome="started" request_id="cli:tab:focus" method="tab.focus" changes_ui=true
2026-07-28T13:23:07.904977Z  INFO herdr::logging: tab focused event="tab.focus" subsystem="tab" outcome="ok" workspace_id="w2" tab_id="w2:t1"
2026-07-28T13:23:07.905021Z  INFO herdr::logging: api request completed event="api.request.complete" subsystem="api" outcome="ok" request_id="cli:tab:focus" method="tab.focus"
2026-07-28T13:23:07.987878Z  INFO herdr::logging: api request received event="api.request.start" subsystem="api" outcome="started" request_id="cli:tab:focus" method="tab.focus" changes_ui=true
2026-07-28T13:23:07.988003Z  INFO herdr::logging: tab focused event="tab.focus" subsystem="tab" outcome="ok" workspace_id="w2" tab_id="w2:t2"
2026-07-28T13:23:07.988047Z  INFO herdr::logging: api request completed event="api.request.complete" subsystem="api" outcome="ok" request_id="cli:tab:focus" method="tab.focus"
2026-07-28T13:23:08.056152Z  INFO herdr::logging: api request received event="api.request.start" subsystem="api" outcome="started" request_id="cli:tab:focus" method="tab.focus" changes_ui=true
2026-07-28T13:23:08.056256Z  INFO herdr::logging: tab focused event="tab.focus" subsystem="tab" outcome="ok" workspace_id="w2" tab_id="w2:t3"
2026-07-28T13:23:08.056284Z  INFO herdr::logging: api request completed event="api.request.complete" subsystem="api" outcome="ok" request_id="cli:tab:focus" method="tab.focus"
2026-07-28T13:23:08.512740Z  INFO herdr::logging: api request received event="api.request.start" subsystem="api" outcome="started" request_id="cli:tab:focus" method="tab.focus" changes_ui=true
2026-07-28T13:23:08.512851Z  INFO herdr::logging: tab focused event="tab.focus" subsystem="tab" outcome="ok" workspace_id="w2" tab_id="w2:t1"
2026-07-28T13:23:08.512930Z  INFO herdr::logging: api request completed event="api.request.complete" subsystem="api" outcome="ok" request_id="cli:tab:focus" method="tab.focus"
2026-07-28T13:23:08.540756Z  INFO herdr::logging: api request received event="api.request.start" subsystem="api" outcome="started" request_id="cli:tab:focus" method="tab.focus" changes_ui=true
2026-07-28T13:23:08.540836Z  INFO herdr::logging: tab focused event="tab.focus" subsystem="tab" outcome="ok" workspace_id="w2" tab_id="w2:t2"
2026-07-28T13:23:08.540870Z  INFO herdr::logging: api request completed event="api.request.complete" subsystem="api" outcome="ok" request_id="cli:tab:focus" method="tab.focus"
2026-07-28T13:23:08.603286Z  INFO herdr::logging: api request received event="api.request.start" subsystem="api" outcome="started" request_id="cli:tab:focus" method="tab.focus" changes_ui=true
2026-07-28T13:23:08.603377Z  INFO herdr::logging: tab focused event="tab.focus" subsystem="tab" outcome="ok" workspace_id="w2" tab_id="w2:t3"
2026-07-28T13:23:08.603422Z  INFO herdr::logging: api request completed event="api.request.complete" subsystem="api" outcome="ok" request_id="cli:tab:focus" method="tab.focus"
2026-07-28T13:23:09.013444Z  INFO herdr::logging: api request received event="api.request.start" subsystem="api" outcome="started" request_id="cli:tab:focus" method="tab.focus" changes_ui=true
2026-07-28T13:23:09.013541Z  INFO herdr::logging: tab focused event="tab.focus" subsystem="tab" outcome="ok" workspace_id="w2" tab_id="w2:t1"
2026-07-28T13:23:09.013588Z  INFO herdr::logging: api request completed event="api.request.complete" subsystem="api" outcome="ok" request_id="cli:tab:focus" method="tab.focus"
2026-07-28T13:23:09.035326Z  INFO herdr::logging: api request received event="api.request.start" subsystem="api" outcome="started" request_id="cli:tab:focus" method="tab.focus" changes_ui=true
2026-07-28T13:23:09.035426Z  INFO herdr::logging: tab focused event="tab.focus" subsystem="tab" outcome="ok" workspace_id="w2" tab_id="w2:t2"
2026-07-28T13:23:09.035463Z  INFO herdr::logging: api request completed event="api.request.complete" subsystem="api" outcome="ok" request_id="cli:tab:focus" method="tab.focus"
2026-07-28T13:23:09.118239Z  INFO herdr::logging: api request received event="api.request.start" subsystem="api" outcome="started" request_id="cli:tab:focus" method="tab.focus" changes_ui=true
2026-07-28T13:23:09.118362Z  INFO herdr::logging: tab focused event="tab.focus" subsystem="tab" outcome="ok" workspace_id="w2" tab_id="w2:t3"
2026-07-28T13:23:09.118409Z  INFO herdr::logging: api request completed event="api.request.complete" subsystem="api" outcome="ok" request_id="cli:tab:focus" method="tab.focus"
2026-07-28T13:23:09.918930Z  INFO herdr::logging: api request received event="api.request.start" subsystem="api" outcome="started" request_id="cli:tab:focus" method="tab.focus" changes_ui=true
2026-07-28T13:23:09.919057Z  INFO herdr::logging: tab focused event="tab.focus" subsystem="tab" outcome="ok" workspace_id="w2" tab_id="w2:t1"
2026-07-28T13:23:09.919110Z  INFO herdr::logging: api request completed event="api.request.complete" subsystem="api" outcome="ok" request_id="cli:tab:focus" method="tab.focus"
2026-07-28T13:23:09.991591Z  INFO herdr::logging: api request received event="api.request.start" subsystem="api" outcome="started" request_id="cli:tab:focus" method="tab.focus" changes_ui=true
2026-07-28T13:23:09.991710Z  INFO herdr::logging: tab focused event="tab.focus" subsystem="tab" outcome="ok" workspace_id="w2" tab_id="w2:t2"
2026-07-28T13:23:09.991762Z  INFO herdr::logging: api request completed event="api.request.complete" subsystem="api" outcome="ok" request_id="cli:tab:focus" method="tab.focus"
2026-07-28T13:23:10.013839Z  INFO herdr::logging: api request received event="api.request.start" subsystem="api" outcome="started" request_id="cli:tab:focus" method="tab.focus" changes_ui=true
2026-07-28T13:23:10.013926Z  INFO herdr::logging: tab focused event="tab.focus" subsystem="tab" outcome="ok" workspace_id="w2" tab_id="w2:t3"
2026-07-28T13:23:10.013951Z  INFO herdr::logging: api request completed event="api.request.complete" subsystem="api" outcome="ok" request_id="cli:tab:focus" method="tab.focus"
2026-07-28T13:23:10.638868Z  INFO herdr::logging: api request received event="api.request.start" subsystem="api" outcome="started" request_id="cli:tab:focus" method="tab.focus" changes_ui=true
2026-07-28T13:23:10.639043Z  INFO herdr::logging: tab focused event="tab.focus" subsystem="tab" outcome="ok" workspace_id="w2" tab_id="w2:t1"
2026-07-28T13:23:10.639084Z  INFO herdr::logging: api request completed event="api.request.complete" subsystem="api" outcome="ok" request_id="cli:tab:focus" method="tab.focus"
2026-07-28T13:23:15.655974Z  INFO herdr::logging: session saved event="persist.save" subsystem="persist" outcome="ok" path=/Users/vince/.config/herdr/session.json workspaces=3
2026-07-28T13:23:20.009222Z  INFO herdr::logging: workspace focused event="workspace.focus" subsystem="workspace" outcome="ok" workspace_id="w3"
2026-07-28T13:23:20.009340Z  INFO herdr::logging: tab focused event="tab.focus" subsystem="tab" outcome="ok" workspace_id="w3" tab_id="w3:t7"
2026-07-28T13:23:20.850024Z  INFO herdr::logging: workspace focused event="workspace.focus" subsystem="workspace" outcome="ok" workspace_id="w2"
2026-07-28T13:23:20.850164Z  INFO herdr::logging: tab focused event="tab.focus" subsystem="tab" outcome="ok" workspace_id="w2" tab_id="w2:t3"
2026-07-28T13:23:25.868555Z  INFO herdr::logging: session saved event="persist.save" subsystem="persist" outcome="ok" path=/Users/vince/.config/herdr/session.json workspaces=3
2026-07-28T13:26:16.681892Z  INFO herdr::logging: tab focused event="tab.focus" subsystem="tab" outcome="ok" workspace_id="w2" tab_id="w2:t2"
2026-07-28T13:26:17.166369Z  INFO herdr::logging: tab focused event="tab.focus" subsystem="tab" outcome="ok" workspace_id="w2" tab_id="w2:t1"
2026-07-28T13:26:22.169905Z  INFO herdr::logging: session saved event="persist.save" subsystem="persist" outcome="ok" path=/Users/vince/.config/herdr/session.json workspaces=3
2026-07-28T13:26:26.871141Z  INFO herdr::logging: workspace focused event="workspace.focus" subsystem="workspace" outcome="ok" workspace_id="w3"
2026-07-28T13:26:26.871179Z  INFO herdr::logging: tab focused event="tab.focus" subsystem="tab" outcome="ok" workspace_id="w3" tab_id="w3:t7"
2026-07-28T13:26:27.816797Z  INFO herdr::logging: workspace focused event="workspace.focus" subsystem="workspace" outcome="ok" workspace_id="w2"
2026-07-28T13:26:27.817063Z  INFO herdr::logging: tab focused event="tab.focus" subsystem="tab" outcome="ok" workspace_id="w2" tab_id="w2:t3"
2026-07-28T13:26:30.311538Z  INFO herdr::logging: api request received event="api.request.start" subsystem="api" outcome="started" request_id="cli:tab:focus" method="tab.focus" changes_ui=true
2026-07-28T13:26:30.311645Z  INFO herdr::logging: tab focused event="tab.focus" subsystem="tab" outcome="ok" workspace_id="w2" tab_id="w2:t2"
2026-07-28T13:26:30.311698Z  INFO herdr::logging: api request completed event="api.request.complete" subsystem="api" outcome="ok" request_id="cli:tab:focus" method="tab.focus"
2026-07-28T13:26:30.328513Z  INFO herdr::logging: api request received event="api.request.start" subsystem="api" outcome="started" request_id="cli:tab:focus" method="tab.focus" changes_ui=true
2026-07-28T13:26:30.328608Z  INFO herdr::logging: tab focused event="tab.focus" subsystem="tab" outcome="ok" workspace_id="w2" tab_id="w2:t1"
2026-07-28T13:26:30.328653Z  INFO herdr::logging: api request completed event="api.request.complete" subsystem="api" outcome="ok" request_id="cli:tab:focus" method="tab.focus"
2026-07-28T13:26:30.496342Z  INFO herdr::logging: api request received event="api.request.start" subsystem="api" outcome="started" request_id="cli:tab:focus" method="tab.focus" changes_ui=true
2026-07-28T13:26:30.496514Z  INFO herdr::logging: tab focused event="tab.focus" subsystem="tab" outcome="ok" workspace_id="w2" tab_id="w2:t3"
2026-07-28T13:26:30.496574Z  INFO herdr::logging: api request completed event="api.request.complete" subsystem="api" outcome="ok" request_id="cli:tab:focus" method="tab.focus"
2026-07-28T13:26:31.025965Z  INFO herdr::logging: api request received event="api.request.start" subsystem="api" outcome="started" request_id="cli:tab:focus" method="tab.focus" changes_ui=true
2026-07-28T13:26:31.026040Z  INFO herdr::logging: tab focused event="tab.focus" subsystem="tab" outcome="ok" workspace_id="w2" tab_id="w2:t1"
2026-07-28T13:26:31.026070Z  INFO herdr::logging: api request completed event="api.request.complete" subsystem="api" outcome="ok" request_id="cli:tab:focus" method="tab.focus"
2026-07-28T13:26:31.061011Z  INFO herdr::logging: api request received event="api.request.start" subsystem="api" outcome="started" request_id="cli:tab:focus" method="tab.focus" changes_ui=true
2026-07-28T13:26:31.061117Z  INFO herdr::logging: tab focused event="tab.focus" subsystem="tab" outcome="ok" workspace_id="w2" tab_id="w2:t2"
2026-07-28T13:26:31.061160Z  INFO herdr::logging: api request completed event="api.request.complete" subsystem="api" outcome="ok" request_id="cli:tab:focus" method="tab.focus"
2026-07-28T13:26:31.206318Z  INFO herdr::logging: api request received event="api.request.start" subsystem="api" outcome="started" request_id="cli:tab:focus" method="tab.focus" changes_ui=true
2026-07-28T13:26:31.206413Z  INFO herdr::logging: tab focused event="tab.focus" subsystem="tab" outcome="ok" workspace_id="w2" tab_id="w2:t3"
2026-07-28T13:26:31.206451Z  INFO herdr::logging: api request completed event="api.request.complete" subsystem="api" outcome="ok" request_id="cli:tab:focus" method="tab.focus"
2026-07-28T13:26:35.224777Z  INFO herdr::logging: api request received event="api.request.start" subsystem="api" outcome="started" request_id="cli:tab:focus" method="tab.focus" changes_ui=true
2026-07-28T13:26:35.225231Z  INFO herdr::logging: tab focused event="tab.focus" subsystem="tab" outcome="ok" workspace_id="w2" tab_id="w2:t1"
2026-07-28T13:26:35.225278Z  INFO herdr::logging: api request completed event="api.request.complete" subsystem="api" outcome="ok" request_id="cli:tab:focus" method="tab.focus"
2026-07-28T13:26:35.484891Z  INFO herdr::logging: tab focused event="tab.focus" subsystem="tab" outcome="ok" workspace_id="w2" tab_id="w2:t3"
2026-07-28T13:26:40.493947Z  INFO herdr::logging: session saved event="persist.save" subsystem="persist" outcome="ok" path=/Users/vince/.config/herdr/session.json workspaces=3
2026-07-28T13:27:56.122385Z  INFO herdr::logging: tab focused event="tab.focus" subsystem="tab" outcome="ok" workspace_id="w2" tab_id="w2:t2"
2026-07-28T13:27:56.616438Z  INFO herdr::logging: tab focused event="tab.focus" subsystem="tab" outcome="ok" workspace_id="w2" tab_id="w2:t1"
2026-07-28T13:27:57.194362Z  INFO herdr::logging: tab focused event="tab.focus" subsystem="tab" outcome="ok" workspace_id="w2" tab_id="w2:t2"
2026-07-28T13:28:02.198167Z  INFO herdr::logging: session saved event="persist.save" subsystem="persist" outcome="ok" path=/Users/vince/.config/herdr/session.json workspaces=3
2026-07-28T13:28:39.350891Z  INFO herdr::logging: api request received event="api.request.start" subsystem="api" outcome="started" request_id="cli:tab:focus" method="tab.focus" changes_ui=true
2026-07-28T13:28:39.351192Z  INFO herdr::logging: tab focused event="tab.focus" subsystem="tab" outcome="ok" workspace_id="w2" tab_id="w2:t3"
2026-07-28T13:28:39.351216Z  INFO herdr::logging: api request completed event="api.request.complete" subsystem="api" outcome="ok" request_id="cli:tab:focus" method="tab.focus"
2026-07-28T13:28:44.356197Z  INFO herdr::logging: session saved event="persist.save" subsystem="persist" outcome="ok" path=/Users/vince/.config/herdr/session.json workspaces=3
2026-07-28T13:29:40.702212Z  INFO herdr::logging: tab focused event="tab.focus" subsystem="tab" outcome="ok" workspace_id="w2" tab_id="w2:t2"
2026-07-28T13:29:41.579141Z  INFO herdr::logging: tab focused event="tab.focus" subsystem="tab" outcome="ok" workspace_id="w2" tab_id="w2:t3"
2026-07-28T13:29:45.139206Z  INFO herdr::logging: tab focused event="tab.focus" subsystem="tab" outcome="ok" workspace_id="w2" tab_id="w2:t1"
2026-07-28T13:29:50.145426Z  INFO herdr::logging: session saved event="persist.save" subsystem="persist" outcome="ok" path=/Users/vince/.config/herdr/session.json workspaces=3
2026-07-28T13:29:52.317906Z  INFO herdr::logging: workspace focused event="workspace.focus" subsystem="workspace" outcome="ok" workspace_id="w3"
2026-07-28T13:29:52.318171Z  INFO herdr::logging: tab focused event="tab.focus" subsystem="tab" outcome="ok" workspace_id="w3" tab_id="w3:t7"
2026-07-28T13:29:53.317694Z  INFO herdr::logging: workspace focused event="workspace.focus" subsystem="workspace" outcome="ok" workspace_id="w2"
2026-07-28T13:29:53.317916Z  INFO herdr::logging: tab focused event="tab.focus" subsystem="tab" outcome="ok" workspace_id="w2" tab_id="w2:t3"
2026-07-28T13:29:54.211085Z  INFO herdr::logging: api request received event="api.request.start" subsystem="api" outcome="started" request_id="cli:tab:focus" method="tab.focus" changes_ui=true
2026-07-28T13:29:54.211191Z  INFO herdr::logging: tab focused event="tab.focus" subsystem="tab" outcome="ok" workspace_id="w2" tab_id="w2:t1"
2026-07-28T13:29:54.211232Z  INFO herdr::logging: api request completed event="api.request.complete" subsystem="api" outcome="ok" request_id="cli:tab:focus" method="tab.focus"
2026-07-28T13:29:54.345651Z  INFO herdr::logging: api request received event="api.request.start" subsystem="api" outcome="started" request_id="cli:tab:focus" method="tab.focus" changes_ui=true
2026-07-28T13:29:54.345759Z  INFO herdr::logging: tab focused event="tab.focus" subsystem="tab" outcome="ok" workspace_id="w2" tab_id="w2:t2"
2026-07-28T13:29:54.345808Z  INFO herdr::logging: api request completed event="api.request.complete" subsystem="api" outcome="ok" request_id="cli:tab:focus" method="tab.focus"
2026-07-28T13:29:54.624266Z  INFO herdr::logging: api request received event="api.request.start" subsystem="api" outcome="started" request_id="cli:tab:focus" method="tab.focus" changes_ui=true
2026-07-28T13:29:54.624390Z  INFO herdr::logging: tab focused event="tab.focus" subsystem="tab" outcome="ok" workspace_id="w2" tab_id="w2:t3"
2026-07-28T13:29:54.624430Z  INFO herdr::logging: api request completed event="api.request.complete" subsystem="api" outcome="ok" request_id="cli:tab:focus" method="tab.focus"
2026-07-28T13:29:59.630702Z  INFO herdr::logging: session saved event="persist.save" subsystem="persist" outcome="ok" path=/Users/vince/.config/herdr/session.json workspaces=3
2026-07-28T13:30:29.615591Z  INFO herdr::app::actions: copied selection to clipboard
2026-07-28T13:32:30.886043Z  INFO herdr::app::actions: copied selection to clipboard
2026-07-28T13:32:33.035312Z  INFO herdr::app::actions: copied selection to clipboard
2026-07-28T13:38:59.522457Z  INFO herdr::app::actions: copied selection to clipboard
2026-07-28T13:39:12.881391Z  INFO herdr::logging: workspace focused event="workspace.focus" subsystem="workspace" outcome="ok" workspace_id="w3"
2026-07-28T13:39:12.881566Z  INFO herdr::logging: tab focused event="tab.focus" subsystem="tab" outcome="ok" workspace_id="w3" tab_id="w3:t7"
2026-07-28T13:39:14.027962Z  INFO herdr::logging: workspace focused event="workspace.focus" subsystem="workspace" outcome="ok" workspace_id="w2"
2026-07-28T13:39:14.028171Z  INFO herdr::logging: tab focused event="tab.focus" subsystem="tab" outcome="ok" workspace_id="w2" tab_id="w2:t3"
2026-07-28T13:39:14.663451Z  INFO herdr::logging: api request received event="api.request.start" subsystem="api" outcome="started" request_id="cli:tab:focus" method="tab.focus" changes_ui=true
2026-07-28T13:39:14.663563Z  INFO herdr::logging: tab focused event="tab.focus" subsystem="tab" outcome="ok" workspace_id="w2" tab_id="w2:t1"
2026-07-28T13:39:14.663605Z  INFO herdr::logging: api request completed event="api.request.complete" subsystem="api" outcome="ok" request_id="cli:tab:focus" method="tab.focus"
2026-07-28T13:39:14.967579Z  INFO herdr::logging: api request received event="api.request.start" subsystem="api" outcome="started" request_id="cli:tab:focus" method="tab.focus" changes_ui=true
2026-07-28T13:39:14.967696Z  INFO herdr::logging: tab focused event="tab.focus" subsystem="tab" outcome="ok" workspace_id="w2" tab_id="w2:t2"
2026-07-28T13:39:14.967743Z  INFO herdr::logging: api request completed event="api.request.complete" subsystem="api" outcome="ok" request_id="cli:tab:focus" method="tab.focus"
2026-07-28T13:39:19.971790Z  INFO herdr::logging: session saved event="persist.save" subsystem="persist" outcome="ok" path=/Users/vince/.config/herdr/session.json workspaces=3
2026-07-28T13:39:32.748033Z  INFO herdr::logging: tab focused event="tab.focus" subsystem="tab" outcome="ok" workspace_id="w2" tab_id="w2:t3"
2026-07-28T13:39:37.763624Z  INFO herdr::logging: session saved event="persist.save" subsystem="persist" outcome="ok" path=/Users/vince/.config/herdr/session.json workspaces=3
2026-07-28T13:39:39.185900Z  INFO herdr::logging: checking for updates event="update.check.start" subsystem="update" outcome="started"
2026-07-28T13:41:25.680400Z  INFO herdr::app::actions: copied selection to clipboard
2026-07-28T13:41:29.443800Z  INFO herdr::server::headless: client resize client_id=26 cols=189 rows=41 cell_width_px=0 cell_height_px=0
2026-07-28T13:43:26.785235Z  INFO herdr::logging: workspace focused event="workspace.focus" subsystem="workspace" outcome="ok" workspace_id="w3"
2026-07-28T13:43:26.786288Z  INFO herdr::logging: tab focused event="tab.focus" subsystem="tab" outcome="ok" workspace_id="w3" tab_id="w3:t7"
2026-07-28T13:43:27.160063Z  INFO herdr::logging: workspace focused event="workspace.focus" subsystem="workspace" outcome="ok" workspace_id="w2"
2026-07-28T13:43:27.160253Z  INFO herdr::logging: tab focused event="tab.focus" subsystem="tab" outcome="ok" workspace_id="w2" tab_id="w2:t3"
2026-07-28T13:43:27.393492Z  INFO herdr::logging: workspace focused event="workspace.focus" subsystem="workspace" outcome="ok" workspace_id="w3"
2026-07-28T13:43:27.393705Z  INFO herdr::logging: tab focused event="tab.focus" subsystem="tab" outcome="ok" workspace_id="w3" tab_id="w3:t7"
2026-07-28T13:43:29.271212Z  INFO herdr::logging: api request received event="api.request.start" subsystem="api" outcome="started" request_id="cli:tab:focus" method="tab.focus" changes_ui=true
2026-07-28T13:43:29.271333Z  INFO herdr::logging: tab focused event="tab.focus" subsystem="tab" outcome="ok" workspace_id="w3" tab_id="w3:t1"
2026-07-28T13:43:29.271384Z  INFO herdr::logging: api request completed event="api.request.complete" subsystem="api" outcome="ok" request_id="cli:tab:focus" method="tab.focus"
2026-07-28T13:43:34.281431Z  INFO herdr::logging: session saved event="persist.save" subsystem="persist" outcome="ok" path=/Users/vince/.config/herdr/session.json workspaces=3
2026-07-28T13:43:48.611024Z  INFO herdr::logging: workspace focused event="workspace.focus" subsystem="workspace" outcome="ok" workspace_id="w2"
2026-07-28T13:43:48.612136Z  INFO herdr::logging: tab focused event="tab.focus" subsystem="tab" outcome="ok" workspace_id="w2" tab_id="w2:t3"
2026-07-28T13:43:53.633218Z  INFO herdr::logging: session saved event="persist.save" subsystem="persist" outcome="ok" path=/Users/vince/.config/herdr/session.json workspaces=3
2026-07-28T13:48:25.644194Z  INFO herdr::logging: tab focused event="tab.focus" subsystem="tab" outcome="ok" workspace_id="w2" tab_id="w2:t2"
2026-07-28T13:48:30.662747Z  INFO herdr::logging: session saved event="persist.save" subsystem="persist" outcome="ok" path=/Users/vince/.config/herdr/session.json workspaces=3
2026-07-28T13:50:23.148130Z  INFO herdr::server::headless: client connected client_id=28 cols=80 rows=24 cell_width_px=0 cell_height_px=0 render_encoding=SemanticFrame
2026-07-28T13:50:23.198376Z  INFO herdr::server::headless: client disconnected client_id=28
2026-07-28T13:52:03.524475Z  INFO herdr::logging: tab focused event="tab.focus" subsystem="tab" outcome="ok" workspace_id="w2" tab_id="w2:t3"
2026-07-28T13:52:03.974155Z  INFO herdr::logging: workspace focused event="workspace.focus" subsystem="workspace" outcome="ok" workspace_id="w3"
2026-07-28T13:52:03.974266Z  INFO herdr::logging: tab focused event="tab.focus" subsystem="tab" outcome="ok" workspace_id="w3" tab_id="w3:t7"
2026-07-28T13:52:05.177085Z  INFO herdr::logging: workspace focused event="workspace.focus" subsystem="workspace" outcome="ok" workspace_id="w2"
2026-07-28T13:52:05.177186Z  INFO herdr::logging: tab focused event="tab.focus" subsystem="tab" outcome="ok" workspace_id="w2" tab_id="w2:t3"
2026-07-28T13:52:06.343698Z  INFO herdr::logging: workspace focused event="workspace.focus" subsystem="workspace" outcome="ok" workspace_id="w3"
2026-07-28T13:52:06.343896Z  INFO herdr::logging: tab focused event="tab.focus" subsystem="tab" outcome="ok" workspace_id="w3" tab_id="w3:t7"
2026-07-28T13:52:06.652516Z  INFO herdr::logging: workspace focused event="workspace.focus" subsystem="workspace" outcome="ok" workspace_id="w2"
2026-07-28T13:52:06.652940Z  INFO herdr::logging: tab focused event="tab.focus" subsystem="tab" outcome="ok" workspace_id="w2" tab_id="w2:t3"
2026-07-28T13:52:11.667216Z  INFO herdr::logging: session saved event="persist.save" subsystem="persist" outcome="ok" path=/Users/vince/.config/herdr/session.json workspaces=3
2026-07-28T13:52:15.678288Z  INFO herdr::logging: workspace focused event="workspace.focus" subsystem="workspace" outcome="ok" workspace_id="w3"
2026-07-28T13:52:15.678553Z  INFO herdr::logging: tab focused event="tab.focus" subsystem="tab" outcome="ok" workspace_id="w3" tab_id="w3:t7"
2026-07-28T13:52:15.983815Z  INFO herdr::logging: workspace focused event="workspace.focus" subsystem="workspace" outcome="ok" workspace_id="w2"
2026-07-28T13:52:15.983904Z  INFO herdr::logging: tab focused event="tab.focus" subsystem="tab" outcome="ok" workspace_id="w2" tab_id="w2:t3"
2026-07-28T13:52:16.391848Z  INFO herdr::logging: workspace focused event="workspace.focus" subsystem="workspace" outcome="ok" workspace_id="w3"
2026-07-28T13:52:16.392077Z  INFO herdr::logging: tab focused event="tab.focus" subsystem="tab" outcome="ok" workspace_id="w3" tab_id="w3:t7"
2026-07-28T13:52:16.749034Z  INFO herdr::logging: workspace focused event="workspace.focus" subsystem="workspace" outcome="ok" workspace_id="w2"
2026-07-28T13:52:16.749309Z  INFO herdr::logging: tab focused event="tab.focus" subsystem="tab" outcome="ok" workspace_id="w2" tab_id="w2:t3"
2026-07-28T13:52:21.765353Z  INFO herdr::logging: session saved event="persist.save" subsystem="persist" outcome="ok" path=/Users/vince/.config/herdr/session.json workspaces=3
2026-07-28T13:52:50.828622Z  INFO herdr::logging: workspace focused event="workspace.focus" subsystem="workspace" outcome="ok" workspace_id="w3"
2026-07-28T13:52:50.829945Z  INFO herdr::logging: tab focused event="tab.focus" subsystem="tab" outcome="ok" workspace_id="w3" tab_id="w3:t7"
2026-07-28T13:52:51.809947Z  INFO herdr::logging: workspace focused event="workspace.focus" subsystem="workspace" outcome="ok" workspace_id="w2"
2026-07-28T13:52:51.810166Z  INFO herdr::logging: tab focused event="tab.focus" subsystem="tab" outcome="ok" workspace_id="w2" tab_id="w2:t3"
2026-07-28T13:52:56.829132Z  INFO herdr::logging: session saved event="persist.save" subsystem="persist" outcome="ok" path=/Users/vince/.config/herdr/session.json workspaces=3
2026-07-28T13:53:37.714367Z  INFO herdr::logging: tab focused event="tab.focus" subsystem="tab" outcome="ok" workspace_id="w2" tab_id="w2:t2"
2026-07-28T13:53:37.977652Z  INFO herdr::logging: tab focused event="tab.focus" subsystem="tab" outcome="ok" workspace_id="w2" tab_id="w2:t2"
2026-07-28T13:53:42.982671Z  INFO herdr::logging: session saved event="persist.save" subsystem="persist" outcome="ok" path=/Users/vince/.config/herdr/session.json workspaces=3
2026-07-28T13:53:46.919546Z  INFO herdr::server::headless: client resize client_id=26 cols=170 rows=42 cell_width_px=0 cell_height_px=0
2026-07-28T13:54:08.043792Z  INFO herdr::server::headless: client resize client_id=26 cols=189 rows=41 cell_width_px=0 cell_height_px=0
2026-07-28T13:55:10.929438Z  INFO herdr::logging: tab focused event="tab.focus" subsystem="tab" outcome="ok" workspace_id="w2" tab_id="w2:t1"
2026-07-28T13:55:15.940967Z  INFO herdr::logging: session saved event="persist.save" subsystem="persist" outcome="ok" path=/Users/vince/.config/herdr/session.json workspaces=3
2026-07-28T14:00:03.344581Z  INFO herdr::logging: tab focused event="tab.focus" subsystem="tab" outcome="ok" workspace_id="w2" tab_id="w2:t3"
2026-07-28T14:00:08.357457Z  INFO herdr::logging: session saved event="persist.save" subsystem="persist" outcome="ok" path=/Users/vince/.config/herdr/session.json workspaces=3
2026-07-28T14:01:39.235774Z  INFO herdr::app::actions: copied selection to clipboard
2026-07-28T14:03:41.432884Z  INFO herdr::app::actions: copied selection to clipboard
2026-07-28T14:04:29.734300Z  INFO herdr::server::headless: client resize client_id=26 cols=158 rows=41 cell_width_px=0 cell_height_px=0
2026-07-28T14:05:32.958414Z  INFO herdr::logging: tab focused event="tab.focus" subsystem="tab" outcome="ok" workspace_id="w2" tab_id="w2:t2"
2026-07-28T14:05:37.976388Z  INFO herdr::logging: session saved event="persist.save" subsystem="persist" outcome="ok" path=/Users/vince/.config/herdr/session.json workspaces=3
2026-07-28T14:05:50.909178Z  INFO herdr::logging: tab focused event="tab.focus" subsystem="tab" outcome="ok" workspace_id="w2" tab_id="w2:t3"
2026-07-28T14:05:55.922790Z  INFO herdr::logging: session saved event="persist.save" subsystem="persist" outcome="ok" path=/Users/vince/.config/herdr/session.json workspaces=3
2026-07-28T14:06:43.081043Z  INFO herdr::server::headless: client resize client_id=26 cols=158 rows=47 cell_width_px=0 cell_height_px=0
2026-07-28T14:06:53.444477Z  INFO herdr::logging: api request received event="api.request.start" subsystem="api" outcome="started" request_id="cli:tab:focus" method="tab.focus" changes_ui=true
2026-07-28T14:06:53.444765Z  INFO herdr::logging: tab focused event="tab.focus" subsystem="tab" outcome="ok" workspace_id="w2" tab_id="w2:t1"
2026-07-28T14:06:53.444790Z  INFO herdr::logging: api request completed event="api.request.complete" subsystem="api" outcome="ok" request_id="cli:tab:focus" method="tab.focus"
2026-07-28T14:06:58.452432Z  INFO herdr::logging: session saved event="persist.save" subsystem="persist" outcome="ok" path=/Users/vince/.config/herdr/session.json workspaces=3
2026-07-28T14:07:15.492024Z  INFO herdr::logging: workspace focused event="workspace.focus" subsystem="workspace" outcome="ok" workspace_id="w3"
2026-07-28T14:07:15.493221Z  INFO herdr::logging: tab focused event="tab.focus" subsystem="tab" outcome="ok" workspace_id="w3" tab_id="w3:t7"
2026-07-28T14:07:16.075296Z  INFO herdr::logging: workspace focused event="workspace.focus" subsystem="workspace" outcome="ok" workspace_id="w2"
2026-07-28T14:07:16.075537Z  INFO herdr::logging: tab focused event="tab.focus" subsystem="tab" outcome="ok" workspace_id="w2" tab_id="w2:t3"
2026-07-28T14:07:16.786493Z  INFO herdr::logging: api request received event="api.request.start" subsystem="api" outcome="started" request_id="cli:tab:focus" method="tab.focus" changes_ui=true
2026-07-28T14:07:16.786678Z  INFO herdr::logging: tab focused event="tab.focus" subsystem="tab" outcome="ok" workspace_id="w2" tab_id="w2:t1"
2026-07-28T14:07:16.786739Z  INFO herdr::logging: api request completed event="api.request.complete" subsystem="api" outcome="ok" request_id="cli:tab:focus" method="tab.focus"
2026-07-28T14:07:17.284606Z  INFO herdr::logging: api request received event="api.request.start" subsystem="api" outcome="started" request_id="cli:tab:focus" method="tab.focus" changes_ui=true
2026-07-28T14:07:17.284741Z  INFO herdr::logging: tab focused event="tab.focus" subsystem="tab" outcome="ok" workspace_id="w2" tab_id="w2:t2"
2026-07-28T14:07:17.284787Z  INFO herdr::logging: api request completed event="api.request.complete" subsystem="api" outcome="ok" request_id="cli:tab:focus" method="tab.focus"
2026-07-28T14:07:17.361280Z  INFO herdr::logging: api request received event="api.request.start" subsystem="api" outcome="started" request_id="cli:tab:focus" method="tab.focus" changes_ui=true
2026-07-28T14:07:17.361396Z  INFO herdr::logging: tab focused event="tab.focus" subsystem="tab" outcome="ok" workspace_id="w2" tab_id="w2:t3"
2026-07-28T14:07:17.361439Z  INFO herdr::logging: api request completed event="api.request.complete" subsystem="api" outcome="ok" request_id="cli:tab:focus" method="tab.focus"
2026-07-28T14:07:17.885816Z  INFO herdr::logging: api request received event="api.request.start" subsystem="api" outcome="started" request_id="cli:tab:focus" method="tab.focus" changes_ui=true
2026-07-28T14:07:17.885979Z  INFO herdr::logging: tab focused event="tab.focus" subsystem="tab" outcome="ok" workspace_id="w2" tab_id="w2:t1"
2026-07-28T14:07:17.886030Z  INFO herdr::logging: api request completed event="api.request.complete" subsystem="api" outcome="ok" request_id="cli:tab:focus" method="tab.focus"
2026-07-28T14:07:17.913074Z  INFO herdr::logging: api request received event="api.request.start" subsystem="api" outcome="started" request_id="cli:tab:focus" method="tab.focus" changes_ui=true
2026-07-28T14:07:17.913168Z  INFO herdr::logging: tab focused event="tab.focus" subsystem="tab" outcome="ok" workspace_id="w2" tab_id="w2:t2"
2026-07-28T14:07:17.913199Z  INFO herdr::logging: api request completed event="api.request.complete" subsystem="api" outcome="ok" request_id="cli:tab:focus" method="tab.focus"
2026-07-28T14:07:18.030412Z  INFO herdr::logging: api request received event="api.request.start" subsystem="api" outcome="started" request_id="cli:tab:focus" method="tab.focus" changes_ui=true
2026-07-28T14:07:18.030474Z  INFO herdr::logging: tab focused event="tab.focus" subsystem="tab" outcome="ok" workspace_id="w2" tab_id="w2:t3"
2026-07-28T14:07:18.030511Z  INFO herdr::logging: api request completed event="api.request.complete" subsystem="api" outcome="ok" request_id="cli:tab:focus" method="tab.focus"
2026-07-28T14:07:18.656269Z  INFO herdr::logging: api request received event="api.request.start" subsystem="api" outcome="started" request_id="cli:tab:focus" method="tab.focus" changes_ui=true
2026-07-28T14:07:18.656391Z  INFO herdr::logging: tab focused event="tab.focus" subsystem="tab" outcome="ok" workspace_id="w2" tab_id="w2:t1"
2026-07-28T14:07:18.656438Z  INFO herdr::logging: api request completed event="api.request.complete" subsystem="api" outcome="ok" request_id="cli:tab:focus" method="tab.focus"
2026-07-28T14:07:18.663551Z  INFO herdr::logging: api request received event="api.request.start" subsystem="api" outcome="started" request_id="cli:tab:focus" method="tab.focus" changes_ui=true
2026-07-28T14:07:18.663639Z  INFO herdr::logging: tab focused event="tab.focus" subsystem="tab" outcome="ok" workspace_id="w2" tab_id="w2:t2"
2026-07-28T14:07:18.663673Z  INFO herdr::logging: api request completed event="api.request.complete" subsystem="api" outcome="ok" request_id="cli:tab:focus" method="tab.focus"
2026-07-28T14:07:18.766537Z  INFO herdr::logging: api request received event="api.request.start" subsystem="api" outcome="started" request_id="cli:tab:focus" method="tab.focus" changes_ui=true
2026-07-28T14:07:18.766635Z  INFO herdr::logging: tab focused event="tab.focus" subsystem="tab" outcome="ok" workspace_id="w2" tab_id="w2:t3"
2026-07-28T14:07:18.766680Z  INFO herdr::logging: api request completed event="api.request.complete" subsystem="api" outcome="ok" request_id="cli:tab:focus" method="tab.focus"
2026-07-28T14:07:23.772729Z  INFO herdr::logging: session saved event="persist.save" subsystem="persist" outcome="ok" path=/Users/vince/.config/herdr/session.json workspaces=3
2026-07-28T14:09:39.197490Z  INFO herdr::logging: checking for updates event="update.check.start" subsystem="update" outcome="started"
2026-07-28T14:17:37.433793Z  INFO herdr::logging: api request received event="api.request.start" subsystem="api" outcome="started" request_id="cli:tab:focus" method="tab.focus" changes_ui=true
2026-07-28T14:17:37.434202Z  INFO herdr::logging: tab focused event="tab.focus" subsystem="tab" outcome="ok" workspace_id="w2" tab_id="w2:t1"
2026-07-28T14:17:37.434248Z  INFO herdr::logging: api request completed event="api.request.complete" subsystem="api" outcome="ok" request_id="cli:tab:focus" method="tab.focus"
2026-07-28T14:17:42.008240Z  INFO herdr::logging: api request received event="api.request.start" subsystem="api" outcome="started" request_id="cli:tab:focus" method="tab.focus" changes_ui=true
2026-07-28T14:17:42.008362Z  INFO herdr::logging: tab focused event="tab.focus" subsystem="tab" outcome="ok" workspace_id="w2" tab_id="w2:t3"
2026-07-28T14:17:42.008406Z  INFO herdr::logging: api request completed event="api.request.complete" subsystem="api" outcome="ok" request_id="cli:tab:focus" method="tab.focus"
2026-07-28T14:17:45.137083Z  INFO herdr::logging: workspace focused event="workspace.focus" subsystem="workspace" outcome="ok" workspace_id="w3"
2026-07-28T14:17:45.137205Z  INFO herdr::logging: tab focused event="tab.focus" subsystem="tab" outcome="ok" workspace_id="w3" tab_id="w3:t7"
2026-07-28T14:17:45.515729Z  INFO herdr::logging: workspace focused event="workspace.focus" subsystem="workspace" outcome="ok" workspace_id="w2"
2026-07-28T14:17:45.515963Z  INFO herdr::logging: tab focused event="tab.focus" subsystem="tab" outcome="ok" workspace_id="w2" tab_id="w2:t3"
2026-07-28T14:17:50.532409Z  INFO herdr::logging: session saved event="persist.save" subsystem="persist" outcome="ok" path=/Users/vince/.config/herdr/session.json workspaces=3
2026-07-28T14:22:59.987596Z  INFO herdr::logging: workspace focused event="workspace.focus" subsystem="workspace" outcome="ok" workspace_id="w9"
2026-07-28T14:22:59.989034Z  INFO herdr::logging: tab focused event="tab.focus" subsystem="tab" outcome="ok" workspace_id="w9" tab_id="w9:t2"
2026-07-28T14:23:05.016625Z  INFO herdr::logging: session saved event="persist.save" subsystem="persist" outcome="ok" path=/Users/vince/.config/herdr/session.json workspaces=3
2026-07-28T14:34:40.304007Z  INFO herdr::server::headless: client resize client_id=26 cols=142 rows=48 cell_width_px=0 cell_height_px=0
2026-07-28T14:39:39.222547Z  INFO herdr::logging: checking for updates event="update.check.start" subsystem="update" outcome="started"
2026-07-28T15:09:39.235026Z  INFO herdr::logging: checking for updates event="update.check.start" subsystem="update" outcome="started"
2026-07-28T15:39:39.208399Z  INFO herdr::logging: checking for updates event="update.check.start" subsystem="update" outcome="started"
2026-07-28T16:09:40.168136Z  INFO herdr::logging: checking for updates event="update.check.start" subsystem="update" outcome="started"
2026-07-28T16:26:06.803407Z  INFO herdr::server::headless: client resize client_id=26 cols=142 rows=47 cell_width_px=0 cell_height_px=0
2026-07-28T16:26:08.329291Z  INFO herdr::server::headless: client resize client_id=26 cols=158 rows=47 cell_width_px=0 cell_height_px=0
2026-07-28T16:27:55.842645Z  INFO herdr::logging: workspace focused event="workspace.focus" subsystem="workspace" outcome="ok" workspace_id="w3"
2026-07-28T16:27:55.843187Z  INFO herdr::logging: tab focused event="tab.focus" subsystem="tab" outcome="ok" workspace_id="w3" tab_id="w3:t7"
2026-07-28T16:27:57.527856Z  INFO herdr::logging: api request received event="api.request.start" subsystem="api" outcome="started" request_id="cli:tab:focus" method="tab.focus" changes_ui=true
2026-07-28T16:27:57.527949Z  INFO herdr::logging: tab focused event="tab.focus" subsystem="tab" outcome="ok" workspace_id="w3" tab_id="w3:t1"
2026-07-28T16:27:57.527982Z  INFO herdr::logging: api request completed event="api.request.complete" subsystem="api" outcome="ok" request_id="cli:tab:focus" method="tab.focus"
2026-07-28T16:28:02.533063Z  INFO herdr::logging: session saved event="persist.save" subsystem="persist" outcome="ok" path=/Users/vince/.config/herdr/session.json workspaces=3
2026-07-28T16:40:29.380968Z  INFO herdr::logging: checking for updates event="update.check.start" subsystem="update" outcome="started"
2026-07-28T16:47:59.522984Z  INFO herdr::server::headless: client resize client_id=26 cols=142 rows=47 cell_width_px=0 cell_height_px=0
2026-07-28T17:09:41.302773Z  INFO herdr::server::headless: client resize client_id=26 cols=142 rows=48 cell_width_px=0 cell_height_px=0
2026-07-28T17:19:34.018011Z  INFO herdr::logging: workspace focused event="workspace.focus" subsystem="workspace" outcome="ok" workspace_id="w2"
2026-07-28T17:19:34.018251Z  INFO herdr::logging: tab focused event="tab.focus" subsystem="tab" outcome="ok" workspace_id="w2" tab_id="w2:t3"
2026-07-28T17:19:34.246921Z  INFO herdr::logging: workspace focused event="workspace.focus" subsystem="workspace" outcome="ok" workspace_id="w3"
2026-07-28T17:19:34.247076Z  INFO herdr::logging: tab focused event="tab.focus" subsystem="tab" outcome="ok" workspace_id="w3" tab_id="w3:t7"
2026-07-28T17:19:34.438596Z  INFO herdr::logging: workspace focused event="workspace.focus" subsystem="workspace" outcome="ok" workspace_id="w2"
2026-07-28T17:19:34.439291Z  INFO herdr::logging: tab focused event="tab.focus" subsystem="tab" outcome="ok" workspace_id="w2" tab_id="w2:t3"
2026-07-28T17:19:34.650282Z  INFO herdr::logging: workspace focused event="workspace.focus" subsystem="workspace" outcome="ok" workspace_id="w3"
2026-07-28T17:19:34.650829Z  INFO herdr::logging: tab focused event="tab.focus" subsystem="tab" outcome="ok" workspace_id="w3" tab_id="w3:t7"
2026-07-28T17:19:34.816101Z  INFO herdr::logging: workspace focused event="workspace.focus" subsystem="workspace" outcome="ok" workspace_id="w2"
2026-07-28T17:19:34.816260Z  INFO herdr::logging: tab focused event="tab.focus" subsystem="tab" outcome="ok" workspace_id="w2" tab_id="w2:t3"
2026-07-28T17:19:35.127650Z  INFO herdr::logging: workspace focused event="workspace.focus" subsystem="workspace" outcome="ok" workspace_id="w3"
2026-07-28T17:19:35.127773Z  INFO herdr::logging: tab focused event="tab.focus" subsystem="tab" outcome="ok" workspace_id="w3" tab_id="w3:t7"
2026-07-28T17:19:36.349106Z  INFO herdr::logging: api request received event="api.request.start" subsystem="api" outcome="started" request_id="cli:tab:focus" method="tab.focus" changes_ui=true
2026-07-28T17:19:36.349197Z  INFO herdr::logging: tab focused event="tab.focus" subsystem="tab" outcome="ok" workspace_id="w3" tab_id="w3:t1"
2026-07-28T17:19:36.349231Z  INFO herdr::logging: api request completed event="api.request.complete" subsystem="api" outcome="ok" request_id="cli:tab:focus" method="tab.focus"
2026-07-28T17:19:36.353252Z  INFO herdr::logging: api request received event="api.request.start" subsystem="api" outcome="started" request_id="cli:tab:focus" method="tab.focus" changes_ui=true
2026-07-28T17:19:36.353317Z  INFO herdr::logging: tab focused event="tab.focus" subsystem="tab" outcome="ok" workspace_id="w3" tab_id="w3:t2"
2026-07-28T17:19:36.353345Z  INFO herdr::logging: api request completed event="api.request.complete" subsystem="api" outcome="ok" request_id="cli:tab:focus" method="tab.focus"
2026-07-28T17:19:36.435283Z  INFO herdr::logging: api request received event="api.request.start" subsystem="api" outcome="started" request_id="cli:tab:focus" method="tab.focus" changes_ui=true
2026-07-28T17:19:36.435377Z  INFO herdr::logging: tab focused event="tab.focus" subsystem="tab" outcome="ok" workspace_id="w3" tab_id="w3:t6"
2026-07-28T17:19:36.435406Z  INFO herdr::logging: api request completed event="api.request.complete" subsystem="api" outcome="ok" request_id="cli:tab:focus" method="tab.focus"
2026-07-28T17:19:36.696186Z  INFO herdr::logging: api request received event="api.request.start" subsystem="api" outcome="started" request_id="cli:tab:focus" method="tab.focus" changes_ui=true
2026-07-28T17:19:36.696293Z  INFO herdr::logging: tab focused event="tab.focus" subsystem="tab" outcome="ok" workspace_id="w3" tab_id="w3:t7"
2026-07-28T17:19:36.696328Z  INFO herdr::logging: api request completed event="api.request.complete" subsystem="api" outcome="ok" request_id="cli:tab:focus" method="tab.focus"
2026-07-28T17:19:37.114017Z  INFO herdr::logging: api request received event="api.request.start" subsystem="api" outcome="started" request_id="cli:tab:focus" method="tab.focus" changes_ui=true
2026-07-28T17:19:37.114140Z  INFO herdr::logging: tab focused event="tab.focus" subsystem="tab" outcome="ok" workspace_id="w3" tab_id="w3:t1"
2026-07-28T17:19:37.114188Z  INFO herdr::logging: api request completed event="api.request.complete" subsystem="api" outcome="ok" request_id="cli:tab:focus" method="tab.focus"
2026-07-28T17:19:37.129113Z  INFO herdr::logging: api request received event="api.request.start" subsystem="api" outcome="started" request_id="cli:tab:focus" method="tab.focus" changes_ui=true
2026-07-28T17:19:37.129207Z  INFO herdr::logging: tab focused event="tab.focus" subsystem="tab" outcome="ok" workspace_id="w3" tab_id="w3:t2"
2026-07-28T17:19:37.129247Z  INFO herdr::logging: api request completed event="api.request.complete" subsystem="api" outcome="ok" request_id="cli:tab:focus" method="tab.focus"
2026-07-28T17:19:37.196723Z  INFO herdr::logging: api request received event="api.request.start" subsystem="api" outcome="started" request_id="cli:tab:focus" method="tab.focus" changes_ui=true
2026-07-28T17:19:37.196842Z  INFO herdr::logging: tab focused event="tab.focus" subsystem="tab" outcome="ok" workspace_id="w3" tab_id="w3:t6"
2026-07-28T17:19:37.196895Z  INFO herdr::logging: api request completed event="api.request.complete" subsystem="api" outcome="ok" request_id="cli:tab:focus" method="tab.focus"
2026-07-28T17:19:37.383244Z  INFO herdr::logging: api request received event="api.request.start" subsystem="api" outcome="started" request_id="cli:tab:focus" method="tab.focus" changes_ui=true
2026-07-28T17:19:37.383333Z  INFO herdr::logging: tab focused event="tab.focus" subsystem="tab" outcome="ok" workspace_id="w3" tab_id="w3:t7"
2026-07-28T17:19:37.383368Z  INFO herdr::logging: api request completed event="api.request.complete" subsystem="api" outcome="ok" request_id="cli:tab:focus" method="tab.focus"
2026-07-28T17:19:37.673552Z  INFO herdr::logging: api request received event="api.request.start" subsystem="api" outcome="started" request_id="cli:tab:focus" method="tab.focus" changes_ui=true
2026-07-28T17:19:37.673648Z  INFO herdr::logging: tab focused event="tab.focus" subsystem="tab" outcome="ok" workspace_id="w3" tab_id="w3:t1"
2026-07-28T17:19:37.673683Z  INFO herdr::logging: api request completed event="api.request.complete" subsystem="api" outcome="ok" request_id="cli:tab:focus" method="tab.focus"
2026-07-28T17:19:37.699436Z  INFO herdr::logging: api request received event="api.request.start" subsystem="api" outcome="started" request_id="cli:tab:focus" method="tab.focus" changes_ui=true
2026-07-28T17:19:37.699526Z  INFO herdr::logging: tab focused event="tab.focus" subsystem="tab" outcome="ok" workspace_id="w3" tab_id="w3:t2"
2026-07-28T17:19:37.699572Z  INFO herdr::logging: api request completed event="api.request.complete" subsystem="api" outcome="ok" request_id="cli:tab:focus" method="tab.focus"
2026-07-28T17:19:37.797021Z  INFO herdr::logging: api request received event="api.request.start" subsystem="api" outcome="started" request_id="cli:tab:focus" method="tab.focus" changes_ui=true
2026-07-28T17:19:37.797109Z  INFO herdr::logging: tab focused event="tab.focus" subsystem="tab" outcome="ok" workspace_id="w3" tab_id="w3:t6"
2026-07-28T17:19:37.797155Z  INFO herdr::logging: api request completed event="api.request.complete" subsystem="api" outcome="ok" request_id="cli:tab:focus" method="tab.focus"
2026-07-28T17:19:38.125703Z  INFO herdr::logging: api request received event="api.request.start" subsystem="api" outcome="started" request_id="cli:tab:focus" method="tab.focus" changes_ui=true
2026-07-28T17:19:38.125835Z  INFO herdr::logging: tab focused event="tab.focus" subsystem="tab" outcome="ok" workspace_id="w3" tab_id="w3:t7"
2026-07-28T17:19:38.125876Z  INFO herdr::logging: api request completed event="api.request.complete" subsystem="api" outcome="ok" request_id="cli:tab:focus" method="tab.focus"
2026-07-28T17:19:38.385923Z  INFO herdr::logging: api request received event="api.request.start" subsystem="api" outcome="started" request_id="cli:tab:focus" method="tab.focus" changes_ui=true
2026-07-28T17:19:38.386031Z  INFO herdr::logging: tab focused event="tab.focus" subsystem="tab" outcome="ok" workspace_id="w3" tab_id="w3:t1"
2026-07-28T17:19:38.386069Z  INFO herdr::logging: api request completed event="api.request.complete" subsystem="api" outcome="ok" request_id="cli:tab:focus" method="tab.focus"
2026-07-28T17:19:38.443743Z  INFO herdr::logging: api request received event="api.request.start" subsystem="api" outcome="started" request_id="cli:tab:focus" method="tab.focus" changes_ui=true
2026-07-28T17:19:38.443822Z  INFO herdr::logging: tab focused event="tab.focus" subsystem="tab" outcome="ok" workspace_id="w3" tab_id="w3:t2"
2026-07-28T17:19:38.443855Z  INFO herdr::logging: api request completed event="api.request.complete" subsystem="api" outcome="ok" request_id="cli:tab:focus" method="tab.focus"
2026-07-28T17:19:38.901669Z  INFO herdr::logging: api request received event="api.request.start" subsystem="api" outcome="started" request_id="cli:tab:focus" method="tab.focus" changes_ui=true
2026-07-28T17:19:38.901802Z  INFO herdr::logging: tab focused event="tab.focus" subsystem="tab" outcome="ok" workspace_id="w3" tab_id="w3:t1"
2026-07-28T17:19:38.901845Z  INFO herdr::logging: api request completed event="api.request.complete" subsystem="api" outcome="ok" request_id="cli:tab:focus" method="tab.focus"
2026-07-28T17:19:43.913764Z  INFO herdr::logging: session saved event="persist.save" subsystem="persist" outcome="ok" path=/Users/vince/.config/herdr/session.json workspaces=3
2026-07-28T20:15:58.795736Z  INFO herdr::logging: checking for updates event="update.check.start" subsystem="update" outcome="started"
2026-07-29T07:35:47.841511Z  INFO herdr::logging: checking for updates event="update.check.start" subsystem="update" outcome="started"
2026-07-29T09:11:11.775955Z  INFO herdr::logging: tab focused event="tab.focus" subsystem="tab" outcome="ok" workspace_id="w3" tab_id="w3:t7"
2026-07-29T09:11:12.345809Z  INFO herdr::logging: workspace focused event="workspace.focus" subsystem="workspace" outcome="ok" workspace_id="w2"
2026-07-29T09:11:12.346026Z  INFO herdr::logging: tab focused event="tab.focus" subsystem="tab" outcome="ok" workspace_id="w2" tab_id="w2:t3"
2026-07-29T09:11:14.460803Z  INFO herdr::logging: workspace focused event="workspace.focus" subsystem="workspace" outcome="ok" workspace_id="w3"
2026-07-29T09:11:14.461050Z  INFO herdr::logging: tab focused event="tab.focus" subsystem="tab" outcome="ok" workspace_id="w3" tab_id="w3:t7"
2026-07-29T09:11:15.440515Z  INFO herdr::logging: api request received event="api.request.start" subsystem="api" outcome="started" request_id="cli:tab:focus" method="tab.focus" changes_ui=true
2026-07-29T09:11:15.441625Z  INFO herdr::logging: tab focused event="tab.focus" subsystem="tab" outcome="ok" workspace_id="w3" tab_id="w3:t2"
2026-07-29T09:11:15.441662Z  INFO herdr::logging: api request completed event="api.request.complete" subsystem="api" outcome="ok" request_id="cli:tab:focus" method="tab.focus"
2026-07-29T09:11:20.450093Z  INFO herdr::logging: session saved event="persist.save" subsystem="persist" outcome="ok" path=/Users/vince/.config/herdr/session.json workspaces=3
2026-07-29T09:13:23.208112Z  INFO herdr::logging: workspace focused event="workspace.focus" subsystem="workspace" outcome="ok" workspace_id="w2"
2026-07-29T09:13:23.209286Z  INFO herdr::logging: tab focused event="tab.focus" subsystem="tab" outcome="ok" workspace_id="w2" tab_id="w2:t3"
2026-07-29T09:13:24.305624Z  INFO herdr::logging: workspace focused event="workspace.focus" subsystem="workspace" outcome="ok" workspace_id="w3"
2026-07-29T09:13:24.305728Z  INFO herdr::logging: tab focused event="tab.focus" subsystem="tab" outcome="ok" workspace_id="w3" tab_id="w3:t7"
2026-07-29T09:13:24.667546Z  INFO herdr::logging: api request received event="api.request.start" subsystem="api" outcome="started" request_id="cli:tab:focus" method="tab.focus" changes_ui=true
2026-07-29T09:13:24.667649Z  INFO herdr::logging: tab focused event="tab.focus" subsystem="tab" outcome="ok" workspace_id="w3" tab_id="w3:t1"
2026-07-29T09:13:24.667686Z  INFO herdr::logging: api request completed event="api.request.complete" subsystem="api" outcome="ok" request_id="cli:tab:focus" method="tab.focus"
2026-07-29T09:13:29.672616Z  INFO herdr::logging: session saved event="persist.save" subsystem="persist" outcome="ok" path=/Users/vince/.config/herdr/session.json workspaces=3
2026-07-29T09:18:41.313277Z  INFO herdr::logging: tab focused event="tab.focus" subsystem="tab" outcome="ok" workspace_id="w3" tab_id="w3:t7"
2026-07-29T09:18:41.779726Z  INFO herdr::logging: workspace focused event="workspace.focus" subsystem="workspace" outcome="ok" workspace_id="w2"
2026-07-29T09:18:41.779766Z  INFO herdr::logging: tab focused event="tab.focus" subsystem="tab" outcome="ok" workspace_id="w2" tab_id="w2:t3"
2026-07-29T09:18:42.692589Z  INFO herdr::logging: workspace focused event="workspace.focus" subsystem="workspace" outcome="ok" workspace_id="w3"
2026-07-29T09:18:42.692879Z  INFO herdr::logging: tab focused event="tab.focus" subsystem="tab" outcome="ok" workspace_id="w3" tab_id="w3:t7"
2026-07-29T09:18:45.721376Z  INFO herdr::logging: tab focused event="tab.focus" subsystem="tab" outcome="ok" workspace_id="w3" tab_id="w3:t2"
2026-07-29T09:18:46.403668Z  INFO herdr::logging: tab focused event="tab.focus" subsystem="tab" outcome="ok" workspace_id="w3" tab_id="w3:t1"
2026-07-29T09:18:47.271465Z  INFO herdr::logging: tab focused event="tab.focus" subsystem="tab" outcome="ok" workspace_id="w3" tab_id="w3:t2"
2026-07-29T09:18:52.289506Z  INFO herdr::logging: session saved event="persist.save" subsystem="persist" outcome="ok" path=/Users/vince/.config/herdr/session.json workspaces=3
2026-07-29T09:19:14.544279Z  INFO herdr::logging: tab focused event="tab.focus" subsystem="tab" outcome="ok" workspace_id="w3" tab_id="w3:t1"
2026-07-29T09:19:19.555152Z  INFO herdr::logging: session saved event="persist.save" subsystem="persist" outcome="ok" path=/Users/vince/.config/herdr/session.json workspaces=3
2026-07-29T09:19:21.541622Z  INFO herdr::logging: tab focused event="tab.focus" subsystem="tab" outcome="ok" workspace_id="w3" tab_id="w3:t7"
2026-07-29T09:19:26.546033Z  INFO herdr::logging: session saved event="persist.save" subsystem="persist" outcome="ok" path=/Users/vince/.config/herdr/session.json workspaces=3
2026-07-29T09:19:33.829079Z  INFO herdr::logging: api request received event="api.request.start" subsystem="api" outcome="started" request_id="cli:tab:focus" method="tab.focus" changes_ui=true
2026-07-29T09:19:33.829254Z  INFO herdr::logging: tab focused event="tab.focus" subsystem="tab" outcome="ok" workspace_id="w3" tab_id="w3:t1"
2026-07-29T09:19:33.829374Z  INFO herdr::logging: api request completed event="api.request.complete" subsystem="api" outcome="ok" request_id="cli:tab:focus" method="tab.focus"
2026-07-29T09:19:38.758454Z  INFO herdr::logging: api request received event="api.request.start" subsystem="api" outcome="started" request_id="cli:tab:focus" method="tab.focus" changes_ui=true
2026-07-29T09:19:38.758544Z  INFO herdr::logging: tab focused event="tab.focus" subsystem="tab" outcome="ok" workspace_id="w3" tab_id="w3:t6"
2026-07-29T09:19:38.758578Z  INFO herdr::logging: api request completed event="api.request.complete" subsystem="api" outcome="ok" request_id="cli:tab:focus" method="tab.focus"
2026-07-29T09:19:39.277525Z  INFO herdr::logging: api request received event="api.request.start" subsystem="api" outcome="started" request_id="cli:tab:focus" method="tab.focus" changes_ui=true
2026-07-29T09:19:39.277634Z  INFO herdr::logging: tab focused event="tab.focus" subsystem="tab" outcome="ok" workspace_id="w3" tab_id="w3:t7"
2026-07-29T09:19:39.277703Z  INFO herdr::logging: api request completed event="api.request.complete" subsystem="api" outcome="ok" request_id="cli:tab:focus" method="tab.focus"
2026-07-29T09:19:44.284561Z  INFO herdr::logging: session saved event="persist.save" subsystem="persist" outcome="ok" path=/Users/vince/.config/herdr/session.json workspaces=3
2026-07-29T09:22:07.537382Z  INFO herdr::logging: workspace focused event="workspace.focus" subsystem="workspace" outcome="ok" workspace_id="w2"
2026-07-29T09:22:07.539008Z  INFO herdr::logging: tab focused event="tab.focus" subsystem="tab" outcome="ok" workspace_id="w2" tab_id="w2:t3"
2026-07-29T09:22:09.670083Z  INFO herdr::logging: workspace focused event="workspace.focus" subsystem="workspace" outcome="ok" workspace_id="w3"
2026-07-29T09:22:09.670387Z  INFO herdr::logging: tab focused event="tab.focus" subsystem="tab" outcome="ok" workspace_id="w3" tab_id="w3:t7"
2026-07-29T09:22:10.610625Z  INFO herdr::logging: api request received event="api.request.start" subsystem="api" outcome="started" request_id="cli:tab:focus" method="tab.focus" changes_ui=true
2026-07-29T09:22:10.610739Z  INFO herdr::logging: tab focused event="tab.focus" subsystem="tab" outcome="ok" workspace_id="w3" tab_id="w3:t1"
2026-07-29T09:22:10.610784Z  INFO herdr::logging: api request completed event="api.request.complete" subsystem="api" outcome="ok" request_id="cli:tab:focus" method="tab.focus"
2026-07-29T09:22:15.619094Z  INFO herdr::logging: session saved event="persist.save" subsystem="persist" outcome="ok" path=/Users/vince/.config/herdr/session.json workspaces=3
2026-07-29T09:22:27.618277Z  INFO herdr::logging: tab focused event="tab.focus" subsystem="tab" outcome="ok" workspace_id="w3" tab_id="w3:t7"
2026-07-29T09:22:32.632546Z  INFO herdr::logging: session saved event="persist.save" subsystem="persist" outcome="ok" path=/Users/vince/.config/herdr/session.json workspaces=3
2026-07-29T09:23:24.555182Z  INFO herdr::pane: agent changed pane=26 previous_agent=Some(Codex) agent=None pgid=Some(81161)
2026-07-29T09:23:33.622663Z  INFO herdr::pane: agent changed pane=26 previous_agent=None agent=Some(Codex) process=codex pgid=Some(71717)
2026-07-29T09:47:36.375289Z  INFO herdr::server::headless: client resize client_id=26 cols=142 rows=47 cell_width_px=0 cell_height_px=0
2026-07-29T09:47:45.652999Z  INFO herdr::server::headless: client resize client_id=26 cols=158 rows=47 cell_width_px=0 cell_height_px=0
2026-07-29T09:47:57.130229Z  INFO herdr::logging: checking for updates event="update.check.start" subsystem="update" outcome="started"
2026-07-29T10:01:09.128662Z  INFO herdr::logging: workspace focused event="workspace.focus" subsystem="workspace" outcome="ok" workspace_id="w2"
2026-07-29T10:01:09.130484Z  INFO herdr::logging: tab focused event="tab.focus" subsystem="tab" outcome="ok" workspace_id="w2" tab_id="w2:t3"
2026-07-29T10:01:09.938848Z  INFO herdr::logging: workspace focused event="workspace.focus" subsystem="workspace" outcome="ok" workspace_id="w3"
2026-07-29T10:01:09.939197Z  INFO herdr::logging: tab focused event="tab.focus" subsystem="tab" outcome="ok" workspace_id="w3" tab_id="w3:t7"
2026-07-29T10:01:11.542468Z  INFO herdr::logging: api request received event="api.request.start" subsystem="api" outcome="started" request_id="cli:tab:focus" method="tab.focus" changes_ui=true
2026-07-29T10:01:11.542564Z  INFO herdr::logging: tab focused event="tab.focus" subsystem="tab" outcome="ok" workspace_id="w3" tab_id="w3:t1"
2026-07-29T10:01:11.542597Z  INFO herdr::logging: api request completed event="api.request.complete" subsystem="api" outcome="ok" request_id="cli:tab:focus" method="tab.focus"
2026-07-29T10:01:16.546948Z  INFO herdr::logging: session saved event="persist.save" subsystem="persist" outcome="ok" path=/Users/vince/.config/herdr/session.json workspaces=3
2026-07-29T10:03:14.715051Z  INFO herdr::logging: api request received event="api.request.start" subsystem="api" outcome="started" request_id="cli:tab:focus" method="tab.focus" changes_ui=true
2026-07-29T10:03:14.715366Z  INFO herdr::logging: tab focused event="tab.focus" subsystem="tab" outcome="ok" workspace_id="w3" tab_id="w3:t2"
2026-07-29T10:03:14.715396Z  INFO herdr::logging: api request completed event="api.request.complete" subsystem="api" outcome="ok" request_id="cli:tab:focus" method="tab.focus"
2026-07-29T10:03:15.236908Z  INFO herdr::logging: api request received event="api.request.start" subsystem="api" outcome="started" request_id="cli:tab:focus" method="tab.focus" changes_ui=true
2026-07-29T10:03:15.237038Z  INFO herdr::logging: tab focused event="tab.focus" subsystem="tab" outcome="ok" workspace_id="w3" tab_id="w3:t6"
2026-07-29T10:03:15.237090Z  INFO herdr::logging: api request completed event="api.request.complete" subsystem="api" outcome="ok" request_id="cli:tab:focus" method="tab.focus"
2026-07-29T10:03:15.395623Z  INFO herdr::logging: api request received event="api.request.start" subsystem="api" outcome="started" request_id="cli:tab:focus" method="tab.focus" changes_ui=true
2026-07-29T10:03:15.395724Z  INFO herdr::logging: tab focused event="tab.focus" subsystem="tab" outcome="ok" workspace_id="w3" tab_id="w3:t7"
2026-07-29T10:03:15.395761Z  INFO herdr::logging: api request completed event="api.request.complete" subsystem="api" outcome="ok" request_id="cli:tab:focus" method="tab.focus"
2026-07-29T10:03:20.404698Z  INFO herdr::logging: session saved event="persist.save" subsystem="persist" outcome="ok" path=/Users/vince/.config/herdr/session.json workspaces=3
2026-07-29T10:03:37.635013Z  INFO herdr::logging: api request received event="api.request.start" subsystem="api" outcome="started" request_id="cli:tab:focus" method="tab.focus" changes_ui=true
2026-07-29T10:03:37.635376Z  INFO herdr::logging: tab focused event="tab.focus" subsystem="tab" outcome="ok" workspace_id="w3" tab_id="w3:t1"
2026-07-29T10:03:37.635436Z  INFO herdr::logging: api request completed event="api.request.complete" subsystem="api" outcome="ok" request_id="cli:tab:focus" method="tab.focus"
2026-07-29T10:03:38.084408Z  INFO herdr::logging: api request received event="api.request.start" subsystem="api" outcome="started" request_id="cli:tab:focus" method="tab.focus" changes_ui=true
2026-07-29T10:03:38.084508Z  INFO herdr::logging: tab focused event="tab.focus" subsystem="tab" outcome="ok" workspace_id="w3" tab_id="w3:t2"
2026-07-29T10:03:38.084547Z  INFO herdr::logging: api request completed event="api.request.complete" subsystem="api" outcome="ok" request_id="cli:tab:focus" method="tab.focus"
2026-07-29T10:03:38.802838Z  INFO herdr::logging: api request received event="api.request.start" subsystem="api" outcome="started" request_id="cli:tab:focus" method="tab.focus" changes_ui=true
2026-07-29T10:03:38.802940Z  INFO herdr::logging: tab focused event="tab.focus" subsystem="tab" outcome="ok" workspace_id="w3" tab_id="w3:t1"
2026-07-29T10:03:38.802982Z  INFO herdr::logging: api request completed event="api.request.complete" subsystem="api" outcome="ok" request_id="cli:tab:focus" method="tab.focus"
2026-07-29T10:03:41.387106Z  INFO herdr::logging: api request received event="api.request.start" subsystem="api" outcome="started" request_id="cli:tab:focus" method="tab.focus" changes_ui=true
2026-07-29T10:03:41.387214Z  INFO herdr::logging: tab focused event="tab.focus" subsystem="tab" outcome="ok" workspace_id="w3" tab_id="w3:t6"
2026-07-29T10:03:41.387270Z  INFO herdr::logging: api request completed event="api.request.complete" subsystem="api" outcome="ok" request_id="cli:tab:focus" method="tab.focus"
2026-07-29T10:03:41.631557Z  INFO herdr::logging: api request received event="api.request.start" subsystem="api" outcome="started" request_id="cli:tab:focus" method="tab.focus" changes_ui=true
2026-07-29T10:03:41.631672Z  INFO herdr::logging: tab focused event="tab.focus" subsystem="tab" outcome="ok" workspace_id="w3" tab_id="w3:t7"
2026-07-29T10:03:41.631729Z  INFO herdr::logging: api request completed event="api.request.complete" subsystem="api" outcome="ok" request_id="cli:tab:focus" method="tab.focus"
2026-07-29T10:03:46.638848Z  INFO herdr::logging: session saved event="persist.save" subsystem="persist" outcome="ok" path=/Users/vince/.config/herdr/session.json workspaces=3
2026-07-29T10:04:26.260198Z  INFO herdr::logging: api request received event="api.request.start" subsystem="api" outcome="started" request_id="cli:tab:focus" method="tab.focus" changes_ui=true
2026-07-29T10:04:26.260346Z  INFO herdr::logging: tab focused event="tab.focus" subsystem="tab" outcome="ok" workspace_id="w3" tab_id="w3:t1"
2026-07-29T10:04:26.260386Z  INFO herdr::logging: api request completed event="api.request.complete" subsystem="api" outcome="ok" request_id="cli:tab:focus" method="tab.focus"
2026-07-29T10:04:31.269168Z  INFO herdr::logging: session saved event="persist.save" subsystem="persist" outcome="ok" path=/Users/vince/.config/herdr/session.json workspaces=3
2026-07-29T10:04:36.658362Z  INFO herdr::logging: api request received event="api.request.start" subsystem="api" outcome="started" request_id="cli:tab:focus" method="tab.focus" changes_ui=true
2026-07-29T10:04:36.658465Z  INFO herdr::logging: tab focused event="tab.focus" subsystem="tab" outcome="ok" workspace_id="w3" tab_id="w3:t2"
2026-07-29T10:04:36.658507Z  INFO herdr::logging: api request completed event="api.request.complete" subsystem="api" outcome="ok" request_id="cli:tab:focus" method="tab.focus"
2026-07-29T10:04:36.749891Z  INFO herdr::logging: api request received event="api.request.start" subsystem="api" outcome="started" request_id="cli:tab:focus" method="tab.focus" changes_ui=true
2026-07-29T10:04:36.749977Z  INFO herdr::logging: tab focused event="tab.focus" subsystem="tab" outcome="ok" workspace_id="w3" tab_id="w3:t6"
2026-07-29T10:04:36.750011Z  INFO herdr::logging: api request completed event="api.request.complete" subsystem="api" outcome="ok" request_id="cli:tab:focus" method="tab.focus"
2026-07-29T10:04:37.005422Z  INFO herdr::logging: api request received event="api.request.start" subsystem="api" outcome="started" request_id="cli:tab:focus" method="tab.focus" changes_ui=true
2026-07-29T10:04:37.005531Z  INFO herdr::logging: tab focused event="tab.focus" subsystem="tab" outcome="ok" workspace_id="w3" tab_id="w3:t7"
2026-07-29T10:04:37.005576Z  INFO herdr::logging: api request completed event="api.request.complete" subsystem="api" outcome="ok" request_id="cli:tab:focus" method="tab.focus"
2026-07-29T10:04:37.782577Z  INFO herdr::logging: api request received event="api.request.start" subsystem="api" outcome="started" request_id="cli:tab:focus" method="tab.focus" changes_ui=true
2026-07-29T10:04:37.782742Z  INFO herdr::logging: tab focused event="tab.focus" subsystem="tab" outcome="ok" workspace_id="w3" tab_id="w3:t1"
2026-07-29T10:04:37.782797Z  INFO herdr::logging: api request completed event="api.request.complete" subsystem="api" outcome="ok" request_id="cli:tab:focus" method="tab.focus"
2026-07-29T10:04:42.796340Z  INFO herdr::logging: session saved event="persist.save" subsystem="persist" outcome="ok" path=/Users/vince/.config/herdr/session.json workspaces=3
2026-07-29T10:05:40.893425Z  INFO herdr::logging: api request received event="api.request.start" subsystem="api" outcome="started" request_id="cli:tab:focus" method="tab.focus" changes_ui=true
2026-07-29T10:05:40.893521Z  INFO herdr::logging: tab focused event="tab.focus" subsystem="tab" outcome="ok" workspace_id="w3" tab_id="w3:t2"
2026-07-29T10:05:40.893556Z  INFO herdr::logging: api request completed event="api.request.complete" subsystem="api" outcome="ok" request_id="cli:tab:focus" method="tab.focus"
2026-07-29T10:05:41.278990Z  INFO herdr::logging: api request received event="api.request.start" subsystem="api" outcome="started" request_id="cli:tab:focus" method="tab.focus" changes_ui=true
2026-07-29T10:05:41.279093Z  INFO herdr::logging: tab focused event="tab.focus" subsystem="tab" outcome="ok" workspace_id="w3" tab_id="w3:t6"
2026-07-29T10:05:41.279128Z  INFO herdr::logging: api request completed event="api.request.complete" subsystem="api" outcome="ok" request_id="cli:tab:focus" method="tab.focus"
2026-07-29T10:05:41.756109Z  INFO herdr::logging: api request received event="api.request.start" subsystem="api" outcome="started" request_id="cli:tab:focus" method="tab.focus" changes_ui=true
2026-07-29T10:05:41.756207Z  INFO herdr::logging: tab focused event="tab.focus" subsystem="tab" outcome="ok" workspace_id="w3" tab_id="w3:t7"
2026-07-29T10:05:41.756240Z  INFO herdr::logging: api request completed event="api.request.complete" subsystem="api" outcome="ok" request_id="cli:tab:focus" method="tab.focus"
2026-07-29T10:05:46.762500Z  INFO herdr::logging: session saved event="persist.save" subsystem="persist" outcome="ok" path=/Users/vince/.config/herdr/session.json workspaces=3
2026-07-29T10:09:58.720161Z  INFO herdr::logging: tab focused event="tab.focus" subsystem="tab" outcome="ok" workspace_id="w3" tab_id="w3:t1"
2026-07-29T10:10:00.895202Z  INFO herdr::logging: tab focused event="tab.focus" subsystem="tab" outcome="ok" workspace_id="w3" tab_id="w3:t7"
2026-07-29T10:10:02.455550Z  INFO herdr::logging: tab focused event="tab.focus" subsystem="tab" outcome="ok" workspace_id="w3" tab_id="w3:t1"
2026-07-29T10:10:07.463562Z  INFO herdr::logging: session saved event="persist.save" subsystem="persist" outcome="ok" path=/Users/vince/.config/herdr/session.json workspaces=3
2026-07-29T10:10:08.491667Z  INFO herdr::logging: tab focused event="tab.focus" subsystem="tab" outcome="ok" workspace_id="w3" tab_id="w3:t7"
2026-07-29T10:10:13.501152Z  INFO herdr::logging: session saved event="persist.save" subsystem="persist" outcome="ok" path=/Users/vince/.config/herdr/session.json workspaces=3
2026-07-29T10:10:23.107184Z  INFO herdr::logging: tab focused event="tab.focus" subsystem="tab" outcome="ok" workspace_id="w3" tab_id="w3:t2"
2026-07-29T10:10:28.121776Z  INFO herdr::logging: session saved event="persist.save" subsystem="persist" outcome="ok" path=/Users/vince/.config/herdr/session.json workspaces=3
2026-07-29T10:10:59.436854Z  INFO herdr::logging: api request received event="api.request.start" subsystem="api" outcome="started" request_id="cli:tab:focus" method="tab.focus" changes_ui=true
2026-07-29T10:10:59.437013Z  INFO herdr::logging: tab focused event="tab.focus" subsystem="tab" outcome="ok" workspace_id="w3" tab_id="w3:t1"
2026-07-29T10:10:59.437063Z  INFO herdr::logging: api request completed event="api.request.complete" subsystem="api" outcome="ok" request_id="cli:tab:focus" method="tab.focus"
2026-07-29T10:10:59.753742Z  INFO herdr::logging: api request received event="api.request.start" subsystem="api" outcome="started" request_id="cli:tab:focus" method="tab.focus" changes_ui=true
2026-07-29T10:10:59.753849Z  INFO herdr::logging: tab focused event="tab.focus" subsystem="tab" outcome="ok" workspace_id="w3" tab_id="w3:t2"
2026-07-29T10:10:59.753900Z  INFO herdr::logging: api request completed event="api.request.complete" subsystem="api" outcome="ok" request_id="cli:tab:focus" method="tab.focus"
2026-07-29T10:10:59.775657Z  INFO herdr::logging: api request received event="api.request.start" subsystem="api" outcome="started" request_id="cli:tab:focus" method="tab.focus" changes_ui=true
2026-07-29T10:10:59.775732Z  INFO herdr::logging: tab focused event="tab.focus" subsystem="tab" outcome="ok" workspace_id="w3" tab_id="w3:t6"
2026-07-29T10:10:59.775758Z  INFO herdr::logging: api request completed event="api.request.complete" subsystem="api" outcome="ok" request_id="cli:tab:focus" method="tab.focus"
2026-07-29T10:11:00.157586Z  INFO herdr::logging: api request received event="api.request.start" subsystem="api" outcome="started" request_id="cli:tab:focus" method="tab.focus" changes_ui=true
2026-07-29T10:11:00.157684Z  INFO herdr::logging: tab focused event="tab.focus" subsystem="tab" outcome="ok" workspace_id="w3" tab_id="w3:t7"
2026-07-29T10:11:00.157726Z  INFO herdr::logging: api request completed event="api.request.complete" subsystem="api" outcome="ok" request_id="cli:tab:focus" method="tab.focus"
2026-07-29T10:11:00.484543Z  INFO herdr::logging: api request received event="api.request.start" subsystem="api" outcome="started" request_id="cli:tab:focus" method="tab.focus" changes_ui=true
2026-07-29T10:11:00.484640Z  INFO herdr::logging: tab focused event="tab.focus" subsystem="tab" outcome="ok" workspace_id="w3" tab_id="w3:t1"
2026-07-29T10:11:00.484699Z  INFO herdr::logging: api request completed event="api.request.complete" subsystem="api" outcome="ok" request_id="cli:tab:focus" method="tab.focus"
2026-07-29T10:11:00.510402Z  INFO herdr::logging: api request received event="api.request.start" subsystem="api" outcome="started" request_id="cli:tab:focus" method="tab.focus" changes_ui=true
2026-07-29T10:11:00.510495Z  INFO herdr::logging: tab focused event="tab.focus" subsystem="tab" outcome="ok" workspace_id="w3" tab_id="w3:t2"
2026-07-29T10:11:00.510528Z  INFO herdr::logging: api request completed event="api.request.complete" subsystem="api" outcome="ok" request_id="cli:tab:focus" method="tab.focus"
2026-07-29T10:11:00.599479Z  INFO herdr::logging: api request received event="api.request.start" subsystem="api" outcome="started" request_id="cli:tab:focus" method="tab.focus" changes_ui=true
2026-07-29T10:11:00.599554Z  INFO herdr::logging: tab focused event="tab.focus" subsystem="tab" outcome="ok" workspace_id="w3" tab_id="w3:t6"
2026-07-29T10:11:00.599596Z  INFO herdr::logging: api request completed event="api.request.complete" subsystem="api" outcome="ok" request_id="cli:tab:focus" method="tab.focus"
2026-07-29T10:11:00.824320Z  INFO herdr::logging: api request received event="api.request.start" subsystem="api" outcome="started" request_id="cli:tab:focus" method="tab.focus" changes_ui=true
2026-07-29T10:11:00.824424Z  INFO herdr::logging: tab focused event="tab.focus" subsystem="tab" outcome="ok" workspace_id="w3" tab_id="w3:t7"
2026-07-29T10:11:00.824467Z  INFO herdr::logging: api request completed event="api.request.complete" subsystem="api" outcome="ok" request_id="cli:tab:focus" method="tab.focus"
2026-07-29T10:11:01.124435Z  INFO herdr::logging: api request received event="api.request.start" subsystem="api" outcome="started" request_id="cli:tab:focus" method="tab.focus" changes_ui=true
2026-07-29T10:11:01.124529Z  INFO herdr::logging: tab focused event="tab.focus" subsystem="tab" outcome="ok" workspace_id="w3" tab_id="w3:t1"
2026-07-29T10:11:01.124569Z  INFO herdr::logging: api request completed event="api.request.complete" subsystem="api" outcome="ok" request_id="cli:tab:focus" method="tab.focus"
2026-07-29T10:11:01.129955Z  INFO herdr::logging: api request received event="api.request.start" subsystem="api" outcome="started" request_id="cli:tab:focus" method="tab.focus" changes_ui=true
2026-07-29T10:11:01.130038Z  INFO herdr::logging: tab focused event="tab.focus" subsystem="tab" outcome="ok" workspace_id="w3" tab_id="w3:t2"
2026-07-29T10:11:01.130071Z  INFO herdr::logging: api request completed event="api.request.complete" subsystem="api" outcome="ok" request_id="cli:tab:focus" method="tab.focus"
2026-07-29T10:11:01.213796Z  INFO herdr::logging: api request received event="api.request.start" subsystem="api" outcome="started" request_id="cli:tab:focus" method="tab.focus" changes_ui=true
2026-07-29T10:11:01.213889Z  INFO herdr::logging: tab focused event="tab.focus" subsystem="tab" outcome="ok" workspace_id="w3" tab_id="w3:t6"
2026-07-29T10:11:01.213926Z  INFO herdr::logging: api request completed event="api.request.complete" subsystem="api" outcome="ok" request_id="cli:tab:focus" method="tab.focus"
2026-07-29T10:11:01.424555Z  INFO herdr::logging: api request received event="api.request.start" subsystem="api" outcome="started" request_id="cli:tab:focus" method="tab.focus" changes_ui=true
2026-07-29T10:11:01.424685Z  INFO herdr::logging: tab focused event="tab.focus" subsystem="tab" outcome="ok" workspace_id="w3" tab_id="w3:t7"
2026-07-29T10:11:01.424725Z  INFO herdr::logging: api request completed event="api.request.complete" subsystem="api" outcome="ok" request_id="cli:tab:focus" method="tab.focus"
2026-07-29T10:11:01.774859Z  INFO herdr::logging: api request received event="api.request.start" subsystem="api" outcome="started" request_id="cli:tab:focus" method="tab.focus" changes_ui=true
2026-07-29T10:11:01.774948Z  INFO herdr::logging: tab focused event="tab.focus" subsystem="tab" outcome="ok" workspace_id="w3" tab_id="w3:t1"
2026-07-29T10:11:01.774980Z  INFO herdr::logging: api request completed event="api.request.complete" subsystem="api" outcome="ok" request_id="cli:tab:focus" method="tab.focus"
2026-07-29T10:11:01.779747Z  INFO herdr::logging: api request received event="api.request.start" subsystem="api" outcome="started" request_id="cli:tab:focus" method="tab.focus" changes_ui=true
2026-07-29T10:11:01.779829Z  INFO herdr::logging: tab focused event="tab.focus" subsystem="tab" outcome="ok" workspace_id="w3" tab_id="w3:t2"
2026-07-29T10:11:01.779871Z  INFO herdr::logging: api request completed event="api.request.complete" subsystem="api" outcome="ok" request_id="cli:tab:focus" method="tab.focus"
2026-07-29T10:11:01.903885Z  INFO herdr::logging: api request received event="api.request.start" subsystem="api" outcome="started" request_id="cli:tab:focus" method="tab.focus" changes_ui=true
2026-07-29T10:11:01.903995Z  INFO herdr::logging: tab focused event="tab.focus" subsystem="tab" outcome="ok" workspace_id="w3" tab_id="w3:t6"
2026-07-29T10:11:01.904043Z  INFO herdr::logging: api request completed event="api.request.complete" subsystem="api" outcome="ok" request_id="cli:tab:focus" method="tab.focus"
2026-07-29T10:11:02.074006Z  INFO herdr::logging: api request received event="api.request.start" subsystem="api" outcome="started" request_id="cli:tab:focus" method="tab.focus" changes_ui=true
2026-07-29T10:11:02.074086Z  INFO herdr::logging: tab focused event="tab.focus" subsystem="tab" outcome="ok" workspace_id="w3" tab_id="w3:t7"
2026-07-29T10:11:02.074132Z  INFO herdr::logging: api request completed event="api.request.complete" subsystem="api" outcome="ok" request_id="cli:tab:focus" method="tab.focus"
2026-07-29T10:11:02.374891Z  INFO herdr::logging: api request received event="api.request.start" subsystem="api" outcome="started" request_id="cli:tab:focus" method="tab.focus" changes_ui=true
2026-07-29T10:11:02.374968Z  INFO herdr::logging: tab focused event="tab.focus" subsystem="tab" outcome="ok" workspace_id="w3" tab_id="w3:t1"
2026-07-29T10:11:02.375018Z  INFO herdr::logging: api request completed event="api.request.complete" subsystem="api" outcome="ok" request_id="cli:tab:focus" method="tab.focus"
2026-07-29T10:11:02.438886Z  INFO herdr::logging: api request received event="api.request.start" subsystem="api" outcome="started" request_id="cli:tab:focus" method="tab.focus" changes_ui=true
2026-07-29T10:11:02.438968Z  INFO herdr::logging: tab focused event="tab.focus" subsystem="tab" outcome="ok" workspace_id="w3" tab_id="w3:t2"
2026-07-29T10:11:02.439014Z  INFO herdr::logging: api request completed event="api.request.complete" subsystem="api" outcome="ok" request_id="cli:tab:focus" method="tab.focus"
2026-07-29T10:11:02.535397Z  INFO herdr::logging: api request received event="api.request.start" subsystem="api" outcome="started" request_id="cli:tab:focus" method="tab.focus" changes_ui=true
2026-07-29T10:11:02.535497Z  INFO herdr::logging: tab focused event="tab.focus" subsystem="tab" outcome="ok" workspace_id="w3" tab_id="w3:t6"
2026-07-29T10:11:02.535544Z  INFO herdr::logging: api request completed event="api.request.complete" subsystem="api" outcome="ok" request_id="cli:tab:focus" method="tab.focus"
2026-07-29T10:11:02.757279Z  INFO herdr::logging: api request received event="api.request.start" subsystem="api" outcome="started" request_id="cli:tab:focus" method="tab.focus" changes_ui=true
2026-07-29T10:11:02.757363Z  INFO herdr::logging: tab focused event="tab.focus" subsystem="tab" outcome="ok" workspace_id="w3" tab_id="w3:t7"
2026-07-29T10:11:02.757400Z  INFO herdr::logging: api request completed event="api.request.complete" subsystem="api" outcome="ok" request_id="cli:tab:focus" method="tab.focus"
2026-07-29T10:11:03.062324Z  INFO herdr::logging: api request received event="api.request.start" subsystem="api" outcome="started" request_id="cli:tab:focus" method="tab.focus" changes_ui=true
2026-07-29T10:11:03.062456Z  INFO herdr::logging: tab focused event="tab.focus" subsystem="tab" outcome="ok" workspace_id="w3" tab_id="w3:t1"
2026-07-29T10:11:03.062501Z  INFO herdr::logging: api request completed event="api.request.complete" subsystem="api" outcome="ok" request_id="cli:tab:focus" method="tab.focus"
2026-07-29T10:11:03.097832Z  INFO herdr::logging: api request received event="api.request.start" subsystem="api" outcome="started" request_id="cli:tab:focus" method="tab.focus" changes_ui=true
2026-07-29T10:11:03.097907Z  INFO herdr::logging: tab focused event="tab.focus" subsystem="tab" outcome="ok" workspace_id="w3" tab_id="w3:t2"
2026-07-29T10:11:03.097936Z  INFO herdr::logging: api request completed event="api.request.complete" subsystem="api" outcome="ok" request_id="cli:tab:focus" method="tab.focus"
2026-07-29T10:11:03.189070Z  INFO herdr::logging: api request received event="api.request.start" subsystem="api" outcome="started" request_id="cli:tab:focus" method="tab.focus" changes_ui=true
2026-07-29T10:11:03.189145Z  INFO herdr::logging: tab focused event="tab.focus" subsystem="tab" outcome="ok" workspace_id="w3" tab_id="w3:t6"
2026-07-29T10:11:03.189179Z  INFO herdr::logging: api request completed event="api.request.complete" subsystem="api" outcome="ok" request_id="cli:tab:focus" method="tab.focus"
2026-07-29T10:11:03.368109Z  INFO herdr::logging: api request received event="api.request.start" subsystem="api" outcome="started" request_id="cli:tab:focus" method="tab.focus" changes_ui=true
2026-07-29T10:11:03.368204Z  INFO herdr::logging: tab focused event="tab.focus" subsystem="tab" outcome="ok" workspace_id="w3" tab_id="w3:t7"
2026-07-29T10:11:03.368241Z  INFO herdr::logging: api request completed event="api.request.complete" subsystem="api" outcome="ok" request_id="cli:tab:focus" method="tab.focus"
2026-07-29T10:11:03.718029Z  INFO herdr::logging: api request received event="api.request.start" subsystem="api" outcome="started" request_id="cli:tab:focus" method="tab.focus" changes_ui=true
2026-07-29T10:11:03.718139Z  INFO herdr::logging: tab focused event="tab.focus" subsystem="tab" outcome="ok" workspace_id="w3" tab_id="w3:t1"
2026-07-29T10:11:03.718183Z  INFO herdr::logging: api request completed event="api.request.complete" subsystem="api" outcome="ok" request_id="cli:tab:focus" method="tab.focus"
2026-07-29T10:11:03.746418Z  INFO herdr::logging: api request received event="api.request.start" subsystem="api" outcome="started" request_id="cli:tab:focus" method="tab.focus" changes_ui=true
2026-07-29T10:11:03.746505Z  INFO herdr::logging: tab focused event="tab.focus" subsystem="tab" outcome="ok" workspace_id="w3" tab_id="w3:t2"
2026-07-29T10:11:03.746542Z  INFO herdr::logging: api request completed event="api.request.complete" subsystem="api" outcome="ok" request_id="cli:tab:focus" method="tab.focus"
2026-07-29T10:11:03.828631Z  INFO herdr::logging: api request received event="api.request.start" subsystem="api" outcome="started" request_id="cli:tab:focus" method="tab.focus" changes_ui=true
2026-07-29T10:11:03.828733Z  INFO herdr::logging: tab focused event="tab.focus" subsystem="tab" outcome="ok" workspace_id="w3" tab_id="w3:t6"
2026-07-29T10:11:03.828782Z  INFO herdr::logging: api request completed event="api.request.complete" subsystem="api" outcome="ok" request_id="cli:tab:focus" method="tab.focus"
2026-07-29T10:11:04.025934Z  INFO herdr::logging: api request received event="api.request.start" subsystem="api" outcome="started" request_id="cli:tab:focus" method="tab.focus" changes_ui=true
2026-07-29T10:11:04.026026Z  INFO herdr::logging: tab focused event="tab.focus" subsystem="tab" outcome="ok" workspace_id="w3" tab_id="w3:t7"
2026-07-29T10:11:04.026058Z  INFO herdr::logging: api request completed event="api.request.complete" subsystem="api" outcome="ok" request_id="cli:tab:focus" method="tab.focus"
2026-07-29T10:11:04.382671Z  INFO herdr::logging: api request received event="api.request.start" subsystem="api" outcome="started" request_id="cli:tab:focus" method="tab.focus" changes_ui=true
2026-07-29T10:11:04.383729Z  INFO herdr::logging: tab focused event="tab.focus" subsystem="tab" outcome="ok" workspace_id="w3" tab_id="w3:t1"
2026-07-29T10:11:04.383773Z  INFO herdr::logging: api request completed event="api.request.complete" subsystem="api" outcome="ok" request_id="cli:tab:focus" method="tab.focus"
2026-07-29T10:11:04.404814Z  INFO herdr::logging: api request received event="api.request.start" subsystem="api" outcome="started" request_id="cli:tab:focus" method="tab.focus" changes_ui=true
2026-07-29T10:11:04.404887Z  INFO herdr::logging: tab focused event="tab.focus" subsystem="tab" outcome="ok" workspace_id="w3" tab_id="w3:t2"
2026-07-29T10:11:04.404914Z  INFO herdr::logging: api request completed event="api.request.complete" subsystem="api" outcome="ok" request_id="cli:tab:focus" method="tab.focus"
2026-07-29T10:11:04.475022Z  INFO herdr::logging: api request received event="api.request.start" subsystem="api" outcome="started" request_id="cli:tab:focus" method="tab.focus" changes_ui=true
2026-07-29T10:11:04.475101Z  INFO herdr::logging: tab focused event="tab.focus" subsystem="tab" outcome="ok" workspace_id="w3" tab_id="w3:t6"
2026-07-29T10:11:04.475130Z  INFO herdr::logging: api request completed event="api.request.complete" subsystem="api" outcome="ok" request_id="cli:tab:focus" method="tab.focus"
2026-07-29T10:11:04.715471Z  INFO herdr::logging: api request received event="api.request.start" subsystem="api" outcome="started" request_id="cli:tab:focus" method="tab.focus" changes_ui=true
2026-07-29T10:11:04.715557Z  INFO herdr::logging: tab focused event="tab.focus" subsystem="tab" outcome="ok" workspace_id="w3" tab_id="w3:t7"
2026-07-29T10:11:04.715591Z  INFO herdr::logging: api request completed event="api.request.complete" subsystem="api" outcome="ok" request_id="cli:tab:focus" method="tab.focus"
2026-07-29T10:11:05.031699Z  INFO herdr::logging: api request received event="api.request.start" subsystem="api" outcome="started" request_id="cli:tab:focus" method="tab.focus" changes_ui=true
2026-07-29T10:11:05.032866Z  INFO herdr::logging: tab focused event="tab.focus" subsystem="tab" outcome="ok" workspace_id="w3" tab_id="w3:t1"
2026-07-29T10:11:05.032904Z  INFO herdr::logging: api request completed event="api.request.complete" subsystem="api" outcome="ok" request_id="cli:tab:focus" method="tab.focus"
2026-07-29T10:11:05.061089Z  INFO herdr::logging: api request received event="api.request.start" subsystem="api" outcome="started" request_id="cli:tab:focus" method="tab.focus" changes_ui=true
2026-07-29T10:11:05.061166Z  INFO herdr::logging: tab focused event="tab.focus" subsystem="tab" outcome="ok" workspace_id="w3" tab_id="w3:t2"
2026-07-29T10:11:05.061193Z  INFO herdr::logging: api request completed event="api.request.complete" subsystem="api" outcome="ok" request_id="cli:tab:focus" method="tab.focus"
2026-07-29T10:11:05.141416Z  INFO herdr::logging: api request received event="api.request.start" subsystem="api" outcome="started" request_id="cli:tab:focus" method="tab.focus" changes_ui=true
2026-07-29T10:11:05.141515Z  INFO herdr::logging: tab focused event="tab.focus" subsystem="tab" outcome="ok" workspace_id="w3" tab_id="w3:t6"
2026-07-29T10:11:05.141543Z  INFO herdr::logging: api request completed event="api.request.complete" subsystem="api" outcome="ok" request_id="cli:tab:focus" method="tab.focus"
2026-07-29T10:11:05.374879Z  INFO herdr::logging: api request received event="api.request.start" subsystem="api" outcome="started" request_id="cli:tab:focus" method="tab.focus" changes_ui=true
2026-07-29T10:11:05.374968Z  INFO herdr::logging: tab focused event="tab.focus" subsystem="tab" outcome="ok" workspace_id="w3" tab_id="w3:t7"
2026-07-29T10:11:05.375002Z  INFO herdr::logging: api request completed event="api.request.complete" subsystem="api" outcome="ok" request_id="cli:tab:focus" method="tab.focus"
2026-07-29T10:11:05.649540Z  INFO herdr::logging: api request received event="api.request.start" subsystem="api" outcome="started" request_id="cli:tab:focus" method="tab.focus" changes_ui=true
2026-07-29T10:11:05.649650Z  INFO herdr::logging: tab focused event="tab.focus" subsystem="tab" outcome="ok" workspace_id="w3" tab_id="w3:t1"
2026-07-29T10:11:05.649692Z  INFO herdr::logging: api request completed event="api.request.complete" subsystem="api" outcome="ok" request_id="cli:tab:focus" method="tab.focus"
2026-07-29T10:11:05.706012Z  INFO herdr::logging: api request received event="api.request.start" subsystem="api" outcome="started" request_id="cli:tab:focus" method="tab.focus" changes_ui=true
2026-07-29T10:11:05.706096Z  INFO herdr::logging: tab focused event="tab.focus" subsystem="tab" outcome="ok" workspace_id="w3" tab_id="w3:t2"
2026-07-29T10:11:05.706129Z  INFO herdr::logging: api request completed event="api.request.complete" subsystem="api" outcome="ok" request_id="cli:tab:focus" method="tab.focus"
2026-07-29T10:11:05.906748Z  INFO herdr::logging: api request received event="api.request.start" subsystem="api" outcome="started" request_id="cli:tab:focus" method="tab.focus" changes_ui=true
2026-07-29T10:11:05.906851Z  INFO herdr::logging: tab focused event="tab.focus" subsystem="tab" outcome="ok" workspace_id="w3" tab_id="w3:t6"
2026-07-29T10:11:05.906908Z  INFO herdr::logging: api request completed event="api.request.complete" subsystem="api" outcome="ok" request_id="cli:tab:focus" method="tab.focus"
2026-07-29T10:11:06.259854Z  INFO herdr::logging: api request received event="api.request.start" subsystem="api" outcome="started" request_id="cli:tab:focus" method="tab.focus" changes_ui=true
2026-07-29T10:11:06.259961Z  INFO herdr::logging: tab focused event="tab.focus" subsystem="tab" outcome="ok" workspace_id="w3" tab_id="w3:t7"
2026-07-29T10:11:06.260001Z  INFO herdr::logging: api request completed event="api.request.complete" subsystem="api" outcome="ok" request_id="cli:tab:focus" method="tab.focus"
2026-07-29T10:11:06.410449Z  INFO herdr::logging: api request received event="api.request.start" subsystem="api" outcome="started" request_id="cli:tab:focus" method="tab.focus" changes_ui=true
2026-07-29T10:11:06.410551Z  INFO herdr::logging: tab focused event="tab.focus" subsystem="tab" outcome="ok" workspace_id="w3" tab_id="w3:t1"
2026-07-29T10:11:06.410586Z  INFO herdr::logging: api request completed event="api.request.complete" subsystem="api" outcome="ok" request_id="cli:tab:focus" method="tab.focus"
2026-07-29T10:11:06.428627Z  INFO herdr::logging: api request received event="api.request.start" subsystem="api" outcome="started" request_id="cli:tab:focus" method="tab.focus" changes_ui=true
2026-07-29T10:11:06.428708Z  INFO herdr::logging: tab focused event="tab.focus" subsystem="tab" outcome="ok" workspace_id="w3" tab_id="w3:t2"
2026-07-29T10:11:06.428733Z  INFO herdr::logging: api request completed event="api.request.complete" subsystem="api" outcome="ok" request_id="cli:tab:focus" method="tab.focus"
2026-07-29T10:11:06.532335Z  INFO herdr::logging: api request received event="api.request.start" subsystem="api" outcome="started" request_id="cli:tab:focus" method="tab.focus" changes_ui=true
2026-07-29T10:11:06.532411Z  INFO herdr::logging: tab focused event="tab.focus" subsystem="tab" outcome="ok" workspace_id="w3" tab_id="w3:t6"
2026-07-29T10:11:06.532445Z  INFO herdr::logging: api request completed event="api.request.complete" subsystem="api" outcome="ok" request_id="cli:tab:focus" method="tab.focus"
2026-07-29T10:11:06.745966Z  INFO herdr::logging: api request received event="api.request.start" subsystem="api" outcome="started" request_id="cli:tab:focus" method="tab.focus" changes_ui=true
2026-07-29T10:11:06.746059Z  INFO herdr::logging: tab focused event="tab.focus" subsystem="tab" outcome="ok" workspace_id="w3" tab_id="w3:t7"
2026-07-29T10:11:06.746094Z  INFO herdr::logging: api request completed event="api.request.complete" subsystem="api" outcome="ok" request_id="cli:tab:focus" method="tab.focus"
2026-07-29T10:11:08.786150Z  INFO herdr::logging: api request received event="api.request.start" subsystem="api" outcome="started" request_id="cli:tab:focus" method="tab.focus" changes_ui=true
2026-07-29T10:11:08.786277Z  INFO herdr::logging: tab focused event="tab.focus" subsystem="tab" outcome="ok" workspace_id="w3" tab_id="w3:t1"
2026-07-29T10:11:08.786325Z  INFO herdr::logging: api request completed event="api.request.complete" subsystem="api" outcome="ok" request_id="cli:tab:focus" method="tab.focus"
2026-07-29T10:11:09.330432Z  INFO herdr::logging: api request received event="api.request.start" subsystem="api" outcome="started" request_id="cli:tab:focus" method="tab.focus" changes_ui=true
2026-07-29T10:11:09.330548Z  INFO herdr::logging: tab focused event="tab.focus" subsystem="tab" outcome="ok" workspace_id="w3" tab_id="w3:t2"
2026-07-29T10:11:09.330602Z  INFO herdr::logging: api request completed event="api.request.complete" subsystem="api" outcome="ok" request_id="cli:tab:focus" method="tab.focus"
2026-07-29T10:11:14.340452Z  INFO herdr::logging: session saved event="persist.save" subsystem="persist" outcome="ok" path=/Users/vince/.config/herdr/session.json workspaces=3
2026-07-29T10:11:15.624254Z  INFO herdr::logging: spawning pane terminal event="pane.spawn.start" subsystem="pane" outcome="started" pane_id=50 rows=34 cols=102 scrollback_limit_bytes=10000000
2026-07-29T10:11:15.639324Z  INFO herdr::logging: pane child spawned event="pane.spawned" subsystem="pane" outcome="ok" pane_id=50 pid=83590
2026-07-29T10:11:18.257195Z  INFO herdr::logging: api request received event="api.request.start" subsystem="api" outcome="started" request_id="cli:workspace:focus" method="workspace.focus" changes_ui=true
2026-07-29T10:11:18.257318Z  INFO herdr::logging: workspace focused event="workspace.focus" subsystem="workspace" outcome="ok" workspace_id="w9"
2026-07-29T10:11:18.257353Z  INFO herdr::logging: tab focused event="tab.focus" subsystem="tab" outcome="ok" workspace_id="w9" tab_id="w9:t2"
2026-07-29T10:11:18.257394Z  INFO herdr::logging: api request completed event="api.request.complete" subsystem="api" outcome="ok" request_id="cli:workspace:focus" method="workspace.focus"
2026-07-29T10:11:18.258272Z  INFO herdr::logging: pane child exited event="pane.exit" subsystem="pane" outcome="completed" pane_id=50 status="ExitStatus { code: 0, signal: None }"
2026-07-29T10:11:18.268002Z  INFO herdr::pane: pane session terminated pane=50 pid=83590 signal=Hangup
2026-07-29T10:11:23.276653Z  INFO herdr::logging: session saved event="persist.save" subsystem="persist" outcome="ok" path=/Users/vince/.config/herdr/session.json workspaces=3
2026-07-29T10:11:26.770431Z  INFO herdr::pane: agent changed pane=34 previous_agent=None agent=Some(Cursor) process=cursor pgid=Some(83647)
2026-07-29T10:11:27.676286Z  INFO herdr::pane: agent changed pane=34 previous_agent=Some(Cursor) agent=None pgid=Some(14483)
2026-07-29T10:11:38.465504Z  INFO herdr::app::actions: copied selection to clipboard
2026-07-29T10:17:57.271870Z  INFO herdr::logging: checking for updates event="update.check.start" subsystem="update" outcome="started"
2026-07-29T10:31:14.895285Z  INFO herdr::logging: workspace focused event="workspace.focus" subsystem="workspace" outcome="ok" workspace_id="w2"
2026-07-29T10:31:14.897132Z  INFO herdr::logging: tab focused event="tab.focus" subsystem="tab" outcome="ok" workspace_id="w2" tab_id="w2:t3"
2026-07-29T10:31:18.494515Z  INFO herdr::logging: workspace focused event="workspace.focus" subsystem="workspace" outcome="ok" workspace_id="w3"
2026-07-29T10:31:18.494701Z  INFO herdr::logging: tab focused event="tab.focus" subsystem="tab" outcome="ok" workspace_id="w3" tab_id="w3:t2"
2026-07-29T10:31:23.519884Z  INFO herdr::logging: session saved event="persist.save" subsystem="persist" outcome="ok" path=/Users/vince/.config/herdr/session.json workspaces=3
2026-07-29T10:32:46.761989Z  INFO herdr::logging: api request received event="api.request.start" subsystem="api" outcome="started" request_id="cli:tab:focus" method="tab.focus" changes_ui=true
2026-07-29T10:32:46.762094Z  INFO herdr::logging: tab focused event="tab.focus" subsystem="tab" outcome="ok" workspace_id="w3" tab_id="w3:t1"
2026-07-29T10:32:46.762126Z  INFO herdr::logging: api request completed event="api.request.complete" subsystem="api" outcome="ok" request_id="cli:tab:focus" method="tab.focus"
2026-07-29T10:32:46.864140Z  INFO herdr::logging: api request received event="api.request.start" subsystem="api" outcome="started" request_id="cli:tab:focus" method="tab.focus" changes_ui=true
2026-07-29T10:32:46.864245Z  INFO herdr::logging: tab focused event="tab.focus" subsystem="tab" outcome="ok" workspace_id="w3" tab_id="w3:t2"
2026-07-29T10:32:46.864283Z  INFO herdr::logging: api request completed event="api.request.complete" subsystem="api" outcome="ok" request_id="cli:tab:focus" method="tab.focus"
2026-07-29T10:32:47.077195Z  INFO herdr::logging: api request received event="api.request.start" subsystem="api" outcome="started" request_id="cli:tab:focus" method="tab.focus" changes_ui=true
2026-07-29T10:32:47.077293Z  INFO herdr::logging: tab focused event="tab.focus" subsystem="tab" outcome="ok" workspace_id="w3" tab_id="w3:t6"
2026-07-29T10:32:47.077336Z  INFO herdr::logging: api request completed event="api.request.complete" subsystem="api" outcome="ok" request_id="cli:tab:focus" method="tab.focus"
2026-07-29T10:32:47.375723Z  INFO herdr::logging: api request received event="api.request.start" subsystem="api" outcome="started" request_id="cli:tab:focus" method="tab.focus" changes_ui=true
2026-07-29T10:32:47.376644Z  INFO herdr::logging: tab focused event="tab.focus" subsystem="tab" outcome="ok" workspace_id="w3" tab_id="w3:t7"
2026-07-29T10:32:47.376716Z  INFO herdr::logging: api request completed event="api.request.complete" subsystem="api" outcome="ok" request_id="cli:tab:focus" method="tab.focus"
2026-07-29T10:32:48.384572Z  INFO herdr::logging: api request received event="api.request.start" subsystem="api" outcome="started" request_id="cli:tab:focus" method="tab.focus" changes_ui=true
2026-07-29T10:32:48.384691Z  INFO herdr::logging: tab focused event="tab.focus" subsystem="tab" outcome="ok" workspace_id="w3" tab_id="w3:t1"
2026-07-29T10:32:48.384751Z  INFO herdr::logging: api request completed event="api.request.complete" subsystem="api" outcome="ok" request_id="cli:tab:focus" method="tab.focus"
2026-07-29T10:32:48.408514Z  INFO herdr::logging: api request received event="api.request.start" subsystem="api" outcome="started" request_id="cli:tab:focus" method="tab.focus" changes_ui=true
2026-07-29T10:32:48.408610Z  INFO herdr::logging: tab focused event="tab.focus" subsystem="tab" outcome="ok" workspace_id="w3" tab_id="w3:t2"
2026-07-29T10:32:48.408659Z  INFO herdr::logging: api request completed event="api.request.complete" subsystem="api" outcome="ok" request_id="cli:tab:focus" method="tab.focus"
2026-07-29T10:32:48.498930Z  INFO herdr::logging: api request received event="api.request.start" subsystem="api" outcome="started" request_id="cli:tab:focus" method="tab.focus" changes_ui=true
2026-07-29T10:32:48.499020Z  INFO herdr::logging: tab focused event="tab.focus" subsystem="tab" outcome="ok" workspace_id="w3" tab_id="w3:t6"
2026-07-29T10:32:48.499049Z  INFO herdr::logging: api request completed event="api.request.complete" subsystem="api" outcome="ok" request_id="cli:tab:focus" method="tab.focus"
2026-07-29T10:32:48.692633Z  INFO herdr::logging: api request received event="api.request.start" subsystem="api" outcome="started" request_id="cli:tab:focus" method="tab.focus" changes_ui=true
2026-07-29T10:32:48.692751Z  INFO herdr::logging: tab focused event="tab.focus" subsystem="tab" outcome="ok" workspace_id="w3" tab_id="w3:t7"
2026-07-29T10:32:48.692794Z  INFO herdr::logging: api request completed event="api.request.complete" subsystem="api" outcome="ok" request_id="cli:tab:focus" method="tab.focus"
2026-07-29T10:32:52.082999Z  INFO herdr::logging: api request received event="api.request.start" subsystem="api" outcome="started" request_id="cli:tab:focus" method="tab.focus" changes_ui=true
2026-07-29T10:32:52.083099Z  INFO herdr::logging: tab focused event="tab.focus" subsystem="tab" outcome="ok" workspace_id="w3" tab_id="w3:t1"
2026-07-29T10:32:52.083131Z  INFO herdr::logging: api request completed event="api.request.complete" subsystem="api" outcome="ok" request_id="cli:tab:focus" method="tab.focus"
2026-07-29T10:32:52.463675Z  INFO herdr::logging: workspace focused event="workspace.focus" subsystem="workspace" outcome="ok" workspace_id="w2"
2026-07-29T10:32:52.463767Z  INFO herdr::logging: tab focused event="tab.focus" subsystem="tab" outcome="ok" workspace_id="w2" tab_id="w2:t3"
2026-07-29T10:32:53.108168Z  INFO herdr::logging: api request received event="api.request.start" subsystem="api" outcome="started" request_id="cli:tab:focus" method="tab.focus" changes_ui=true
2026-07-29T10:32:53.108292Z  INFO herdr::logging: tab focused event="tab.focus" subsystem="tab" outcome="ok" workspace_id="w2" tab_id="w2:t1"
2026-07-29T10:32:53.108343Z  INFO herdr::logging: api request completed event="api.request.complete" subsystem="api" outcome="ok" request_id="cli:tab:focus" method="tab.focus"
2026-07-29T10:32:55.442443Z  INFO herdr::logging: workspace focused event="workspace.focus" subsystem="workspace" outcome="ok" workspace_id="w3"
2026-07-29T10:32:55.442607Z  INFO herdr::logging: tab focused event="tab.focus" subsystem="tab" outcome="ok" workspace_id="w3" tab_id="w3:t7"
2026-07-29T10:32:55.899741Z  INFO herdr::logging: workspace focused event="workspace.focus" subsystem="workspace" outcome="ok" workspace_id="w2"
2026-07-29T10:32:55.900163Z  INFO herdr::logging: tab focused event="tab.focus" subsystem="tab" outcome="ok" workspace_id="w2" tab_id="w2:t3"
2026-07-29T10:32:56.473388Z  INFO herdr::logging: workspace focused event="workspace.focus" subsystem="workspace" outcome="ok" workspace_id="w3"
2026-07-29T10:32:56.473620Z  INFO herdr::logging: tab focused event="tab.focus" subsystem="tab" outcome="ok" workspace_id="w3" tab_id="w3:t7"
2026-07-29T10:32:57.496322Z  INFO herdr::logging: api request received event="api.request.start" subsystem="api" outcome="started" request_id="cli:tab:focus" method="tab.focus" changes_ui=true
2026-07-29T10:32:57.496478Z  INFO herdr::logging: tab focused event="tab.focus" subsystem="tab" outcome="ok" workspace_id="w3" tab_id="w3:t1"
2026-07-29T10:32:57.496536Z  INFO herdr::logging: api request completed event="api.request.complete" subsystem="api" outcome="ok" request_id="cli:tab:focus" method="tab.focus"
2026-07-29T10:32:57.688405Z  INFO herdr::logging: api request received event="api.request.start" subsystem="api" outcome="started" request_id="cli:tab:focus" method="tab.focus" changes_ui=true
2026-07-29T10:32:57.688515Z  INFO herdr::logging: tab focused event="tab.focus" subsystem="tab" outcome="ok" workspace_id="w3" tab_id="w3:t2"
2026-07-29T10:32:57.688556Z  INFO herdr::logging: api request completed event="api.request.complete" subsystem="api" outcome="ok" request_id="cli:tab:focus" method="tab.focus"
2026-07-29T10:32:57.817017Z  INFO herdr::logging: api request received event="api.request.start" subsystem="api" outcome="started" request_id="cli:tab:focus" method="tab.focus" changes_ui=true
2026-07-29T10:32:57.817124Z  INFO herdr::logging: tab focused event="tab.focus" subsystem="tab" outcome="ok" workspace_id="w3" tab_id="w3:t6"
2026-07-29T10:32:57.817158Z  INFO herdr::logging: api request completed event="api.request.complete" subsystem="api" outcome="ok" request_id="cli:tab:focus" method="tab.focus"
2026-07-29T10:32:58.432216Z  INFO herdr::logging: api request received event="api.request.start" subsystem="api" outcome="started" request_id="cli:tab:focus" method="tab.focus" changes_ui=true
2026-07-29T10:32:58.432396Z  INFO herdr::logging: tab focused event="tab.focus" subsystem="tab" outcome="ok" workspace_id="w3" tab_id="w3:t7"
2026-07-29T10:32:58.432472Z  INFO herdr::logging: api request completed event="api.request.complete" subsystem="api" outcome="ok" request_id="cli:tab:focus" method="tab.focus"
2026-07-29T10:32:58.863442Z  INFO herdr::logging: api request received event="api.request.start" subsystem="api" outcome="started" request_id="cli:tab:focus" method="tab.focus" changes_ui=true
2026-07-29T10:32:58.863576Z  INFO herdr::logging: tab focused event="tab.focus" subsystem="tab" outcome="ok" workspace_id="w3" tab_id="w3:t1"
2026-07-29T10:32:58.863642Z  INFO herdr::logging: api request completed event="api.request.complete" subsystem="api" outcome="ok" request_id="cli:tab:focus" method="tab.focus"
2026-07-29T10:32:58.936126Z  INFO herdr::logging: api request received event="api.request.start" subsystem="api" outcome="started" request_id="cli:tab:focus" method="tab.focus" changes_ui=true
2026-07-29T10:32:58.936230Z  INFO herdr::logging: tab focused event="tab.focus" subsystem="tab" outcome="ok" workspace_id="w3" tab_id="w3:t2"
2026-07-29T10:32:58.936264Z  INFO herdr::logging: api request completed event="api.request.complete" subsystem="api" outcome="ok" request_id="cli:tab:focus" method="tab.focus"
2026-07-29T10:32:59.029160Z  INFO herdr::logging: api request received event="api.request.start" subsystem="api" outcome="started" request_id="cli:tab:focus" method="tab.focus" changes_ui=true
2026-07-29T10:32:59.029247Z  INFO herdr::logging: tab focused event="tab.focus" subsystem="tab" outcome="ok" workspace_id="w3" tab_id="w3:t6"
2026-07-29T10:32:59.029283Z  INFO herdr::logging: api request completed event="api.request.complete" subsystem="api" outcome="ok" request_id="cli:tab:focus" method="tab.focus"
2026-07-29T10:32:59.238931Z  INFO herdr::logging: api request received event="api.request.start" subsystem="api" outcome="started" request_id="cli:tab:focus" method="tab.focus" changes_ui=true
2026-07-29T10:32:59.239020Z  INFO herdr::logging: tab focused event="tab.focus" subsystem="tab" outcome="ok" workspace_id="w3" tab_id="w3:t7"
2026-07-29T10:32:59.239061Z  INFO herdr::logging: api request completed event="api.request.complete" subsystem="api" outcome="ok" request_id="cli:tab:focus" method="tab.focus"
2026-07-29T10:33:00.020501Z  INFO herdr::logging: api request received event="api.request.start" subsystem="api" outcome="started" request_id="cli:tab:focus" method="tab.focus" changes_ui=true
2026-07-29T10:33:00.020617Z  INFO herdr::logging: tab focused event="tab.focus" subsystem="tab" outcome="ok" workspace_id="w3" tab_id="w3:t1"
2026-07-29T10:33:00.020658Z  INFO herdr::logging: api request completed event="api.request.complete" subsystem="api" outcome="ok" request_id="cli:tab:focus" method="tab.focus"
2026-07-29T10:33:05.029775Z  INFO herdr::logging: session saved event="persist.save" subsystem="persist" outcome="ok" path=/Users/vince/.config/herdr/session.json workspaces=3
2026-07-29T10:45:14.332234Z  INFO herdr::logging: tab focused event="tab.focus" subsystem="tab" outcome="ok" workspace_id="w3" tab_id="w3:t7"
2026-07-29T10:45:14.737659Z  INFO herdr::logging: workspace focused event="workspace.focus" subsystem="workspace" outcome="ok" workspace_id="w2"
2026-07-29T10:45:14.737836Z  INFO herdr::logging: tab focused event="tab.focus" subsystem="tab" outcome="ok" workspace_id="w2" tab_id="w2:t3"
2026-07-29T10:45:15.891963Z  INFO herdr::logging: workspace focused event="workspace.focus" subsystem="workspace" outcome="ok" workspace_id="w3"
2026-07-29T10:45:15.892099Z  INFO herdr::logging: tab focused event="tab.focus" subsystem="tab" outcome="ok" workspace_id="w3" tab_id="w3:t7"
2026-07-29T10:45:16.367472Z  INFO herdr::logging: api request received event="api.request.start" subsystem="api" outcome="started" request_id="cli:tab:focus" method="tab.focus" changes_ui=true
2026-07-29T10:45:16.367591Z  INFO herdr::logging: tab focused event="tab.focus" subsystem="tab" outcome="ok" workspace_id="w3" tab_id="w3:t1"
2026-07-29T10:45:16.367697Z  INFO herdr::logging: api request completed event="api.request.complete" subsystem="api" outcome="ok" request_id="cli:tab:focus" method="tab.focus"
2026-07-29T10:45:20.243898Z  INFO herdr::logging: tab focused event="tab.focus" subsystem="tab" outcome="ok" workspace_id="w3" tab_id="w3:t7"
2026-07-29T10:45:20.594716Z  INFO herdr::logging: workspace focused event="workspace.focus" subsystem="workspace" outcome="ok" workspace_id="w2"
2026-07-29T10:45:20.594892Z  INFO herdr::logging: tab focused event="tab.focus" subsystem="tab" outcome="ok" workspace_id="w2" tab_id="w2:t3"
2026-07-29T10:45:22.537499Z  INFO herdr::logging: workspace focused event="workspace.focus" subsystem="workspace" outcome="ok" workspace_id="w3"
2026-07-29T10:45:22.537614Z  INFO herdr::logging: tab focused event="tab.focus" subsystem="tab" outcome="ok" workspace_id="w3" tab_id="w3:t7"
2026-07-29T10:45:27.549897Z  INFO herdr::logging: session saved event="persist.save" subsystem="persist" outcome="ok" path=/Users/vince/.config/herdr/session.json workspaces=3
2026-07-29T10:47:57.281195Z  INFO herdr::logging: checking for updates event="update.check.start" subsystem="update" outcome="started"
2026-07-29T10:55:21.460288Z  INFO herdr::logging: api request received event="api.request.start" subsystem="api" outcome="started" request_id="cli:tab:focus" method="tab.focus" changes_ui=true
2026-07-29T10:55:21.460441Z  INFO herdr::logging: tab focused event="tab.focus" subsystem="tab" outcome="ok" workspace_id="w3" tab_id="w3:t1"
2026-07-29T10:55:21.460485Z  INFO herdr::logging: api request completed event="api.request.complete" subsystem="api" outcome="ok" request_id="cli:tab:focus" method="tab.focus"
2026-07-29T10:55:26.466955Z  INFO herdr::logging: session saved event="persist.save" subsystem="persist" outcome="ok" path=/Users/vince/.config/herdr/session.json workspaces=3
2026-07-29T10:55:56.135501Z  INFO herdr::logging: tab focused event="tab.focus" subsystem="tab" outcome="ok" workspace_id="w3" tab_id="w3:t7"
2026-07-29T10:55:56.719739Z  INFO herdr::logging: workspace focused event="workspace.focus" subsystem="workspace" outcome="ok" workspace_id="w2"
2026-07-29T10:55:56.719916Z  INFO herdr::logging: tab focused event="tab.focus" subsystem="tab" outcome="ok" workspace_id="w2" tab_id="w2:t3"
2026-07-29T10:55:58.152969Z  INFO herdr::logging: workspace focused event="workspace.focus" subsystem="workspace" outcome="ok" workspace_id="w3"
2026-07-29T10:55:58.153162Z  INFO herdr::logging: tab focused event="tab.focus" subsystem="tab" outcome="ok" workspace_id="w3" tab_id="w3:t7"
2026-07-29T10:56:02.753069Z  INFO herdr::logging: api request received event="api.request.start" subsystem="api" outcome="started" request_id="cli:tab:focus" method="tab.focus" changes_ui=true
2026-07-29T10:56:02.753169Z  INFO herdr::logging: tab focused event="tab.focus" subsystem="tab" outcome="ok" workspace_id="w3" tab_id="w3:t1"
2026-07-29T10:56:02.753205Z  INFO herdr::logging: api request completed event="api.request.complete" subsystem="api" outcome="ok" request_id="cli:tab:focus" method="tab.focus"
2026-07-29T10:56:07.759442Z  INFO herdr::logging: session saved event="persist.save" subsystem="persist" outcome="ok" path=/Users/vince/.config/herdr/session.json workspaces=3
2026-07-29T11:00:00.328610Z  INFO herdr::logging: api request received event="api.request.start" subsystem="api" outcome="started" request_id="cli:tab:focus" method="tab.focus" changes_ui=true
2026-07-29T11:00:00.328937Z  INFO herdr::logging: tab focused event="tab.focus" subsystem="tab" outcome="ok" workspace_id="w3" tab_id="w3:t2"
2026-07-29T11:00:00.329008Z  INFO herdr::logging: api request completed event="api.request.complete" subsystem="api" outcome="ok" request_id="cli:tab:focus" method="tab.focus"
2026-07-29T11:00:05.334834Z  INFO herdr::logging: session saved event="persist.save" subsystem="persist" outcome="ok" path=/Users/vince/.config/herdr/session.json workspaces=3
2026-07-29T11:00:11.916761Z  INFO herdr::logging: workspace focused event="workspace.focus" subsystem="workspace" outcome="ok" workspace_id="w2"
2026-07-29T11:00:11.916893Z  INFO herdr::logging: tab focused event="tab.focus" subsystem="tab" outcome="ok" workspace_id="w2" tab_id="w2:t3"
2026-07-29T11:00:12.402485Z  INFO herdr::logging: workspace focused event="workspace.focus" subsystem="workspace" outcome="ok" workspace_id="w3"
2026-07-29T11:00:12.402750Z  INFO herdr::logging: tab focused event="tab.focus" subsystem="tab" outcome="ok" workspace_id="w3" tab_id="w3:t7"
2026-07-29T11:00:13.722213Z  INFO herdr::logging: workspace focused event="workspace.focus" subsystem="workspace" outcome="ok" workspace_id="w2"
2026-07-29T11:00:13.722340Z  INFO herdr::logging: tab focused event="tab.focus" subsystem="tab" outcome="ok" workspace_id="w2" tab_id="w2:t3"
2026-07-29T11:00:14.063867Z  INFO herdr::logging: workspace focused event="workspace.focus" subsystem="workspace" outcome="ok" workspace_id="w3"
2026-07-29T11:00:14.063970Z  INFO herdr::logging: tab focused event="tab.focus" subsystem="tab" outcome="ok" workspace_id="w3" tab_id="w3:t7"
2026-07-29T11:00:15.025907Z  INFO herdr::logging: api request received event="api.request.start" subsystem="api" outcome="started" request_id="cli:tab:focus" method="tab.focus" changes_ui=true
2026-07-29T11:00:15.025999Z  INFO herdr::logging: tab focused event="tab.focus" subsystem="tab" outcome="ok" workspace_id="w3" tab_id="w3:t2"
2026-07-29T11:00:15.026102Z  INFO herdr::logging: api request completed event="api.request.complete" subsystem="api" outcome="ok" request_id="cli:tab:focus" method="tab.focus"
2026-07-29T11:00:20.032440Z  INFO herdr::logging: session saved event="persist.save" subsystem="persist" outcome="ok" path=/Users/vince/.config/herdr/session.json workspaces=3
2026-07-29T11:00:26.441001Z  INFO herdr::app::actions: copied selection to clipboard
2026-07-29T11:00:29.063716Z  INFO herdr::logging: api request received event="api.request.start" subsystem="api" outcome="started" request_id="cli:tab:focus" method="tab.focus" changes_ui=true
2026-07-29T11:00:29.063894Z  INFO herdr::logging: tab focused event="tab.focus" subsystem="tab" outcome="ok" workspace_id="w3" tab_id="w3:t1"
2026-07-29T11:00:29.063948Z  INFO herdr::logging: api request completed event="api.request.complete" subsystem="api" outcome="ok" request_id="cli:tab:focus" method="tab.focus"
2026-07-29T11:00:34.071642Z  INFO herdr::logging: session saved event="persist.save" subsystem="persist" outcome="ok" path=/Users/vince/.config/herdr/session.json workspaces=3
2026-07-29T11:03:56.985608Z  INFO herdr::logging: api request received event="api.request.start" subsystem="api" outcome="started" request_id="cli:tab:focus" method="tab.focus" changes_ui=true
2026-07-29T11:03:56.985898Z  INFO herdr::logging: tab focused event="tab.focus" subsystem="tab" outcome="ok" workspace_id="w3" tab_id="w3:t2"
2026-07-29T11:03:56.985931Z  INFO herdr::logging: api request completed event="api.request.complete" subsystem="api" outcome="ok" request_id="cli:tab:focus" method="tab.focus"
2026-07-29T11:04:01.994252Z  INFO herdr::logging: session saved event="persist.save" subsystem="persist" outcome="ok" path=/Users/vince/.config/herdr/session.json workspaces=3
2026-07-29T11:04:03.209955Z  INFO herdr::logging: workspace focused event="workspace.focus" subsystem="workspace" outcome="ok" workspace_id="w2"
2026-07-29T11:04:03.210107Z  INFO herdr::logging: tab focused event="tab.focus" subsystem="tab" outcome="ok" workspace_id="w2" tab_id="w2:t3"
2026-07-29T11:04:03.815950Z  INFO herdr::logging: workspace focused event="workspace.focus" subsystem="workspace" outcome="ok" workspace_id="w3"
2026-07-29T11:04:03.816082Z  INFO herdr::logging: tab focused event="tab.focus" subsystem="tab" outcome="ok" workspace_id="w3" tab_id="w3:t7"
2026-07-29T11:04:04.496125Z  INFO herdr::logging: workspace focused event="workspace.focus" subsystem="workspace" outcome="ok" workspace_id="w2"
2026-07-29T11:04:04.496314Z  INFO herdr::logging: tab focused event="tab.focus" subsystem="tab" outcome="ok" workspace_id="w2" tab_id="w2:t3"
2026-07-29T11:04:05.086280Z  INFO herdr::logging: workspace focused event="workspace.focus" subsystem="workspace" outcome="ok" workspace_id="w3"
2026-07-29T11:04:05.086485Z  INFO herdr::logging: tab focused event="tab.focus" subsystem="tab" outcome="ok" workspace_id="w3" tab_id="w3:t7"
2026-07-29T11:04:06.046202Z  INFO herdr::logging: api request received event="api.request.start" subsystem="api" outcome="started" request_id="cli:tab:focus" method="tab.focus" changes_ui=true
2026-07-29T11:04:06.046341Z  INFO herdr::logging: tab focused event="tab.focus" subsystem="tab" outcome="ok" workspace_id="w3" tab_id="w3:t1"
2026-07-29T11:04:06.046390Z  INFO herdr::logging: api request completed event="api.request.complete" subsystem="api" outcome="ok" request_id="cli:tab:focus" method="tab.focus"
2026-07-29T11:04:06.210469Z  INFO herdr::logging: api request received event="api.request.start" subsystem="api" outcome="started" request_id="cli:tab:focus" method="tab.focus" changes_ui=true
2026-07-29T11:04:06.210573Z  INFO herdr::logging: tab focused event="tab.focus" subsystem="tab" outcome="ok" workspace_id="w3" tab_id="w3:t2"
2026-07-29T11:04:06.210613Z  INFO herdr::logging: api request completed event="api.request.complete" subsystem="api" outcome="ok" request_id="cli:tab:focus" method="tab.focus"
2026-07-29T11:04:06.447292Z  INFO herdr::logging: api request received event="api.request.start" subsystem="api" outcome="started" request_id="cli:tab:focus" method="tab.focus" changes_ui=true
2026-07-29T11:04:06.447418Z  INFO herdr::logging: tab focused event="tab.focus" subsystem="tab" outcome="ok" workspace_id="w3" tab_id="w3:t1"
2026-07-29T11:04:06.447460Z  INFO herdr::logging: api request completed event="api.request.complete" subsystem="api" outcome="ok" request_id="cli:tab:focus" method="tab.focus"
2026-07-29T11:04:11.453886Z  INFO herdr::logging: session saved event="persist.save" subsystem="persist" outcome="ok" path=/Users/vince/.config/herdr/session.json workspaces=3
2026-07-29T11:10:31.868978Z  INFO herdr::logging: tab focused event="tab.focus" subsystem="tab" outcome="ok" workspace_id="w3" tab_id="w3:t6"
2026-07-29T11:10:32.454476Z  INFO herdr::logging: tab focused event="tab.focus" subsystem="tab" outcome="ok" workspace_id="w3" tab_id="w3:t7"
2026-07-29T11:10:37.465606Z  INFO herdr::logging: session saved event="persist.save" subsystem="persist" outcome="ok" path=/Users/vince/.config/herdr/session.json workspaces=3
2026-07-29T11:11:04.402936Z  INFO herdr::logging: api request received event="api.request.start" subsystem="api" outcome="started" request_id="cli:tab:focus" method="tab.focus" changes_ui=true
2026-07-29T11:11:04.403045Z  INFO herdr::logging: tab focused event="tab.focus" subsystem="tab" outcome="ok" workspace_id="w3" tab_id="w3:t1"
2026-07-29T11:11:04.403088Z  INFO herdr::logging: api request completed event="api.request.complete" subsystem="api" outcome="ok" request_id="cli:tab:focus" method="tab.focus"
2026-07-29T11:11:06.311143Z  INFO herdr::logging: tab focused event="tab.focus" subsystem="tab" outcome="ok" workspace_id="w3" tab_id="w3:t7"
2026-07-29T11:11:07.312699Z  INFO herdr::logging: api request received event="api.request.start" subsystem="api" outcome="started" request_id="cli:tab:focus" method="tab.focus" changes_ui=true
2026-07-29T11:11:07.312816Z  INFO herdr::logging: tab focused event="tab.focus" subsystem="tab" outcome="ok" workspace_id="w3" tab_id="w3:t1"
2026-07-29T11:11:07.312860Z  INFO herdr::logging: api request completed event="api.request.complete" subsystem="api" outcome="ok" request_id="cli:tab:focus" method="tab.focus"
2026-07-29T11:11:12.323248Z  INFO herdr::logging: session saved event="persist.save" subsystem="persist" outcome="ok" path=/Users/vince/.config/herdr/session.json workspaces=3
2026-07-29T11:13:30.887247Z  INFO herdr::logging: tab focused event="tab.focus" subsystem="tab" outcome="ok" workspace_id="w3" tab_id="w3:t7"
2026-07-29T11:13:31.350518Z  INFO herdr::logging: workspace focused event="workspace.focus" subsystem="workspace" outcome="ok" workspace_id="w2"
2026-07-29T11:13:31.350690Z  INFO herdr::logging: tab focused event="tab.focus" subsystem="tab" outcome="ok" workspace_id="w2" tab_id="w2:t3"
2026-07-29T11:13:32.249866Z  INFO herdr::logging: workspace focused event="workspace.focus" subsystem="workspace" outcome="ok" workspace_id="w3"
2026-07-29T11:13:32.250076Z  INFO herdr::logging: tab focused event="tab.focus" subsystem="tab" outcome="ok" workspace_id="w3" tab_id="w3:t7"
2026-07-29T11:13:33.835498Z  INFO herdr::logging: api request received event="api.request.start" subsystem="api" outcome="started" request_id="cli:tab:focus" method="tab.focus" changes_ui=true
2026-07-29T11:13:33.835609Z  INFO herdr::logging: tab focused event="tab.focus" subsystem="tab" outcome="ok" workspace_id="w3" tab_id="w3:t2"
2026-07-29T11:13:33.835649Z  INFO herdr::logging: api request completed event="api.request.complete" subsystem="api" outcome="ok" request_id="cli:tab:focus" method="tab.focus"
2026-07-29T11:13:34.955652Z  INFO herdr::logging: api request received event="api.request.start" subsystem="api" outcome="started" request_id="cli:tab:focus" method="tab.focus" changes_ui=true
2026-07-29T11:13:34.955754Z  INFO herdr::logging: tab focused event="tab.focus" subsystem="tab" outcome="ok" workspace_id="w3" tab_id="w3:t1"
2026-07-29T11:13:34.955790Z  INFO herdr::logging: api request completed event="api.request.complete" subsystem="api" outcome="ok" request_id="cli:tab:focus" method="tab.focus"
2026-07-29T11:13:39.966925Z  INFO herdr::logging: session saved event="persist.save" subsystem="persist" outcome="ok" path=/Users/vince/.config/herdr/session.json workspaces=3
2026-07-29T11:14:03.552584Z  INFO herdr::logging: api request received event="api.request.start" subsystem="api" outcome="started" request_id="cli:tab:focus" method="tab.focus" changes_ui=true
2026-07-29T11:14:03.552665Z  INFO herdr::logging: tab focused event="tab.focus" subsystem="tab" outcome="ok" workspace_id="w3" tab_id="w3:t2"
2026-07-29T11:14:03.552701Z  INFO herdr::logging: api request completed event="api.request.complete" subsystem="api" outcome="ok" request_id="cli:tab:focus" method="tab.focus"
2026-07-29T11:14:06.916287Z  INFO herdr::logging: workspace focused event="workspace.focus" subsystem="workspace" outcome="ok" workspace_id="w2"
2026-07-29T11:14:06.916522Z  INFO herdr::logging: tab focused event="tab.focus" subsystem="tab" outcome="ok" workspace_id="w2" tab_id="w2:t3"
2026-07-29T11:14:08.202515Z  INFO herdr::logging: workspace focused event="workspace.focus" subsystem="workspace" outcome="ok" workspace_id="w3"
2026-07-29T11:14:08.202696Z  INFO herdr::logging: tab focused event="tab.focus" subsystem="tab" outcome="ok" workspace_id="w3" tab_id="w3:t7"
2026-07-29T11:14:11.839342Z  INFO herdr::logging: tab focused event="tab.focus" subsystem="tab" outcome="ok" workspace_id="w3" tab_id="w3:t1"
2026-07-29T11:14:16.851024Z  INFO herdr::logging: session saved event="persist.save" subsystem="persist" outcome="ok" path=/Users/vince/.config/herdr/session.json workspaces=3
2026-07-29T11:14:24.060026Z  INFO herdr::logging: tab focused event="tab.focus" subsystem="tab" outcome="ok" workspace_id="w3" tab_id="w3:t7"
2026-07-29T11:14:24.541859Z  INFO herdr::logging: workspace focused event="workspace.focus" subsystem="workspace" outcome="ok" workspace_id="w2"
2026-07-29T11:14:24.541922Z  INFO herdr::logging: tab focused event="tab.focus" subsystem="tab" outcome="ok" workspace_id="w2" tab_id="w2:t3"
2026-07-29T11:14:25.371683Z  INFO herdr::logging: workspace focused event="workspace.focus" subsystem="workspace" outcome="ok" workspace_id="w3"
2026-07-29T11:14:25.371797Z  INFO herdr::logging: tab focused event="tab.focus" subsystem="tab" outcome="ok" workspace_id="w3" tab_id="w3:t7"
2026-07-29T11:14:30.389044Z  INFO herdr::logging: session saved event="persist.save" subsystem="persist" outcome="ok" path=/Users/vince/.config/herdr/session.json workspaces=3
2026-07-29T11:15:04.423174Z  INFO herdr::logging: tab focused event="tab.focus" subsystem="tab" outcome="ok" workspace_id="w3" tab_id="w3:t1"
2026-07-29T11:15:04.683952Z  INFO herdr::logging: tab focused event="tab.focus" subsystem="tab" outcome="ok" workspace_id="w3" tab_id="w3:t1"
2026-07-29T11:15:09.692302Z  INFO herdr::logging: session saved event="persist.save" subsystem="persist" outcome="ok" path=/Users/vince/.config/herdr/session.json workspaces=3
2026-07-29T11:15:16.656450Z  INFO herdr::logging: tab focused event="tab.focus" subsystem="tab" outcome="ok" workspace_id="w3" tab_id="w3:t7"
2026-07-29T11:15:17.305674Z  INFO herdr::logging: workspace focused event="workspace.focus" subsystem="workspace" outcome="ok" workspace_id="w2"
2026-07-29T11:15:17.305831Z  INFO herdr::logging: tab focused event="tab.focus" subsystem="tab" outcome="ok" workspace_id="w2" tab_id="w2:t3"
2026-07-29T11:15:18.066330Z  INFO herdr::logging: api request received event="api.request.start" subsystem="api" outcome="started" request_id="cli:tab:focus" method="tab.focus" changes_ui=true
2026-07-29T11:15:18.066450Z  INFO herdr::logging: tab focused event="tab.focus" subsystem="tab" outcome="ok" workspace_id="w2" tab_id="w2:t2"
2026-07-29T11:15:18.066491Z  INFO herdr::logging: api request completed event="api.request.complete" subsystem="api" outcome="ok" request_id="cli:tab:focus" method="tab.focus"
2026-07-29T11:15:18.948878Z  INFO herdr::logging: workspace focused event="workspace.focus" subsystem="workspace" outcome="ok" workspace_id="w3"
2026-07-29T11:15:18.949082Z  INFO herdr::logging: tab focused event="tab.focus" subsystem="tab" outcome="ok" workspace_id="w3" tab_id="w3:t7"
2026-07-29T11:15:19.537352Z  INFO herdr::logging: api request received event="api.request.start" subsystem="api" outcome="started" request_id="cli:tab:focus" method="tab.focus" changes_ui=true
2026-07-29T11:15:19.537478Z  INFO herdr::logging: tab focused event="tab.focus" subsystem="tab" outcome="ok" workspace_id="w3" tab_id="w3:t2"
2026-07-29T11:15:19.537523Z  INFO herdr::logging: api request completed event="api.request.complete" subsystem="api" outcome="ok" request_id="cli:tab:focus" method="tab.focus"
2026-07-29T11:15:24.551130Z  INFO herdr::logging: session saved event="persist.save" subsystem="persist" outcome="ok" path=/Users/vince/.config/herdr/session.json workspaces=3
2026-07-29T11:15:27.823557Z  INFO herdr::logging: api request received event="api.request.start" subsystem="api" outcome="started" request_id="cli:tab:focus" method="tab.focus" changes_ui=true
2026-07-29T11:15:27.823678Z  INFO herdr::logging: tab focused event="tab.focus" subsystem="tab" outcome="ok" workspace_id="w3" tab_id="w3:t1"
2026-07-29T11:15:27.823730Z  INFO herdr::logging: api request completed event="api.request.complete" subsystem="api" outcome="ok" request_id="cli:tab:focus" method="tab.focus"
2026-07-29T11:15:32.832402Z  INFO herdr::logging: session saved event="persist.save" subsystem="persist" outcome="ok" path=/Users/vince/.config/herdr/session.json workspaces=3
2026-07-29T11:16:06.863896Z  INFO herdr::logging: api request received event="api.request.start" subsystem="api" outcome="started" request_id="cli:tab:focus" method="tab.focus" changes_ui=true
2026-07-29T11:16:06.864022Z  INFO herdr::logging: tab focused event="tab.focus" subsystem="tab" outcome="ok" workspace_id="w3" tab_id="w3:t2"
2026-07-29T11:16:06.864066Z  INFO herdr::logging: api request completed event="api.request.complete" subsystem="api" outcome="ok" request_id="cli:tab:focus" method="tab.focus"
2026-07-29T11:16:11.879520Z  INFO herdr::logging: session saved event="persist.save" subsystem="persist" outcome="ok" path=/Users/vince/.config/herdr/session.json workspaces=3
2026-07-29T11:16:15.279093Z  INFO herdr::logging: api request received event="api.request.start" subsystem="api" outcome="started" request_id="cli:tab:focus" method="tab.focus" changes_ui=true
2026-07-29T11:16:15.279232Z  INFO herdr::logging: tab focused event="tab.focus" subsystem="tab" outcome="ok" workspace_id="w3" tab_id="w3:t1"
2026-07-29T11:16:15.279283Z  INFO herdr::logging: api request completed event="api.request.complete" subsystem="api" outcome="ok" request_id="cli:tab:focus" method="tab.focus"
2026-07-29T11:16:20.289567Z  INFO herdr::logging: session saved event="persist.save" subsystem="persist" outcome="ok" path=/Users/vince/.config/herdr/session.json workspaces=3
2026-07-29T11:16:45.416839Z  INFO herdr::logging: api request received event="api.request.start" subsystem="api" outcome="started" request_id="cli:tab:focus" method="tab.focus" changes_ui=true
2026-07-29T11:16:45.416950Z  INFO herdr::logging: tab focused event="tab.focus" subsystem="tab" outcome="ok" workspace_id="w3" tab_id="w3:t2"
2026-07-29T11:16:45.416994Z  INFO herdr::logging: api request completed event="api.request.complete" subsystem="api" outcome="ok" request_id="cli:tab:focus" method="tab.focus"
2026-07-29T11:16:48.653979Z  INFO herdr::logging: workspace focused event="workspace.focus" subsystem="workspace" outcome="ok" workspace_id="w2"
2026-07-29T11:16:48.654213Z  INFO herdr::logging: tab focused event="tab.focus" subsystem="tab" outcome="ok" workspace_id="w2" tab_id="w2:t3"
2026-07-29T11:16:49.780782Z  INFO herdr::logging: workspace focused event="workspace.focus" subsystem="workspace" outcome="ok" workspace_id="w3"
2026-07-29T11:16:49.781065Z  INFO herdr::logging: tab focused event="tab.focus" subsystem="tab" outcome="ok" workspace_id="w3" tab_id="w3:t7"
2026-07-29T11:16:50.346975Z  INFO herdr::logging: workspace focused event="workspace.focus" subsystem="workspace" outcome="ok" workspace_id="w2"
2026-07-29T11:16:50.347189Z  INFO herdr::logging: tab focused event="tab.focus" subsystem="tab" outcome="ok" workspace_id="w2" tab_id="w2:t3"
2026-07-29T11:16:50.988252Z  INFO herdr::logging: workspace focused event="workspace.focus" subsystem="workspace" outcome="ok" workspace_id="w3"
2026-07-29T11:16:50.988350Z  INFO herdr::logging: tab focused event="tab.focus" subsystem="tab" outcome="ok" workspace_id="w3" tab_id="w3:t7"
2026-07-29T11:16:51.430077Z  INFO herdr::logging: api request received event="api.request.start" subsystem="api" outcome="started" request_id="cli:tab:focus" method="tab.focus" changes_ui=true
2026-07-29T11:16:51.430184Z  INFO herdr::logging: tab focused event="tab.focus" subsystem="tab" outcome="ok" workspace_id="w3" tab_id="w3:t1"
2026-07-29T11:16:51.430234Z  INFO herdr::logging: api request completed event="api.request.complete" subsystem="api" outcome="ok" request_id="cli:tab:focus" method="tab.focus"
2026-07-29T11:16:51.998770Z  INFO herdr::logging: api request received event="api.request.start" subsystem="api" outcome="started" request_id="cli:tab:focus" method="tab.focus" changes_ui=true
2026-07-29T11:16:51.998902Z  INFO herdr::logging: tab focused event="tab.focus" subsystem="tab" outcome="ok" workspace_id="w3" tab_id="w3:t2"
2026-07-29T11:16:51.998948Z  INFO herdr::logging: api request completed event="api.request.complete" subsystem="api" outcome="ok" request_id="cli:tab:focus" method="tab.focus"
2026-07-29T11:16:52.282730Z  INFO herdr::logging: api request received event="api.request.start" subsystem="api" outcome="started" request_id="cli:tab:focus" method="tab.focus" changes_ui=true
2026-07-29T11:16:52.282854Z  INFO herdr::logging: tab focused event="tab.focus" subsystem="tab" outcome="ok" workspace_id="w3" tab_id="w3:t1"
2026-07-29T11:16:52.282901Z  INFO herdr::logging: api request completed event="api.request.complete" subsystem="api" outcome="ok" request_id="cli:tab:focus" method="tab.focus"
2026-07-29T11:16:57.291965Z  INFO herdr::logging: session saved event="persist.save" subsystem="persist" outcome="ok" path=/Users/vince/.config/herdr/session.json workspaces=3
2026-07-29T11:17:09.561126Z  INFO herdr::logging: tab focused event="tab.focus" subsystem="tab" outcome="ok" workspace_id="w3" tab_id="w3:t7"
2026-07-29T11:17:10.020238Z  INFO herdr::logging: workspace focused event="workspace.focus" subsystem="workspace" outcome="ok" workspace_id="w2"
2026-07-29T11:17:10.020386Z  INFO herdr::logging: tab focused event="tab.focus" subsystem="tab" outcome="ok" workspace_id="w2" tab_id="w2:t3"
2026-07-29T11:17:10.755018Z  INFO herdr::logging: workspace focused event="workspace.focus" subsystem="workspace" outcome="ok" workspace_id="w3"
2026-07-29T11:17:10.755212Z  INFO herdr::logging: tab focused event="tab.focus" subsystem="tab" outcome="ok" workspace_id="w3" tab_id="w3:t7"
2026-07-29T11:17:11.485494Z  INFO herdr::logging: api request received event="api.request.start" subsystem="api" outcome="started" request_id="cli:tab:focus" method="tab.focus" changes_ui=true
2026-07-29T11:17:11.485643Z  INFO herdr::logging: tab focused event="tab.focus" subsystem="tab" outcome="ok" workspace_id="w3" tab_id="w3:t1"
2026-07-29T11:17:11.485685Z  INFO herdr::logging: api request completed event="api.request.complete" subsystem="api" outcome="ok" request_id="cli:tab:focus" method="tab.focus"
2026-07-29T11:17:11.934573Z  INFO herdr::logging: api request received event="api.request.start" subsystem="api" outcome="started" request_id="cli:tab:focus" method="tab.focus" changes_ui=true
2026-07-29T11:17:11.934715Z  INFO herdr::logging: tab focused event="tab.focus" subsystem="tab" outcome="ok" workspace_id="w3" tab_id="w3:t2"
2026-07-29T11:17:11.934764Z  INFO herdr::logging: api request completed event="api.request.complete" subsystem="api" outcome="ok" request_id="cli:tab:focus" method="tab.focus"
2026-07-29T11:17:14.527641Z  INFO herdr::logging: api request received event="api.request.start" subsystem="api" outcome="started" request_id="cli:tab:focus" method="tab.focus" changes_ui=true
2026-07-29T11:17:14.527758Z  INFO herdr::logging: tab focused event="tab.focus" subsystem="tab" outcome="ok" workspace_id="w3" tab_id="w3:t1"
2026-07-29T11:17:14.527796Z  INFO herdr::logging: api request completed event="api.request.complete" subsystem="api" outcome="ok" request_id="cli:tab:focus" method="tab.focus"
2026-07-29T11:17:16.994955Z  INFO herdr::logging: tab focused event="tab.focus" subsystem="tab" outcome="ok" workspace_id="w3" tab_id="w3:t7"
2026-07-29T11:17:17.480731Z  INFO herdr::logging: workspace focused event="workspace.focus" subsystem="workspace" outcome="ok" workspace_id="w2"
2026-07-29T11:17:17.480947Z  INFO herdr::logging: tab focused event="tab.focus" subsystem="tab" outcome="ok" workspace_id="w2" tab_id="w2:t3"
2026-07-29T11:17:18.297965Z  INFO herdr::logging: workspace focused event="workspace.focus" subsystem="workspace" outcome="ok" workspace_id="w3"
2026-07-29T11:17:18.298161Z  INFO herdr::logging: tab focused event="tab.focus" subsystem="tab" outcome="ok" workspace_id="w3" tab_id="w3:t7"
2026-07-29T11:17:18.980194Z  INFO herdr::logging: workspace focused event="workspace.focus" subsystem="workspace" outcome="ok" workspace_id="w2"
2026-07-29T11:17:18.980375Z  INFO herdr::logging: tab focused event="tab.focus" subsystem="tab" outcome="ok" workspace_id="w2" tab_id="w2:t3"
2026-07-29T11:17:19.622107Z  INFO herdr::logging: workspace focused event="workspace.focus" subsystem="workspace" outcome="ok" workspace_id="w3"
2026-07-29T11:17:19.622239Z  INFO herdr::logging: tab focused event="tab.focus" subsystem="tab" outcome="ok" workspace_id="w3" tab_id="w3:t7"
2026-07-29T11:17:20.136377Z  INFO herdr::logging: api request received event="api.request.start" subsystem="api" outcome="started" request_id="cli:tab:focus" method="tab.focus" changes_ui=true
2026-07-29T11:17:20.136492Z  INFO herdr::logging: tab focused event="tab.focus" subsystem="tab" outcome="ok" workspace_id="w3" tab_id="w3:t1"
2026-07-29T11:17:20.136536Z  INFO herdr::logging: api request completed event="api.request.complete" subsystem="api" outcome="ok" request_id="cli:tab:focus" method="tab.focus"
2026-07-29T11:17:25.154134Z  INFO herdr::logging: session saved event="persist.save" subsystem="persist" outcome="ok" path=/Users/vince/.config/herdr/session.json workspaces=3
2026-07-29T11:17:57.199587Z  INFO herdr::logging: api request received event="api.request.start" subsystem="api" outcome="started" request_id="cli:tab:focus" method="tab.focus" changes_ui=true
2026-07-29T11:17:57.199915Z  INFO herdr::logging: tab focused event="tab.focus" subsystem="tab" outcome="ok" workspace_id="w3" tab_id="w3:t2"
2026-07-29T11:17:57.199955Z  INFO herdr::logging: api request completed event="api.request.complete" subsystem="api" outcome="ok" request_id="cli:tab:focus" method="tab.focus"
2026-07-29T11:17:57.292731Z  INFO herdr::logging: checking for updates event="update.check.start" subsystem="update" outcome="started"
2026-07-29T11:18:02.211379Z  INFO herdr::logging: session saved event="persist.save" subsystem="persist" outcome="ok" path=/Users/vince/.config/herdr/session.json workspaces=3
2026-07-29T11:18:49.437581Z  INFO herdr::logging: api request received event="api.request.start" subsystem="api" outcome="started" request_id="cli:tab:focus" method="tab.focus" changes_ui=true
2026-07-29T11:18:49.437918Z  INFO herdr::logging: tab focused event="tab.focus" subsystem="tab" outcome="ok" workspace_id="w3" tab_id="w3:t1"
2026-07-29T11:18:49.437972Z  INFO herdr::logging: api request completed event="api.request.complete" subsystem="api" outcome="ok" request_id="cli:tab:focus" method="tab.focus"
2026-07-29T11:18:54.448195Z  INFO herdr::logging: session saved event="persist.save" subsystem="persist" outcome="ok" path=/Users/vince/.config/herdr/session.json workspaces=3
2026-07-29T11:20:55.371974Z  INFO herdr::logging: tab focused event="tab.focus" subsystem="tab" outcome="ok" workspace_id="w3" tab_id="w3:t2"
2026-07-29T11:20:56.624005Z  INFO herdr::logging: tab focused event="tab.focus" subsystem="tab" outcome="ok" workspace_id="w3" tab_id="w3:t6"
2026-07-29T11:20:57.893715Z  INFO herdr::logging: tab focused event="tab.focus" subsystem="tab" outcome="ok" workspace_id="w3" tab_id="w3:t7"
2026-07-29T11:21:02.904906Z  INFO herdr::logging: session saved event="persist.save" subsystem="persist" outcome="ok" path=/Users/vince/.config/herdr/session.json workspaces=3
2026-07-29T11:34:52.485651Z  INFO herdr::logging: tab focused event="tab.focus" subsystem="tab" outcome="ok" workspace_id="w3" tab_id="w3:t1"
2026-07-29T11:34:54.033930Z  INFO herdr::logging: tab focused event="tab.focus" subsystem="tab" outcome="ok" workspace_id="w3" tab_id="w3:t7"
2026-07-29T11:34:59.046655Z  INFO herdr::logging: session saved event="persist.save" subsystem="persist" outcome="ok" path=/Users/vince/.config/herdr/session.json workspaces=3
2026-07-29T11:36:38.408771Z  INFO herdr::app::actions: copied selection to clipboard
2026-07-29T11:47:57.303335Z  INFO herdr::logging: checking for updates event="update.check.start" subsystem="update" outcome="started"
2026-07-29T12:10:22.259605Z  INFO herdr::app::actions: copied selection to clipboard
2026-07-29T12:17:57.263713Z  INFO herdr::logging: checking for updates event="update.check.start" subsystem="update" outcome="started"
2026-07-29T12:47:57.340728Z  INFO herdr::logging: checking for updates event="update.check.start" subsystem="update" outcome="started"
2026-07-29T12:53:49.272560Z  INFO herdr::app::actions: copied selection to clipboard
2026-07-29T12:54:02.290618Z  INFO herdr::app::actions: copied selection to clipboard
2026-07-29T13:06:27.577278Z  INFO herdr::logging: workspace focused event="workspace.focus" subsystem="workspace" outcome="ok" workspace_id="w9"
2026-07-29T13:06:27.579244Z  INFO herdr::logging: tab focused event="tab.focus" subsystem="tab" outcome="ok" workspace_id="w9" tab_id="w9:t2"
2026-07-29T13:06:32.598984Z  INFO herdr::logging: session saved event="persist.save" subsystem="persist" outcome="ok" path=/Users/vince/.config/herdr/session.json workspaces=3
2026-07-29T13:15:48.285351Z  INFO herdr::logging: workspace focused event="workspace.focus" subsystem="workspace" outcome="ok" workspace_id="w3"
2026-07-29T13:15:48.287171Z  INFO herdr::logging: tab focused event="tab.focus" subsystem="tab" outcome="ok" workspace_id="w3" tab_id="w3:t7"
2026-07-29T13:15:53.311047Z  INFO herdr::logging: session saved event="persist.save" subsystem="persist" outcome="ok" path=/Users/vince/.config/herdr/session.json workspaces=3
2026-07-29T13:17:08.439065Z  INFO herdr::logging: api request received event="api.request.start" subsystem="api" outcome="started" request_id="cli:tab:focus" method="tab.focus" changes_ui=true
2026-07-29T13:17:08.439606Z  INFO herdr::logging: tab focused event="tab.focus" subsystem="tab" outcome="ok" workspace_id="w3" tab_id="w3:t1"
2026-07-29T13:17:08.439634Z  INFO herdr::logging: api request completed event="api.request.complete" subsystem="api" outcome="ok" request_id="cli:tab:focus" method="tab.focus"
2026-07-29T13:17:13.448462Z  INFO herdr::logging: session saved event="persist.save" subsystem="persist" outcome="ok" path=/Users/vince/.config/herdr/session.json workspaces=3
2026-07-29T13:17:57.383985Z  INFO herdr::logging: checking for updates event="update.check.start" subsystem="update" outcome="started"
2026-07-29T13:20:00.724843Z  INFO herdr::logging: tab focused event="tab.focus" subsystem="tab" outcome="ok" workspace_id="w3" tab_id="w3:t2"
2026-07-29T13:20:02.133229Z  INFO herdr::logging: tab focused event="tab.focus" subsystem="tab" outcome="ok" workspace_id="w3" tab_id="w3:t7"
2026-07-29T13:20:03.822805Z  INFO herdr::logging: tab focused event="tab.focus" subsystem="tab" outcome="ok" workspace_id="w3" tab_id="w3:t1"
2026-07-29T13:20:08.848411Z  INFO herdr::logging: session saved event="persist.save" subsystem="persist" outcome="ok" path=/Users/vince/.config/herdr/session.json workspaces=3
2026-07-29T13:20:18.461288Z  INFO herdr::logging: tab focused event="tab.focus" subsystem="tab" outcome="ok" workspace_id="w3" tab_id="w3:t7"
2026-07-29T13:20:19.318887Z  INFO herdr::logging: workspace focused event="workspace.focus" subsystem="workspace" outcome="ok" workspace_id="w2"
2026-07-29T13:20:19.319196Z  INFO herdr::logging: tab focused event="tab.focus" subsystem="tab" outcome="ok" workspace_id="w2" tab_id="w2:t3"
2026-07-29T13:20:19.760495Z  INFO herdr::logging: workspace focused event="workspace.focus" subsystem="workspace" outcome="ok" workspace_id="w3"
2026-07-29T13:20:19.760687Z  INFO herdr::logging: tab focused event="tab.focus" subsystem="tab" outcome="ok" workspace_id="w3" tab_id="w3:t7"
2026-07-29T13:20:20.377859Z  INFO herdr::logging: workspace focused event="workspace.focus" subsystem="workspace" outcome="ok" workspace_id="w2"
2026-07-29T13:20:20.377923Z  INFO herdr::logging: tab focused event="tab.focus" subsystem="tab" outcome="ok" workspace_id="w2" tab_id="w2:t3"
2026-07-29T13:20:20.729924Z  INFO herdr::logging: workspace focused event="workspace.focus" subsystem="workspace" outcome="ok" workspace_id="w3"
2026-07-29T13:20:20.730059Z  INFO herdr::logging: tab focused event="tab.focus" subsystem="tab" outcome="ok" workspace_id="w3" tab_id="w3:t7"
2026-07-29T13:20:21.252483Z  INFO herdr::logging: workspace focused event="workspace.focus" subsystem="workspace" outcome="ok" workspace_id="w2"
2026-07-29T13:20:21.252602Z  INFO herdr::logging: tab focused event="tab.focus" subsystem="tab" outcome="ok" workspace_id="w2" tab_id="w2:t3"
2026-07-29T13:20:21.648766Z  INFO herdr::logging: workspace focused event="workspace.focus" subsystem="workspace" outcome="ok" workspace_id="w3"
2026-07-29T13:20:21.648925Z  INFO herdr::logging: tab focused event="tab.focus" subsystem="tab" outcome="ok" workspace_id="w3" tab_id="w3:t7"
2026-07-29T13:20:21.963643Z  INFO herdr::logging: workspace focused event="workspace.focus" subsystem="workspace" outcome="ok" workspace_id="w2"
2026-07-29T13:20:21.963813Z  INFO herdr::logging: tab focused event="tab.focus" subsystem="tab" outcome="ok" workspace_id="w2" tab_id="w2:t3"
2026-07-29T13:20:22.316020Z  INFO herdr::logging: workspace focused event="workspace.focus" subsystem="workspace" outcome="ok" workspace_id="w3"
2026-07-29T13:20:22.316295Z  INFO herdr::logging: tab focused event="tab.focus" subsystem="tab" outcome="ok" workspace_id="w3" tab_id="w3:t7"
2026-07-29T13:20:22.612647Z  INFO herdr::logging: workspace focused event="workspace.focus" subsystem="workspace" outcome="ok" workspace_id="w2"
2026-07-29T13:20:22.612811Z  INFO herdr::logging: tab focused event="tab.focus" subsystem="tab" outcome="ok" workspace_id="w2" tab_id="w2:t3"
2026-07-29T13:20:23.042165Z  INFO herdr::logging: workspace focused event="workspace.focus" subsystem="workspace" outcome="ok" workspace_id="w3"
2026-07-29T13:20:23.042319Z  INFO herdr::logging: tab focused event="tab.focus" subsystem="tab" outcome="ok" workspace_id="w3" tab_id="w3:t7"
2026-07-29T13:20:23.126261Z  INFO herdr::logging: workspace focused event="workspace.focus" subsystem="workspace" outcome="ok" workspace_id="w2"
2026-07-29T13:20:23.126442Z  INFO herdr::logging: tab focused event="tab.focus" subsystem="tab" outcome="ok" workspace_id="w2" tab_id="w2:t3"
2026-07-29T13:20:23.781217Z  INFO herdr::logging: workspace focused event="workspace.focus" subsystem="workspace" outcome="ok" workspace_id="w3"
2026-07-29T13:20:23.781393Z  INFO herdr::logging: tab focused event="tab.focus" subsystem="tab" outcome="ok" workspace_id="w3" tab_id="w3:t7"
2026-07-29T13:20:24.236591Z  INFO herdr::logging: workspace focused event="workspace.focus" subsystem="workspace" outcome="ok" workspace_id="w2"
2026-07-29T13:20:24.236699Z  INFO herdr::logging: tab focused event="tab.focus" subsystem="tab" outcome="ok" workspace_id="w2" tab_id="w2:t3"
2026-07-29T13:20:24.542871Z  INFO herdr::logging: workspace focused event="workspace.focus" subsystem="workspace" outcome="ok" workspace_id="w3"
2026-07-29T13:20:24.543012Z  INFO herdr::logging: tab focused event="tab.focus" subsystem="tab" outcome="ok" workspace_id="w3" tab_id="w3:t7"
2026-07-29T13:20:24.907522Z  INFO herdr::logging: workspace focused event="workspace.focus" subsystem="workspace" outcome="ok" workspace_id="w2"
2026-07-29T13:20:24.907749Z  INFO herdr::logging: tab focused event="tab.focus" subsystem="tab" outcome="ok" workspace_id="w2" tab_id="w2:t3"
2026-07-29T13:20:25.228996Z  INFO herdr::logging: workspace focused event="workspace.focus" subsystem="workspace" outcome="ok" workspace_id="w3"
2026-07-29T13:20:25.229194Z  INFO herdr::logging: tab focused event="tab.focus" subsystem="tab" outcome="ok" workspace_id="w3" tab_id="w3:t7"
2026-07-29T13:20:30.239211Z  INFO herdr::logging: session saved event="persist.save" subsystem="persist" outcome="ok" path=/Users/vince/.config/herdr/session.json workspaces=3
2026-07-29T13:21:27.795029Z  INFO herdr::logging: tab focused event="tab.focus" subsystem="tab" outcome="ok" workspace_id="w3" tab_id="w3:t1"
2026-07-29T13:21:32.801749Z  INFO herdr::logging: session saved event="persist.save" subsystem="persist" outcome="ok" path=/Users/vince/.config/herdr/session.json workspaces=3
2026-07-29T13:21:55.635881Z  INFO herdr::logging: tab focused event="tab.focus" subsystem="tab" outcome="ok" workspace_id="w3" tab_id="w3:t2"
2026-07-29T13:21:56.619828Z  INFO herdr::logging: tab focused event="tab.focus" subsystem="tab" outcome="ok" workspace_id="w3" tab_id="w3:t6"
2026-07-29T13:21:57.043364Z  INFO herdr::logging: tab focused event="tab.focus" subsystem="tab" outcome="ok" workspace_id="w3" tab_id="w3:t7"
2026-07-29T13:22:02.051238Z  INFO herdr::logging: session saved event="persist.save" subsystem="persist" outcome="ok" path=/Users/vince/.config/herdr/session.json workspaces=3
2026-07-29T13:24:51.008707Z  INFO herdr::logging: tab focused event="tab.focus" subsystem="tab" outcome="ok" workspace_id="w3" tab_id="w3:t1"
2026-07-29T13:24:51.546452Z  INFO herdr::logging: tab focused event="tab.focus" subsystem="tab" outcome="ok" workspace_id="w3" tab_id="w3:t2"
2026-07-29T13:24:52.361820Z  INFO herdr::logging: tab focused event="tab.focus" subsystem="tab" outcome="ok" workspace_id="w3" tab_id="w3:t1"
2026-07-29T13:24:57.384421Z  INFO herdr::logging: session saved event="persist.save" subsystem="persist" outcome="ok" path=/Users/vince/.config/herdr/session.json workspaces=3
2026-07-29T13:47:57.340715Z  INFO herdr::logging: checking for updates event="update.check.start" subsystem="update" outcome="started"
2026-07-29T14:04:17.715781Z  INFO herdr::logging: tab focused event="tab.focus" subsystem="tab" outcome="ok" workspace_id="w3" tab_id="w3:t7"
2026-07-29T14:04:22.729505Z  INFO herdr::logging: session saved event="persist.save" subsystem="persist" outcome="ok" path=/Users/vince/.config/herdr/session.json workspaces=3
2026-07-29T14:04:50.881305Z  INFO herdr::logging: tab focused event="tab.focus" subsystem="tab" outcome="ok" workspace_id="w3" tab_id="w3:t1"
2026-07-29T14:04:55.905705Z  INFO herdr::logging: session saved event="persist.save" subsystem="persist" outcome="ok" path=/Users/vince/.config/herdr/session.json workspaces=3
2026-07-29T14:04:56.573784Z  INFO herdr::logging: tab focused event="tab.focus" subsystem="tab" outcome="ok" workspace_id="w3" tab_id="w3:t7"
2026-07-29T14:05:01.582293Z  INFO herdr::logging: session saved event="persist.save" subsystem="persist" outcome="ok" path=/Users/vince/.config/herdr/session.json workspaces=3
2026-07-29T14:06:20.856220Z  INFO herdr::logging: tab focused event="tab.focus" subsystem="tab" outcome="ok" workspace_id="w3" tab_id="w3:t1"
2026-07-29T14:06:25.869208Z  INFO herdr::logging: session saved event="persist.save" subsystem="persist" outcome="ok" path=/Users/vince/.config/herdr/session.json workspaces=3
2026-07-29T14:06:26.197244Z  INFO herdr::logging: tab focused event="tab.focus" subsystem="tab" outcome="ok" workspace_id="w3" tab_id="w3:t7"
2026-07-29T14:06:31.211419Z  INFO herdr::logging: session saved event="persist.save" subsystem="persist" outcome="ok" path=/Users/vince/.config/herdr/session.json workspaces=3
2026-07-29T14:08:44.767892Z  INFO herdr::logging: tab focused event="tab.focus" subsystem="tab" outcome="ok" workspace_id="w3" tab_id="w3:t6"
2026-07-29T14:08:45.678315Z  INFO herdr::logging: tab focused event="tab.focus" subsystem="tab" outcome="ok" workspace_id="w3" tab_id="w3:t2"
2026-07-29T14:08:50.701174Z  INFO herdr::logging: session saved event="persist.save" subsystem="persist" outcome="ok" path=/Users/vince/.config/herdr/session.json workspaces=3
2026-07-29T14:11:25.502822Z  INFO herdr::logging: tab focused event="tab.focus" subsystem="tab" outcome="ok" workspace_id="w3" tab_id="w3:t7"
2026-07-29T14:11:28.410389Z  INFO herdr::logging: tab focused event="tab.focus" subsystem="tab" outcome="ok" workspace_id="w3" tab_id="w3:t2"
2026-07-29T14:11:33.428379Z  INFO herdr::logging: session saved event="persist.save" subsystem="persist" outcome="ok" path=/Users/vince/.config/herdr/session.json workspaces=3
2026-07-29T14:11:53.095276Z  INFO herdr::logging: tab focused event="tab.focus" subsystem="tab" outcome="ok" workspace_id="w3" tab_id="w3:t7"
2026-07-29T14:11:58.116119Z  INFO herdr::logging: session saved event="persist.save" subsystem="persist" outcome="ok" path=/Users/vince/.config/herdr/session.json workspaces=3
2026-07-29T14:13:45.372664Z  INFO herdr::app::actions: copied selection to clipboard
2026-07-29T14:13:46.009691Z  INFO herdr::logging: tab focused event="tab.focus" subsystem="tab" outcome="ok" workspace_id="w3" tab_id="w3:t1"
2026-07-29T14:13:48.021531Z  INFO herdr::logging: tab focused event="tab.focus" subsystem="tab" outcome="ok" workspace_id="w3" tab_id="w3:t7"
2026-07-29T14:13:53.036044Z  INFO herdr::logging: session saved event="persist.save" subsystem="persist" outcome="ok" path=/Users/vince/.config/herdr/session.json workspaces=3
2026-07-29T14:16:10.123826Z  INFO herdr::app::actions: copied selection to clipboard
2026-07-29T14:17:57.320980Z  INFO herdr::logging: checking for updates event="update.check.start" subsystem="update" outcome="started"
2026-07-29T14:18:28.646233Z  INFO herdr::logging: tab focused event="tab.focus" subsystem="tab" outcome="ok" workspace_id="w3" tab_id="w3:t1"
2026-07-29T14:18:33.659762Z  INFO herdr::logging: session saved event="persist.save" subsystem="persist" outcome="ok" path=/Users/vince/.config/herdr/session.json workspaces=3
2026-07-29T14:19:29.996592Z  INFO herdr::logging: tab focused event="tab.focus" subsystem="tab" outcome="ok" workspace_id="w3" tab_id="w3:t7"
2026-07-29T14:19:35.012478Z  INFO herdr::logging: session saved event="persist.save" subsystem="persist" outcome="ok" path=/Users/vince/.config/herdr/session.json workspaces=3
2026-07-29T14:19:47.686496Z  INFO herdr::app::actions: copied selection to clipboard
2026-07-29T14:19:49.400938Z  INFO herdr::logging: tab focused event="tab.focus" subsystem="tab" outcome="ok" workspace_id="w3" tab_id="w3:t1"
2026-07-29T14:19:54.409370Z  INFO herdr::logging: session saved event="persist.save" subsystem="persist" outcome="ok" path=/Users/vince/.config/herdr/session.json workspaces=3
2026-07-29T14:23:54.832164Z  INFO herdr::logging: tab focused event="tab.focus" subsystem="tab" outcome="ok" workspace_id="w3" tab_id="w3:t7"
2026-07-29T14:23:55.380406Z  INFO herdr::logging: workspace focused event="workspace.focus" subsystem="workspace" outcome="ok" workspace_id="w2"
2026-07-29T14:23:55.380721Z  INFO herdr::logging: tab focused event="tab.focus" subsystem="tab" outcome="ok" workspace_id="w2" tab_id="w2:t3"
2026-07-29T14:23:56.683098Z  INFO herdr::logging: workspace focused event="workspace.focus" subsystem="workspace" outcome="ok" workspace_id="w3"
2026-07-29T14:23:56.683293Z  INFO herdr::logging: tab focused event="tab.focus" subsystem="tab" outcome="ok" workspace_id="w3" tab_id="w3:t7"
2026-07-29T14:24:01.693501Z  INFO herdr::logging: session saved event="persist.save" subsystem="persist" outcome="ok" path=/Users/vince/.config/herdr/session.json workspaces=3
2026-07-29T14:26:16.507998Z  INFO herdr::logging: api request received event="api.request.start" subsystem="api" outcome="started" request_id="cli:tab:focus" method="tab.focus" changes_ui=true
2026-07-29T14:26:16.508286Z  INFO herdr::logging: tab focused event="tab.focus" subsystem="tab" outcome="ok" workspace_id="w3" tab_id="w3:t1"
2026-07-29T14:26:16.508343Z  INFO herdr::logging: api request completed event="api.request.complete" subsystem="api" outcome="ok" request_id="cli:tab:focus" method="tab.focus"
2026-07-29T14:26:21.515920Z  INFO herdr::logging: session saved event="persist.save" subsystem="persist" outcome="ok" path=/Users/vince/.config/herdr/session.json workspaces=3
2026-07-29T14:27:02.075405Z  INFO herdr::logging: api request received event="api.request.start" subsystem="api" outcome="started" request_id="cli:tab:focus" method="tab.focus" changes_ui=true
2026-07-29T14:27:02.075711Z  INFO herdr::logging: tab focused event="tab.focus" subsystem="tab" outcome="ok" workspace_id="w3" tab_id="w3:t2"
2026-07-29T14:27:02.075769Z  INFO herdr::logging: api request completed event="api.request.complete" subsystem="api" outcome="ok" request_id="cli:tab:focus" method="tab.focus"
2026-07-29T14:27:02.827521Z  INFO herdr::logging: api request received event="api.request.start" subsystem="api" outcome="started" request_id="cli:tab:focus" method="tab.focus" changes_ui=true
2026-07-29T14:27:02.827608Z  INFO herdr::logging: tab focused event="tab.focus" subsystem="tab" outcome="ok" workspace_id="w3" tab_id="w3:t1"
2026-07-29T14:27:02.827654Z  INFO herdr::logging: api request completed event="api.request.complete" subsystem="api" outcome="ok" request_id="cli:tab:focus" method="tab.focus"
2026-07-29T14:27:07.837895Z  INFO herdr::logging: session saved event="persist.save" subsystem="persist" outcome="ok" path=/Users/vince/.config/herdr/session.json workspaces=3
2026-07-29T14:27:33.347676Z  INFO herdr::logging: api request received event="api.request.start" subsystem="api" outcome="started" request_id="cli:tab:focus" method="tab.focus" changes_ui=true
2026-07-29T14:27:33.347983Z  INFO herdr::logging: tab focused event="tab.focus" subsystem="tab" outcome="ok" workspace_id="w3" tab_id="w3:t2"
2026-07-29T14:27:33.348019Z  INFO herdr::logging: api request completed event="api.request.complete" subsystem="api" outcome="ok" request_id="cli:tab:focus" method="tab.focus"
2026-07-29T14:27:34.435437Z  INFO herdr::logging: api request received event="api.request.start" subsystem="api" outcome="started" request_id="cli:tab:focus" method="tab.focus" changes_ui=true
2026-07-29T14:27:34.435594Z  INFO herdr::logging: tab focused event="tab.focus" subsystem="tab" outcome="ok" workspace_id="w3" tab_id="w3:t7"
2026-07-29T14:27:34.435651Z  INFO herdr::logging: api request completed event="api.request.complete" subsystem="api" outcome="ok" request_id="cli:tab:focus" method="tab.focus"
2026-07-29T14:27:39.449626Z  INFO herdr::logging: session saved event="persist.save" subsystem="persist" outcome="ok" path=/Users/vince/.config/herdr/session.json workspaces=3
2026-07-29T14:30:52.520361Z  INFO herdr::logging: tab focused event="tab.focus" subsystem="tab" outcome="ok" workspace_id="w3" tab_id="w3:t1"
2026-07-29T14:30:57.535418Z  INFO herdr::logging: session saved event="persist.save" subsystem="persist" outcome="ok" path=/Users/vince/.config/herdr/session.json workspaces=3
2026-07-29T14:31:13.578519Z  INFO herdr::logging: tab focused event="tab.focus" subsystem="tab" outcome="ok" workspace_id="w3" tab_id="w3:t7"
2026-07-29T14:31:18.590239Z  INFO herdr::logging: session saved event="persist.save" subsystem="persist" outcome="ok" path=/Users/vince/.config/herdr/session.json workspaces=3
2026-07-29T14:31:22.576842Z  INFO herdr::logging: tab focused event="tab.focus" subsystem="tab" outcome="ok" workspace_id="w3" tab_id="w3:t1"
2026-07-29T14:31:27.587954Z  INFO herdr::logging: session saved event="persist.save" subsystem="persist" outcome="ok" path=/Users/vince/.config/herdr/session.json workspaces=3
2026-07-29T14:33:20.092687Z  INFO herdr::logging: tab focused event="tab.focus" subsystem="tab" outcome="ok" workspace_id="w3" tab_id="w3:t7"
2026-07-29T14:33:25.105163Z  INFO herdr::logging: session saved event="persist.save" subsystem="persist" outcome="ok" path=/Users/vince/.config/herdr/session.json workspaces=3
2026-07-29T14:33:32.561998Z  INFO herdr::logging: tab focused event="tab.focus" subsystem="tab" outcome="ok" workspace_id="w3" tab_id="w3:t1"
2026-07-29T14:33:33.560972Z  INFO herdr::logging: tab focused event="tab.focus" subsystem="tab" outcome="ok" workspace_id="w3" tab_id="w3:t2"
2026-07-29T14:33:34.046605Z  INFO herdr::logging: tab focused event="tab.focus" subsystem="tab" outcome="ok" workspace_id="w3" tab_id="w3:t6"
2026-07-29T14:33:34.628448Z  INFO herdr::logging: tab focused event="tab.focus" subsystem="tab" outcome="ok" workspace_id="w3" tab_id="w3:t7"
2026-07-29T14:33:36.921652Z  INFO herdr::logging: tab focused event="tab.focus" subsystem="tab" outcome="ok" workspace_id="w3" tab_id="w3:t1"
2026-07-29T14:33:41.929650Z  INFO herdr::logging: session saved event="persist.save" subsystem="persist" outcome="ok" path=/Users/vince/.config/herdr/session.json workspaces=3
2026-07-29T14:33:43.052797Z  INFO herdr::logging: api request received event="api.request.start" subsystem="api" outcome="started" request_id="cli:tab:focus" method="tab.focus" changes_ui=true
2026-07-29T14:33:43.052886Z  INFO herdr::logging: tab focused event="tab.focus" subsystem="tab" outcome="ok" workspace_id="w3" tab_id="w3:t6"
2026-07-29T14:33:43.052917Z  INFO herdr::logging: api request completed event="api.request.complete" subsystem="api" outcome="ok" request_id="cli:tab:focus" method="tab.focus"
2026-07-29T14:33:43.540733Z  INFO herdr::logging: api request received event="api.request.start" subsystem="api" outcome="started" request_id="cli:tab:focus" method="tab.focus" changes_ui=true
2026-07-29T14:33:43.540832Z  INFO herdr::logging: tab focused event="tab.focus" subsystem="tab" outcome="ok" workspace_id="w3" tab_id="w3:t1"
2026-07-29T14:33:43.540877Z  INFO herdr::logging: api request completed event="api.request.complete" subsystem="api" outcome="ok" request_id="cli:tab:focus" method="tab.focus"
2026-07-29T14:33:48.546011Z  INFO herdr::logging: session saved event="persist.save" subsystem="persist" outcome="ok" path=/Users/vince/.config/herdr/session.json workspaces=3
2026-07-29T14:39:19.642640Z  INFO herdr::logging: tab focused event="tab.focus" subsystem="tab" outcome="ok" workspace_id="w3" tab_id="w3:t7"
2026-07-29T14:39:24.658824Z  INFO herdr::logging: session saved event="persist.save" subsystem="persist" outcome="ok" path=/Users/vince/.config/herdr/session.json workspaces=3
2026-07-29T14:40:24.778140Z  INFO herdr::logging: tab focused event="tab.focus" subsystem="tab" outcome="ok" workspace_id="w3" tab_id="w3:t1"
2026-07-29T14:40:29.787867Z  INFO herdr::logging: session saved event="persist.save" subsystem="persist" outcome="ok" path=/Users/vince/.config/herdr/session.json workspaces=3
2026-07-29T14:40:48.168798Z  INFO herdr::logging: tab focused event="tab.focus" subsystem="tab" outcome="ok" workspace_id="w3" tab_id="w3:t7"
2026-07-29T14:40:53.181033Z  INFO herdr::logging: session saved event="persist.save" subsystem="persist" outcome="ok" path=/Users/vince/.config/herdr/session.json workspaces=3
2026-07-29T14:41:07.806155Z  INFO herdr::logging: tab focused event="tab.focus" subsystem="tab" outcome="ok" workspace_id="w3" tab_id="w3:t1"
2026-07-29T14:41:12.818504Z  INFO herdr::logging: session saved event="persist.save" subsystem="persist" outcome="ok" path=/Users/vince/.config/herdr/session.json workspaces=3
2026-07-29T14:41:32.369476Z  INFO herdr::logging: tab focused event="tab.focus" subsystem="tab" outcome="ok" workspace_id="w3" tab_id="w3:t7"
2026-07-29T14:41:37.378317Z  INFO herdr::logging: session saved event="persist.save" subsystem="persist" outcome="ok" path=/Users/vince/.config/herdr/session.json workspaces=3
2026-07-29T14:42:12.172509Z  INFO herdr::logging: tab focused event="tab.focus" subsystem="tab" outcome="ok" workspace_id="w3" tab_id="w3:t1"
2026-07-29T14:42:13.296444Z  INFO herdr::logging: tab focused event="tab.focus" subsystem="tab" outcome="ok" workspace_id="w3" tab_id="w3:t7"
2026-07-29T14:42:16.859298Z  INFO herdr::logging: tab focused event="tab.focus" subsystem="tab" outcome="ok" workspace_id="w3" tab_id="w3:t2"
2026-07-29T14:42:17.837274Z  INFO herdr::logging: tab focused event="tab.focus" subsystem="tab" outcome="ok" workspace_id="w3" tab_id="w3:t1"
2026-07-29T14:42:22.849356Z  INFO herdr::logging: session saved event="persist.save" subsystem="persist" outcome="ok" path=/Users/vince/.config/herdr/session.json workspaces=3
2026-07-29T14:42:41.270791Z  INFO herdr::logging: api request received event="api.request.start" subsystem="api" outcome="started" request_id="cli:tab:focus" method="tab.focus" changes_ui=true
2026-07-29T14:42:41.271107Z  INFO herdr::logging: tab focused event="tab.focus" subsystem="tab" outcome="ok" workspace_id="w3" tab_id="w3:t6"
2026-07-29T14:42:41.271152Z  INFO herdr::logging: api request completed event="api.request.complete" subsystem="api" outcome="ok" request_id="cli:tab:focus" method="tab.focus"
2026-07-29T14:42:41.472533Z  INFO herdr::logging: api request received event="api.request.start" subsystem="api" outcome="started" request_id="cli:tab:focus" method="tab.focus" changes_ui=true
2026-07-29T14:42:41.472638Z  INFO herdr::logging: tab focused event="tab.focus" subsystem="tab" outcome="ok" workspace_id="w3" tab_id="w3:t7"
2026-07-29T14:42:41.472675Z  INFO herdr::logging: api request completed event="api.request.complete" subsystem="api" outcome="ok" request_id="cli:tab:focus" method="tab.focus"
2026-07-29T14:42:46.481843Z  INFO herdr::logging: session saved event="persist.save" subsystem="persist" outcome="ok" path=/Users/vince/.config/herdr/session.json workspaces=3
2026-07-29T14:42:51.766744Z  INFO herdr::app::actions: copied selection to clipboard
2026-07-29T14:42:54.141838Z  INFO herdr::app::actions: copied selection to clipboard
2026-07-29T14:42:56.297471Z  INFO herdr::app::actions: copied selection to clipboard
2026-07-29T14:43:00.540940Z  INFO herdr::app::actions: copied selection to clipboard
2026-07-29T14:43:01.499999Z  INFO herdr::logging: tab focused event="tab.focus" subsystem="tab" outcome="ok" workspace_id="w3" tab_id="w3:t1"
2026-07-29T14:43:06.512986Z  INFO herdr::logging: session saved event="persist.save" subsystem="persist" outcome="ok" path=/Users/vince/.config/herdr/session.json workspaces=3
2026-07-29T14:44:25.997903Z  INFO herdr::logging: tab focused event="tab.focus" subsystem="tab" outcome="ok" workspace_id="w3" tab_id="w3:t7"
2026-07-29T14:44:30.649344Z  INFO herdr::app::actions: copied selection to clipboard
2026-07-29T14:44:31.004913Z  INFO herdr::logging: session saved event="persist.save" subsystem="persist" outcome="ok" path=/Users/vince/.config/herdr/session.json workspaces=3
2026-07-29T14:44:32.095058Z  INFO herdr::logging: tab focused event="tab.focus" subsystem="tab" outcome="ok" workspace_id="w3" tab_id="w3:t1"
2026-07-29T14:44:37.105343Z  INFO herdr::logging: session saved event="persist.save" subsystem="persist" outcome="ok" path=/Users/vince/.config/herdr/session.json workspaces=3
2026-07-29T14:45:12.730003Z  INFO herdr::logging: tab focused event="tab.focus" subsystem="tab" outcome="ok" workspace_id="w3" tab_id="w3:t7"
2026-07-29T14:45:17.744255Z  INFO herdr::logging: session saved event="persist.save" subsystem="persist" outcome="ok" path=/Users/vince/.config/herdr/session.json workspaces=3
2026-07-29T14:46:12.212719Z  INFO herdr::app::actions: copied selection to clipboard
2026-07-29T14:46:35.786317Z  INFO herdr::app::actions: copied selection to clipboard
2026-07-29T14:46:43.984135Z  INFO herdr::app::actions: copied selection to clipboard
2026-07-29T14:46:46.773978Z  INFO herdr::app::actions: copied selection to clipboard
2026-07-29T14:46:50.826895Z  INFO herdr::logging: tab focused event="tab.focus" subsystem="tab" outcome="ok" workspace_id="w3" tab_id="w3:t1"
2026-07-29T14:46:55.836289Z  INFO herdr::logging: session saved event="persist.save" subsystem="persist" outcome="ok" path=/Users/vince/.config/herdr/session.json workspaces=3
2026-07-29T14:47:57.342386Z  INFO herdr::logging: checking for updates event="update.check.start" subsystem="update" outcome="started"
2026-07-29T14:49:54.426018Z  INFO herdr::logging: api request received event="api.request.start" subsystem="api" outcome="started" request_id="cli:tab:focus" method="tab.focus" changes_ui=true
2026-07-29T14:49:54.426311Z  INFO herdr::logging: tab focused event="tab.focus" subsystem="tab" outcome="ok" workspace_id="w3" tab_id="w3:t7"
2026-07-29T14:49:54.426348Z  INFO herdr::logging: api request completed event="api.request.complete" subsystem="api" outcome="ok" request_id="cli:tab:focus" method="tab.focus"
2026-07-29T14:49:59.434249Z  INFO herdr::logging: session saved event="persist.save" subsystem="persist" outcome="ok" path=/Users/vince/.config/herdr/session.json workspaces=3
2026-07-29T14:50:04.466420Z  INFO herdr::logging: tab focused event="tab.focus" subsystem="tab" outcome="ok" workspace_id="w3" tab_id="w3:t1"
2026-07-29T14:50:09.478355Z  INFO herdr::logging: session saved event="persist.save" subsystem="persist" outcome="ok" path=/Users/vince/.config/herdr/session.json workspaces=3
2026-07-29T14:54:20.364684Z  INFO herdr::logging: workspace focused event="workspace.focus" subsystem="workspace" outcome="ok" workspace_id="w9"
2026-07-29T14:54:20.365481Z  INFO herdr::logging: tab focused event="tab.focus" subsystem="tab" outcome="ok" workspace_id="w9" tab_id="w9:t2"
2026-07-29T14:54:25.392900Z  INFO herdr::logging: session saved event="persist.save" subsystem="persist" outcome="ok" path=/Users/vince/.config/herdr/session.json workspaces=3
2026-07-29T14:58:17.804490Z  INFO herdr::logging: workspace focused event="workspace.focus" subsystem="workspace" outcome="ok" workspace_id="w3"
2026-07-29T14:58:17.805898Z  INFO herdr::logging: tab focused event="tab.focus" subsystem="tab" outcome="ok" workspace_id="w3" tab_id="w3:t1"
2026-07-29T14:58:19.094581Z  INFO herdr::logging: tab focused event="tab.focus" subsystem="tab" outcome="ok" workspace_id="w3" tab_id="w3:t7"
2026-07-29T14:58:24.108781Z  INFO herdr::logging: session saved event="persist.save" subsystem="persist" outcome="ok" path=/Users/vince/.config/herdr/session.json workspaces=3
2026-07-29T14:59:45.145023Z  INFO herdr::logging: tab focused event="tab.focus" subsystem="tab" outcome="ok" workspace_id="w3" tab_id="w3:t1"
2026-07-29T14:59:50.156600Z  INFO herdr::logging: session saved event="persist.save" subsystem="persist" outcome="ok" path=/Users/vince/.config/herdr/session.json workspaces=3
2026-07-29T14:59:52.612645Z  INFO herdr::logging: tab focused event="tab.focus" subsystem="tab" outcome="ok" workspace_id="w3" tab_id="w3:t7"
2026-07-29T14:59:53.062320Z  INFO herdr::logging: workspace focused event="workspace.focus" subsystem="workspace" outcome="ok" workspace_id="w2"
2026-07-29T14:59:53.062418Z  INFO herdr::logging: tab focused event="tab.focus" subsystem="tab" outcome="ok" workspace_id="w2" tab_id="w2:t3"
2026-07-29T14:59:54.200194Z  INFO herdr::logging: workspace focused event="workspace.focus" subsystem="workspace" outcome="ok" workspace_id="w3"
2026-07-29T14:59:54.200302Z  INFO herdr::logging: tab focused event="tab.focus" subsystem="tab" outcome="ok" workspace_id="w3" tab_id="w3:t7"
2026-07-29T14:59:57.148974Z  INFO herdr::logging: tab focused event="tab.focus" subsystem="tab" outcome="ok" workspace_id="w3" tab_id="w3:t1"
2026-07-29T15:00:02.156610Z  INFO herdr::logging: session saved event="persist.save" subsystem="persist" outcome="ok" path=/Users/vince/.config/herdr/session.json workspaces=3
2026-07-29T15:16:31.738412Z  INFO herdr::logging: tab focused event="tab.focus" subsystem="tab" outcome="ok" workspace_id="w3" tab_id="w3:t7"
2026-07-29T15:16:36.748534Z  INFO herdr::logging: session saved event="persist.save" subsystem="persist" outcome="ok" path=/Users/vince/.config/herdr/session.json workspaces=3
2026-07-29T15:17:57.353423Z  INFO herdr::logging: checking for updates event="update.check.start" subsystem="update" outcome="started"
2026-07-29T15:24:05.274283Z  INFO herdr::logging: tab focused event="tab.focus" subsystem="tab" outcome="ok" workspace_id="w3" tab_id="w3:t1"
2026-07-29T15:24:10.281267Z  INFO herdr::logging: session saved event="persist.save" subsystem="persist" outcome="ok" path=/Users/vince/.config/herdr/session.json workspaces=3
2026-07-29T15:24:32.888103Z  INFO herdr::logging: tab focused event="tab.focus" subsystem="tab" outcome="ok" workspace_id="w3" tab_id="w3:t7"
2026-07-29T15:24:37.901985Z  INFO herdr::logging: session saved event="persist.save" subsystem="persist" outcome="ok" path=/Users/vince/.config/herdr/session.json workspaces=3
2026-07-29T15:25:07.079896Z  INFO herdr::app::actions: copied selection to clipboard
2026-07-29T15:25:07.868502Z  INFO herdr::logging: tab focused event="tab.focus" subsystem="tab" outcome="ok" workspace_id="w3" tab_id="w3:t1"
2026-07-29T15:25:12.875513Z  INFO herdr::logging: session saved event="persist.save" subsystem="persist" outcome="ok" path=/Users/vince/.config/herdr/session.json workspaces=3
2026-07-29T15:25:45.138736Z  INFO herdr::logging: tab focused event="tab.focus" subsystem="tab" outcome="ok" workspace_id="w3" tab_id="w3:t7"
2026-07-29T15:25:46.555326Z  INFO herdr::logging: tab focused event="tab.focus" subsystem="tab" outcome="ok" workspace_id="w3" tab_id="w3:t6"
2026-07-29T15:25:47.016278Z  INFO herdr::logging: tab focused event="tab.focus" subsystem="tab" outcome="ok" workspace_id="w3" tab_id="w3:t7"
2026-07-29T15:25:52.028303Z  INFO herdr::logging: session saved event="persist.save" subsystem="persist" outcome="ok" path=/Users/vince/.config/herdr/session.json workspaces=3
2026-07-29T15:25:52.212955Z  INFO herdr::app::actions: copied selection to clipboard
2026-07-29T15:25:53.090071Z  INFO herdr::logging: tab focused event="tab.focus" subsystem="tab" outcome="ok" workspace_id="w3" tab_id="w3:t6"
2026-07-29T15:25:53.543770Z  INFO herdr::logging: tab focused event="tab.focus" subsystem="tab" outcome="ok" workspace_id="w3" tab_id="w3:t2"
2026-07-29T15:25:53.884789Z  INFO herdr::logging: tab focused event="tab.focus" subsystem="tab" outcome="ok" workspace_id="w3" tab_id="w3:t1"
2026-07-29T15:25:58.899947Z  INFO herdr::logging: session saved event="persist.save" subsystem="persist" outcome="ok" path=/Users/vince/.config/herdr/session.json workspaces=3
2026-07-29T15:38:58.877961Z  INFO herdr::logging: tab focused event="tab.focus" subsystem="tab" outcome="ok" workspace_id="w3" tab_id="w3:t7"
2026-07-29T15:39:03.895360Z  INFO herdr::logging: session saved event="persist.save" subsystem="persist" outcome="ok" path=/Users/vince/.config/herdr/session.json workspaces=3
2026-07-29T15:39:13.372556Z  INFO herdr::logging: tab focused event="tab.focus" subsystem="tab" outcome="ok" workspace_id="w3" tab_id="w3:t1"
2026-07-29T15:39:18.380947Z  INFO herdr::logging: session saved event="persist.save" subsystem="persist" outcome="ok" path=/Users/vince/.config/herdr/session.json workspaces=3
2026-07-29T15:39:26.810307Z  INFO herdr::logging: tab focused event="tab.focus" subsystem="tab" outcome="ok" workspace_id="w3" tab_id="w3:t7"
2026-07-29T15:39:31.818791Z  INFO herdr::logging: session saved event="persist.save" subsystem="persist" outcome="ok" path=/Users/vince/.config/herdr/session.json workspaces=3
2026-07-29T15:47:57.360353Z  INFO herdr::logging: checking for updates event="update.check.start" subsystem="update" outcome="started"
2026-07-29T15:52:24.046778Z  INFO herdr::logging: workspace focused event="workspace.focus" subsystem="workspace" outcome="ok" workspace_id="w9"
2026-07-29T15:52:24.047635Z  INFO herdr::logging: tab focused event="tab.focus" subsystem="tab" outcome="ok" workspace_id="w9" tab_id="w9:t2"
2026-07-29T15:52:29.020565Z  INFO herdr::logging: workspace focused event="workspace.focus" subsystem="workspace" outcome="ok" workspace_id="w2"
2026-07-29T15:52:29.020677Z  INFO herdr::logging: tab focused event="tab.focus" subsystem="tab" outcome="ok" workspace_id="w2" tab_id="w2:t3"
2026-07-29T15:52:29.906115Z  INFO herdr::logging: workspace focused event="workspace.focus" subsystem="workspace" outcome="ok" workspace_id="w3"
2026-07-29T15:52:29.906219Z  INFO herdr::logging: tab focused event="tab.focus" subsystem="tab" outcome="ok" workspace_id="w3" tab_id="w3:t7"
2026-07-29T15:52:34.917974Z  INFO herdr::logging: session saved event="persist.save" subsystem="persist" outcome="ok" path=/Users/vince/.config/herdr/session.json workspaces=3
2026-07-29T15:52:36.754335Z  INFO herdr::logging: workspace focused event="workspace.focus" subsystem="workspace" outcome="ok" workspace_id="w9"
2026-07-29T15:52:36.754445Z  INFO herdr::logging: tab focused event="tab.focus" subsystem="tab" outcome="ok" workspace_id="w9" tab_id="w9:t2"
2026-07-29T15:52:38.226473Z  INFO herdr::logging: api request received event="api.request.start" subsystem="api" outcome="started" request_id="cli:tab:focus" method="tab.focus" changes_ui=true
2026-07-29T15:52:38.226573Z  INFO herdr::logging: tab focused event="tab.focus" subsystem="tab" outcome="ok" workspace_id="w9" tab_id="w9:t1"
2026-07-29T15:52:38.226623Z  INFO herdr::logging: api request completed event="api.request.complete" subsystem="api" outcome="ok" request_id="cli:tab:focus" method="tab.focus"
2026-07-29T15:52:43.235524Z  INFO herdr::logging: session saved event="persist.save" subsystem="persist" outcome="ok" path=/Users/vince/.config/herdr/session.json workspaces=3
2026-07-29T15:53:00.521940Z  INFO herdr::logging: tab focused event="tab.focus" subsystem="tab" outcome="ok" workspace_id="w9" tab_id="w9:t2"
2026-07-29T15:53:01.312942Z  INFO herdr::logging: tab focused event="tab.focus" subsystem="tab" outcome="ok" workspace_id="w9" tab_id="w9:tA"
2026-07-29T15:53:06.341924Z  INFO herdr::logging: session saved event="persist.save" subsystem="persist" outcome="ok" path=/Users/vince/.config/herdr/session.json workspaces=3
2026-07-29T16:17:57.369668Z  INFO herdr::logging: checking for updates event="update.check.start" subsystem="update" outcome="started"
2026-07-29T16:37:19.092665Z  INFO herdr::logging: workspace focused event="workspace.focus" subsystem="workspace" outcome="ok" workspace_id="w3"
2026-07-29T16:37:19.093323Z  INFO herdr::logging: tab focused event="tab.focus" subsystem="tab" outcome="ok" workspace_id="w3" tab_id="w3:t7"
2026-07-29T16:37:24.106353Z  INFO herdr::logging: session saved event="persist.save" subsystem="persist" outcome="ok" path=/Users/vince/.config/herdr/session.json workspaces=3
2026-07-29T16:37:25.145079Z  INFO herdr::logging: tab focused event="tab.focus" subsystem="tab" outcome="ok" workspace_id="w3" tab_id="w3:t1"
2026-07-29T16:37:30.153757Z  INFO herdr::logging: session saved event="persist.save" subsystem="persist" outcome="ok" path=/Users/vince/.config/herdr/session.json workspaces=3
2026-07-29T16:37:53.108643Z  INFO herdr::logging: workspace focused event="workspace.focus" subsystem="workspace" outcome="ok" workspace_id="w9"
2026-07-29T16:37:53.110112Z  INFO herdr::logging: tab focused event="tab.focus" subsystem="tab" outcome="ok" workspace_id="w9" tab_id="w9:tA"
2026-07-29T16:37:56.233263Z  INFO herdr::logging: workspace focused event="workspace.focus" subsystem="workspace" outcome="ok" workspace_id="w3"
2026-07-29T16:37:56.233609Z  INFO herdr::logging: tab focused event="tab.focus" subsystem="tab" outcome="ok" workspace_id="w3" tab_id="w3:t1"
2026-07-29T16:38:01.241453Z  INFO herdr::logging: session saved event="persist.save" subsystem="persist" outcome="ok" path=/Users/vince/.config/herdr/session.json workspaces=3
2026-07-29T16:43:20.414636Z  INFO herdr::logging: tab focused event="tab.focus" subsystem="tab" outcome="ok" workspace_id="w3" tab_id="w3:t7"
2026-07-29T16:43:25.422638Z  INFO herdr::logging: session saved event="persist.save" subsystem="persist" outcome="ok" path=/Users/vince/.config/herdr/session.json workspaces=3
2026-07-29T16:43:34.220083Z  INFO herdr::logging: tab focused event="tab.focus" subsystem="tab" outcome="ok" workspace_id="w3" tab_id="w3:t1"
2026-07-29T16:43:39.236917Z  INFO herdr::logging: session saved event="persist.save" subsystem="persist" outcome="ok" path=/Users/vince/.config/herdr/session.json workspaces=3
2026-07-29T16:47:57.365186Z  INFO herdr::logging: checking for updates event="update.check.start" subsystem="update" outcome="started"
2026-07-29T16:52:06.627997Z  INFO herdr::logging: tab focused event="tab.focus" subsystem="tab" outcome="ok" workspace_id="w3" tab_id="w3:t7"
2026-07-29T16:52:11.642315Z  INFO herdr::logging: session saved event="persist.save" subsystem="persist" outcome="ok" path=/Users/vince/.config/herdr/session.json workspaces=3
2026-07-29T17:03:33.808902Z  INFO herdr::logging: workspace focused event="workspace.focus" subsystem="workspace" outcome="ok" workspace_id="w9"
2026-07-29T17:03:33.810932Z  INFO herdr::logging: tab focused event="tab.focus" subsystem="tab" outcome="ok" workspace_id="w9" tab_id="w9:tA"
2026-07-29T17:03:34.963984Z  INFO herdr::logging: tab focused event="tab.focus" subsystem="tab" outcome="ok" workspace_id="w9" tab_id="w9:t2"
2026-07-29T17:03:39.988155Z  INFO herdr::logging: session saved event="persist.save" subsystem="persist" outcome="ok" path=/Users/vince/.config/herdr/session.json workspaces=3
2026-07-29T17:04:29.939241Z  INFO herdr::logging: tab focused event="tab.focus" subsystem="tab" outcome="ok" workspace_id="w9" tab_id="w9:tA"
2026-07-29T17:04:32.132387Z  INFO herdr::logging: tab focused event="tab.focus" subsystem="tab" outcome="ok" workspace_id="w9" tab_id="w9:t3"
2026-07-29T17:04:37.141466Z  INFO herdr::logging: session saved event="persist.save" subsystem="persist" outcome="ok" path=/Users/vince/.config/herdr/session.json workspaces=3
2026-07-29T17:13:15.433176Z  INFO herdr::server::headless: client resize client_id=26 cols=142 rows=47 cell_width_px=0 cell_height_px=0
2026-07-29T17:32:24.541570Z  INFO herdr::server::headless: client resize client_id=26 cols=142 rows=48 cell_width_px=0 cell_height_px=0
2026-07-29T17:33:49.337947Z  INFO herdr::logging: checking for updates event="update.check.start" subsystem="update" outcome="started"
2026-07-29T17:34:22.181867Z  INFO herdr::logging: workspace focused event="workspace.focus" subsystem="workspace" outcome="ok" workspace_id="w3"
2026-07-29T17:34:22.182324Z  INFO herdr::logging: tab focused event="tab.focus" subsystem="tab" outcome="ok" workspace_id="w3" tab_id="w3:t7"
2026-07-29T17:34:24.655084Z  INFO herdr::logging: workspace focused event="workspace.focus" subsystem="workspace" outcome="ok" workspace_id="w2"
2026-07-29T17:34:24.655210Z  INFO herdr::logging: tab focused event="tab.focus" subsystem="tab" outcome="ok" workspace_id="w2" tab_id="w2:t3"
2026-07-29T17:34:25.765572Z  INFO herdr::logging: workspace focused event="workspace.focus" subsystem="workspace" outcome="ok" workspace_id="w3"
2026-07-29T17:34:25.765693Z  INFO herdr::logging: tab focused event="tab.focus" subsystem="tab" outcome="ok" workspace_id="w3" tab_id="w3:t7"
2026-07-29T17:34:27.447318Z  INFO herdr::logging: api request received event="api.request.start" subsystem="api" outcome="started" request_id="cli:tab:focus" method="tab.focus" changes_ui=true
2026-07-29T17:34:27.447410Z  INFO herdr::logging: tab focused event="tab.focus" subsystem="tab" outcome="ok" workspace_id="w3" tab_id="w3:t1"
2026-07-29T17:34:27.447442Z  INFO herdr::logging: api request completed event="api.request.complete" subsystem="api" outcome="ok" request_id="cli:tab:focus" method="tab.focus"
2026-07-29T17:34:32.088488Z  INFO herdr::logging: api request received event="api.request.start" subsystem="api" outcome="started" request_id="cli:tab:focus" method="tab.focus" changes_ui=true
2026-07-29T17:34:32.088586Z  INFO herdr::logging: tab focused event="tab.focus" subsystem="tab" outcome="ok" workspace_id="w3" tab_id="w3:t7"
2026-07-29T17:34:32.088625Z  INFO herdr::logging: api request completed event="api.request.complete" subsystem="api" outcome="ok" request_id="cli:tab:focus" method="tab.focus"
2026-07-29T17:34:37.098283Z  INFO herdr::logging: session saved event="persist.save" subsystem="persist" outcome="ok" path=/Users/vince/.config/herdr/session.json workspaces=3
2026-07-29T17:35:24.399096Z  INFO herdr::logging: api request received event="api.request.start" subsystem="api" outcome="started" request_id="cli:tab:focus" method="tab.focus" changes_ui=true
2026-07-29T17:35:24.399208Z  INFO herdr::logging: tab focused event="tab.focus" subsystem="tab" outcome="ok" workspace_id="w3" tab_id="w3:t1"
2026-07-29T17:35:24.399245Z  INFO herdr::logging: api request completed event="api.request.complete" subsystem="api" outcome="ok" request_id="cli:tab:focus" method="tab.focus"
2026-07-29T17:35:29.402197Z  INFO herdr::logging: session saved event="persist.save" subsystem="persist" outcome="ok" path=/Users/vince/.config/herdr/session.json workspaces=3
2026-07-29T17:37:49.913541Z  INFO herdr::logging: tab focused event="tab.focus" subsystem="tab" outcome="ok" workspace_id="w3" tab_id="w3:t7"
2026-07-29T17:37:50.564617Z  INFO herdr::logging: workspace focused event="workspace.focus" subsystem="workspace" outcome="ok" workspace_id="w2"
2026-07-29T17:37:50.564733Z  INFO herdr::logging: tab focused event="tab.focus" subsystem="tab" outcome="ok" workspace_id="w2" tab_id="w2:t3"
2026-07-29T17:37:50.947898Z  INFO herdr::logging: workspace focused event="workspace.focus" subsystem="workspace" outcome="ok" workspace_id="w3"
2026-07-29T17:37:50.948461Z  INFO herdr::logging: tab focused event="tab.focus" subsystem="tab" outcome="ok" workspace_id="w3" tab_id="w3:t7"
2026-07-29T17:37:52.438037Z  INFO herdr::logging: api request received event="api.request.start" subsystem="api" outcome="started" request_id="cli:tab:focus" method="tab.focus" changes_ui=true
2026-07-29T17:37:52.438152Z  INFO herdr::logging: tab focused event="tab.focus" subsystem="tab" outcome="ok" workspace_id="w3" tab_id="w3:t2"
2026-07-29T17:37:52.438196Z  INFO herdr::logging: api request completed event="api.request.complete" subsystem="api" outcome="ok" request_id="cli:tab:focus" method="tab.focus"
2026-07-29T17:37:57.448741Z  INFO herdr::logging: session saved event="persist.save" subsystem="persist" outcome="ok" path=/Users/vince/.config/herdr/session.json workspaces=3
2026-07-29T17:38:23.354852Z  INFO herdr::logging: workspace focused event="workspace.focus" subsystem="workspace" outcome="ok" workspace_id="w2"
2026-07-29T17:38:23.355011Z  INFO herdr::logging: tab focused event="tab.focus" subsystem="tab" outcome="ok" workspace_id="w2" tab_id="w2:t3"
2026-07-29T17:38:24.285803Z  INFO herdr::logging: workspace focused event="workspace.focus" subsystem="workspace" outcome="ok" workspace_id="w3"
2026-07-29T17:38:24.286069Z  INFO herdr::logging: tab focused event="tab.focus" subsystem="tab" outcome="ok" workspace_id="w3" tab_id="w3:t7"
2026-07-29T17:38:26.124684Z  INFO herdr::logging: tab focused event="tab.focus" subsystem="tab" outcome="ok" workspace_id="w3" tab_id="w3:t1"
2026-07-29T17:38:31.140085Z  INFO herdr::logging: session saved event="persist.save" subsystem="persist" outcome="ok" path=/Users/vince/.config/herdr/session.json workspaces=3
2026-07-29T17:38:51.135449Z  INFO herdr::logging: api request received event="api.request.start" subsystem="api" outcome="started" request_id="cli:tab:focus" method="tab.focus" changes_ui=true
2026-07-29T17:38:51.135544Z  INFO herdr::logging: tab focused event="tab.focus" subsystem="tab" outcome="ok" workspace_id="w3" tab_id="w3:t2"
2026-07-29T17:38:51.135574Z  INFO herdr::logging: api request completed event="api.request.complete" subsystem="api" outcome="ok" request_id="cli:tab:focus" method="tab.focus"
2026-07-29T17:38:56.140643Z  INFO herdr::logging: session saved event="persist.save" subsystem="persist" outcome="ok" path=/Users/vince/.config/herdr/session.json workspaces=3
2026-07-29T17:38:56.667621Z  INFO herdr::logging: api request received event="api.request.start" subsystem="api" outcome="started" request_id="cli:tab:focus" method="tab.focus" changes_ui=true
2026-07-29T17:38:56.667726Z  INFO herdr::logging: tab focused event="tab.focus" subsystem="tab" outcome="ok" workspace_id="w3" tab_id="w3:t1"
2026-07-29T17:38:56.667767Z  INFO herdr::logging: api request completed event="api.request.complete" subsystem="api" outcome="ok" request_id="cli:tab:focus" method="tab.focus"
2026-07-29T17:39:01.677844Z  INFO herdr::logging: session saved event="persist.save" subsystem="persist" outcome="ok" path=/Users/vince/.config/herdr/session.json workspaces=3
2026-07-29T17:39:48.832896Z  INFO herdr::logging: tab focused event="tab.focus" subsystem="tab" outcome="ok" workspace_id="w3" tab_id="w3:t7"
2026-07-29T17:39:49.988411Z  INFO herdr::logging: api request received event="api.request.start" subsystem="api" outcome="started" request_id="cli:tab:focus" method="tab.focus" changes_ui=true
2026-07-29T17:39:49.988514Z  INFO herdr::logging: tab focused event="tab.focus" subsystem="tab" outcome="ok" workspace_id="w3" tab_id="w3:t2"
2026-07-29T17:39:49.988555Z  INFO herdr::logging: api request completed event="api.request.complete" subsystem="api" outcome="ok" request_id="cli:tab:focus" method="tab.focus"
2026-07-29T17:39:55.001549Z  INFO herdr::logging: session saved event="persist.save" subsystem="persist" outcome="ok" path=/Users/vince/.config/herdr/session.json workspaces=3
2026-07-29T17:39:58.362407Z  INFO herdr::logging: api request received event="api.request.start" subsystem="api" outcome="started" request_id="cli:tab:focus" method="tab.focus" changes_ui=true
2026-07-29T17:39:58.362500Z  INFO herdr::logging: tab focused event="tab.focus" subsystem="tab" outcome="ok" workspace_id="w3" tab_id="w3:t2"
2026-07-29T17:39:58.362525Z  INFO herdr::logging: api request completed event="api.request.complete" subsystem="api" outcome="ok" request_id="cli:tab:focus" method="tab.focus"
2026-07-29T17:39:58.514656Z  INFO herdr::logging: api request received event="api.request.start" subsystem="api" outcome="started" request_id="cli:tab:focus" method="tab.focus" changes_ui=true
2026-07-29T17:39:58.514797Z  INFO herdr::logging: tab focused event="tab.focus" subsystem="tab" outcome="ok" workspace_id="w3" tab_id="w3:t1"
2026-07-29T17:39:58.514846Z  INFO herdr::logging: api request completed event="api.request.complete" subsystem="api" outcome="ok" request_id="cli:tab:focus" method="tab.focus"
2026-07-29T17:40:03.527747Z  INFO herdr::logging: session saved event="persist.save" subsystem="persist" outcome="ok" path=/Users/vince/.config/herdr/session.json workspaces=3
2026-07-29T17:40:19.420367Z  INFO herdr::logging: tab focused event="tab.focus" subsystem="tab" outcome="ok" workspace_id="w3" tab_id="w3:t7"
2026-07-29T17:40:19.854256Z  INFO herdr::logging: workspace focused event="workspace.focus" subsystem="workspace" outcome="ok" workspace_id="w2"
2026-07-29T17:40:19.854371Z  INFO herdr::logging: tab focused event="tab.focus" subsystem="tab" outcome="ok" workspace_id="w2" tab_id="w2:t3"
2026-07-29T17:40:20.572292Z  INFO herdr::logging: workspace focused event="workspace.focus" subsystem="workspace" outcome="ok" workspace_id="w3"
2026-07-29T17:40:20.572503Z  INFO herdr::logging: tab focused event="tab.focus" subsystem="tab" outcome="ok" workspace_id="w3" tab_id="w3:t7"
2026-07-29T17:40:21.434420Z  INFO herdr::logging: api request received event="api.request.start" subsystem="api" outcome="started" request_id="cli:tab:focus" method="tab.focus" changes_ui=true
2026-07-29T17:40:21.434530Z  INFO herdr::logging: tab focused event="tab.focus" subsystem="tab" outcome="ok" workspace_id="w3" tab_id="w3:t2"
2026-07-29T17:40:21.434571Z  INFO herdr::logging: api request completed event="api.request.complete" subsystem="api" outcome="ok" request_id="cli:tab:focus" method="tab.focus"
2026-07-29T17:40:23.634436Z  INFO herdr::logging: api request received event="api.request.start" subsystem="api" outcome="started" request_id="cli:tab:focus" method="tab.focus" changes_ui=true
2026-07-29T17:40:23.634536Z  INFO herdr::logging: tab focused event="tab.focus" subsystem="tab" outcome="ok" workspace_id="w3" tab_id="w3:t1"
2026-07-29T17:40:23.634586Z  INFO herdr::logging: api request completed event="api.request.complete" subsystem="api" outcome="ok" request_id="cli:tab:focus" method="tab.focus"
2026-07-29T17:40:28.643918Z  INFO herdr::logging: session saved event="persist.save" subsystem="persist" outcome="ok" path=/Users/vince/.config/herdr/session.json workspaces=3
2026-07-29T17:41:05.950826Z  INFO herdr::logging: api request received event="api.request.start" subsystem="api" outcome="started" request_id="cli:tab:focus" method="tab.focus" changes_ui=true
2026-07-29T17:41:05.950933Z  INFO herdr::logging: tab focused event="tab.focus" subsystem="tab" outcome="ok" workspace_id="w3" tab_id="w3:t2"
2026-07-29T17:41:05.950970Z  INFO herdr::logging: api request completed event="api.request.complete" subsystem="api" outcome="ok" request_id="cli:tab:focus" method="tab.focus"
2026-07-29T17:41:09.028185Z  INFO herdr::logging: api request received event="api.request.start" subsystem="api" outcome="started" request_id="cli:tab:focus" method="tab.focus" changes_ui=true
2026-07-29T17:41:09.028319Z  INFO herdr::logging: tab focused event="tab.focus" subsystem="tab" outcome="ok" workspace_id="w3" tab_id="w3:t1"
2026-07-29T17:41:09.028374Z  INFO herdr::logging: api request completed event="api.request.complete" subsystem="api" outcome="ok" request_id="cli:tab:focus" method="tab.focus"
2026-07-29T17:41:14.041897Z  INFO herdr::logging: session saved event="persist.save" subsystem="persist" outcome="ok" path=/Users/vince/.config/herdr/session.json workspaces=3
2026-07-29T17:41:53.294181Z  INFO herdr::logging: tab focused event="tab.focus" subsystem="tab" outcome="ok" workspace_id="w3" tab_id="w3:t7"
2026-07-29T17:41:58.310135Z  INFO herdr::logging: session saved event="persist.save" subsystem="persist" outcome="ok" path=/Users/vince/.config/herdr/session.json workspaces=3
2026-07-29T17:42:08.111957Z  INFO herdr::app::actions: copied selection to clipboard
2026-07-29T17:42:12.104607Z  INFO herdr::app::actions: copied selection to clipboard
2026-07-29T17:42:13.945978Z  INFO herdr::logging: tab focused event="tab.focus" subsystem="tab" outcome="ok" workspace_id="w3" tab_id="w3:t1"
2026-07-29T17:42:16.298099Z  INFO herdr::logging: tab focused event="tab.focus" subsystem="tab" outcome="ok" workspace_id="w3" tab_id="w3:t7"
2026-07-29T17:42:18.317230Z  INFO herdr::logging: tab focused event="tab.focus" subsystem="tab" outcome="ok" workspace_id="w3" tab_id="w3:t1"
2026-07-29T17:42:21.182142Z  INFO herdr::logging: tab focused event="tab.focus" subsystem="tab" outcome="ok" workspace_id="w3" tab_id="w3:t7"
2026-07-29T17:42:24.266977Z  INFO herdr::logging: workspace focused event="workspace.focus" subsystem="workspace" outcome="ok" workspace_id="w2"
2026-07-29T17:42:24.267110Z  INFO herdr::logging: tab focused event="tab.focus" subsystem="tab" outcome="ok" workspace_id="w2" tab_id="w2:t3"
2026-07-29T17:42:24.531193Z  INFO herdr::logging: workspace focused event="workspace.focus" subsystem="workspace" outcome="ok" workspace_id="w3"
2026-07-29T17:42:24.531340Z  INFO herdr::logging: tab focused event="tab.focus" subsystem="tab" outcome="ok" workspace_id="w3" tab_id="w3:t7"
2026-07-29T17:42:28.301016Z  INFO herdr::logging: workspace focused event="workspace.focus" subsystem="workspace" outcome="ok" workspace_id="w2"
2026-07-29T17:42:28.301290Z  INFO herdr::logging: tab focused event="tab.focus" subsystem="tab" outcome="ok" workspace_id="w2" tab_id="w2:t3"
2026-07-29T17:42:29.432936Z  INFO herdr::logging: workspace focused event="workspace.focus" subsystem="workspace" outcome="ok" workspace_id="w3"
2026-07-29T17:42:29.433183Z  INFO herdr::logging: tab focused event="tab.focus" subsystem="tab" outcome="ok" workspace_id="w3" tab_id="w3:t7"
2026-07-29T17:42:30.199321Z  INFO herdr::logging: api request received event="api.request.start" subsystem="api" outcome="started" request_id="cli:tab:focus" method="tab.focus" changes_ui=true
2026-07-29T17:42:30.199466Z  INFO herdr::logging: tab focused event="tab.focus" subsystem="tab" outcome="ok" workspace_id="w3" tab_id="w3:t1"
2026-07-29T17:42:30.199525Z  INFO herdr::logging: api request completed event="api.request.complete" subsystem="api" outcome="ok" request_id="cli:tab:focus" method="tab.focus"
2026-07-29T17:42:35.204639Z  INFO herdr::logging: session saved event="persist.save" subsystem="persist" outcome="ok" path=/Users/vince/.config/herdr/session.json workspaces=3
2026-07-29T17:43:12.795852Z  INFO herdr::logging: api request received event="api.request.start" subsystem="api" outcome="started" request_id="cli:tab:focus" method="tab.focus" changes_ui=true
2026-07-29T17:43:12.795968Z  INFO herdr::logging: tab focused event="tab.focus" subsystem="tab" outcome="ok" workspace_id="w3" tab_id="w3:t7"
2026-07-29T17:43:12.796012Z  INFO herdr::logging: api request completed event="api.request.complete" subsystem="api" outcome="ok" request_id="cli:tab:focus" method="tab.focus"
2026-07-29T17:43:14.982198Z  INFO herdr::logging: api request received event="api.request.start" subsystem="api" outcome="started" request_id="cli:tab:focus" method="tab.focus" changes_ui=true
2026-07-29T17:43:14.982356Z  INFO herdr::logging: tab focused event="tab.focus" subsystem="tab" outcome="ok" workspace_id="w3" tab_id="w3:t1"
2026-07-29T17:43:14.982420Z  INFO herdr::logging: api request completed event="api.request.complete" subsystem="api" outcome="ok" request_id="cli:tab:focus" method="tab.focus"
2026-07-29T17:43:19.988120Z  INFO herdr::logging: session saved event="persist.save" subsystem="persist" outcome="ok" path=/Users/vince/.config/herdr/session.json workspaces=3
2026-07-29T17:43:33.388274Z  INFO herdr::logging: tab focused event="tab.focus" subsystem="tab" outcome="ok" workspace_id="w3" tab_id="w3:t7"
2026-07-29T17:43:34.654558Z  INFO herdr::logging: api request received event="api.request.start" subsystem="api" outcome="started" request_id="cli:tab:focus" method="tab.focus" changes_ui=true
2026-07-29T17:43:34.654694Z  INFO herdr::logging: tab focused event="tab.focus" subsystem="tab" outcome="ok" workspace_id="w3" tab_id="w3:t7"
2026-07-29T17:43:34.654743Z  INFO herdr::logging: api request completed event="api.request.complete" subsystem="api" outcome="ok" request_id="cli:tab:focus" method="tab.focus"
2026-07-29T17:43:34.825116Z  INFO herdr::logging: api request received event="api.request.start" subsystem="api" outcome="started" request_id="cli:tab:focus" method="tab.focus" changes_ui=true
2026-07-29T17:43:34.825222Z  INFO herdr::logging: tab focused event="tab.focus" subsystem="tab" outcome="ok" workspace_id="w3" tab_id="w3:t1"
2026-07-29T17:43:34.825266Z  INFO herdr::logging: api request completed event="api.request.complete" subsystem="api" outcome="ok" request_id="cli:tab:focus" method="tab.focus"
2026-07-29T17:43:35.084668Z  INFO herdr::logging: api request received event="api.request.start" subsystem="api" outcome="started" request_id="cli:tab:focus" method="tab.focus" changes_ui=true
2026-07-29T17:43:35.084811Z  INFO herdr::logging: tab focused event="tab.focus" subsystem="tab" outcome="ok" workspace_id="w3" tab_id="w3:t7"
2026-07-29T17:43:35.084857Z  INFO herdr::logging: api request completed event="api.request.complete" subsystem="api" outcome="ok" request_id="cli:tab:focus" method="tab.focus"
2026-07-29T17:43:40.092903Z  INFO herdr::logging: session saved event="persist.save" subsystem="persist" outcome="ok" path=/Users/vince/.config/herdr/session.json workspaces=3
2026-07-29T17:43:48.337549Z  INFO herdr::app::actions: copied selection to clipboard
2026-07-29T17:43:49.477189Z  INFO herdr::logging: api request received event="api.request.start" subsystem="api" outcome="started" request_id="cli:tab:focus" method="tab.focus" changes_ui=true
2026-07-29T17:43:49.477280Z  INFO herdr::logging: tab focused event="tab.focus" subsystem="tab" outcome="ok" workspace_id="w3" tab_id="w3:t1"
2026-07-29T17:43:49.477317Z  INFO herdr::logging: api request completed event="api.request.complete" subsystem="api" outcome="ok" request_id="cli:tab:focus" method="tab.focus"
2026-07-29T17:43:54.487185Z  INFO herdr::logging: session saved event="persist.save" subsystem="persist" outcome="ok" path=/Users/vince/.config/herdr/session.json workspaces=3
2026-07-29T17:43:59.796173Z  INFO herdr::logging: api request received event="api.request.start" subsystem="api" outcome="started" request_id="cli:tab:focus" method="tab.focus" changes_ui=true
2026-07-29T17:43:59.796289Z  INFO herdr::logging: tab focused event="tab.focus" subsystem="tab" outcome="ok" workspace_id="w3" tab_id="w3:t7"
2026-07-29T17:43:59.796339Z  INFO herdr::logging: api request completed event="api.request.complete" subsystem="api" outcome="ok" request_id="cli:tab:focus" method="tab.focus"
2026-07-29T17:44:01.479502Z  INFO herdr::logging: api request received event="api.request.start" subsystem="api" outcome="started" request_id="cli:tab:focus" method="tab.focus" changes_ui=true
2026-07-29T17:44:01.479597Z  INFO herdr::logging: tab focused event="tab.focus" subsystem="tab" outcome="ok" workspace_id="w3" tab_id="w3:t1"
2026-07-29T17:44:01.479638Z  INFO herdr::logging: api request completed event="api.request.complete" subsystem="api" outcome="ok" request_id="cli:tab:focus" method="tab.focus"
2026-07-29T17:44:06.484618Z  INFO herdr::logging: session saved event="persist.save" subsystem="persist" outcome="ok" path=/Users/vince/.config/herdr/session.json workspaces=3
2026-07-29T17:44:11.631834Z  INFO herdr::logging: api request received event="api.request.start" subsystem="api" outcome="started" request_id="cli:tab:focus" method="tab.focus" changes_ui=true
2026-07-29T17:44:11.631945Z  INFO herdr::logging: tab focused event="tab.focus" subsystem="tab" outcome="ok" workspace_id="w3" tab_id="w3:t7"
2026-07-29T17:44:11.632001Z  INFO herdr::logging: api request completed event="api.request.complete" subsystem="api" outcome="ok" request_id="cli:tab:focus" method="tab.focus"
2026-07-29T17:44:12.650522Z  INFO herdr::logging: api request received event="api.request.start" subsystem="api" outcome="started" request_id="cli:tab:focus" method="tab.focus" changes_ui=true
2026-07-29T17:44:12.650627Z  INFO herdr::logging: tab focused event="tab.focus" subsystem="tab" outcome="ok" workspace_id="w3" tab_id="w3:t1"
2026-07-29T17:44:12.650668Z  INFO herdr::logging: api request completed event="api.request.complete" subsystem="api" outcome="ok" request_id="cli:tab:focus" method="tab.focus"
2026-07-29T17:44:17.655856Z  INFO herdr::logging: session saved event="persist.save" subsystem="persist" outcome="ok" path=/Users/vince/.config/herdr/session.json workspaces=3
2026-07-29T17:44:27.211795Z  INFO herdr::logging: api request received event="api.request.start" subsystem="api" outcome="started" request_id="cli:tab:focus" method="tab.focus" changes_ui=true
2026-07-29T17:44:27.211921Z  INFO herdr::logging: tab focused event="tab.focus" subsystem="tab" outcome="ok" workspace_id="w3" tab_id="w3:t7"
2026-07-29T17:44:27.211976Z  INFO herdr::logging: api request completed event="api.request.complete" subsystem="api" outcome="ok" request_id="cli:tab:focus" method="tab.focus"
2026-07-29T17:44:29.766307Z  INFO herdr::logging: api request received event="api.request.start" subsystem="api" outcome="started" request_id="cli:tab:focus" method="tab.focus" changes_ui=true
2026-07-29T17:44:29.766412Z  INFO herdr::logging: tab focused event="tab.focus" subsystem="tab" outcome="ok" workspace_id="w3" tab_id="w3:t1"
2026-07-29T17:44:29.766457Z  INFO herdr::logging: api request completed event="api.request.complete" subsystem="api" outcome="ok" request_id="cli:tab:focus" method="tab.focus"
2026-07-29T17:44:30.272284Z  INFO herdr::logging: api request received event="api.request.start" subsystem="api" outcome="started" request_id="cli:tab:focus" method="tab.focus" changes_ui=true
2026-07-29T17:44:30.272395Z  INFO herdr::logging: tab focused event="tab.focus" subsystem="tab" outcome="ok" workspace_id="w3" tab_id="w3:t7"
2026-07-29T17:44:30.272444Z  INFO herdr::logging: api request completed event="api.request.complete" subsystem="api" outcome="ok" request_id="cli:tab:focus" method="tab.focus"
2026-07-29T17:44:32.857187Z  INFO herdr::logging: api request received event="api.request.start" subsystem="api" outcome="started" request_id="cli:tab:focus" method="tab.focus" changes_ui=true
2026-07-29T17:44:32.857313Z  INFO herdr::logging: tab focused event="tab.focus" subsystem="tab" outcome="ok" workspace_id="w3" tab_id="w3:t1"
2026-07-29T17:44:32.857366Z  INFO herdr::logging: api request completed event="api.request.complete" subsystem="api" outcome="ok" request_id="cli:tab:focus" method="tab.focus"
2026-07-29T17:44:37.869798Z  INFO herdr::logging: session saved event="persist.save" subsystem="persist" outcome="ok" path=/Users/vince/.config/herdr/session.json workspaces=3
2026-07-29T17:44:46.343027Z  INFO herdr::logging: api request received event="api.request.start" subsystem="api" outcome="started" request_id="cli:tab:focus" method="tab.focus" changes_ui=true
2026-07-29T17:44:46.343124Z  INFO herdr::logging: tab focused event="tab.focus" subsystem="tab" outcome="ok" workspace_id="w3" tab_id="w3:t7"
2026-07-29T17:44:46.343161Z  INFO herdr::logging: api request completed event="api.request.complete" subsystem="api" outcome="ok" request_id="cli:tab:focus" method="tab.focus"
2026-07-29T17:44:47.440307Z  INFO herdr::logging: api request received event="api.request.start" subsystem="api" outcome="started" request_id="cli:tab:focus" method="tab.focus" changes_ui=true
2026-07-29T17:44:47.440425Z  INFO herdr::logging: tab focused event="tab.focus" subsystem="tab" outcome="ok" workspace_id="w3" tab_id="w3:t1"
2026-07-29T17:44:47.440475Z  INFO herdr::logging: api request completed event="api.request.complete" subsystem="api" outcome="ok" request_id="cli:tab:focus" method="tab.focus"
2026-07-29T17:44:52.446466Z  INFO herdr::logging: session saved event="persist.save" subsystem="persist" outcome="ok" path=/Users/vince/.config/herdr/session.json workspaces=3
2026-07-29T17:45:04.099884Z  INFO herdr::logging: api request received event="api.request.start" subsystem="api" outcome="started" request_id="cli:tab:focus" method="tab.focus" changes_ui=true
2026-07-29T17:45:04.100106Z  INFO herdr::logging: tab focused event="tab.focus" subsystem="tab" outcome="ok" workspace_id="w3" tab_id="w3:t7"
2026-07-29T17:45:04.100139Z  INFO herdr::logging: api request completed event="api.request.complete" subsystem="api" outcome="ok" request_id="cli:tab:focus" method="tab.focus"
2026-07-29T17:45:09.113622Z  INFO herdr::logging: session saved event="persist.save" subsystem="persist" outcome="ok" path=/Users/vince/.config/herdr/session.json workspaces=3
2026-07-29T17:45:12.437436Z  INFO herdr::app::actions: copied selection to clipboard
2026-07-29T17:45:15.998717Z  INFO herdr::logging: api request received event="api.request.start" subsystem="api" outcome="started" request_id="cli:tab:focus" method="tab.focus" changes_ui=true
2026-07-29T17:45:15.998838Z  INFO herdr::logging: tab focused event="tab.focus" subsystem="tab" outcome="ok" workspace_id="w3" tab_id="w3:t1"
2026-07-29T17:45:15.998882Z  INFO herdr::logging: api request completed event="api.request.complete" subsystem="api" outcome="ok" request_id="cli:tab:focus" method="tab.focus"
2026-07-29T17:45:20.639219Z  INFO herdr::logging: tab focused event="tab.focus" subsystem="tab" outcome="ok" workspace_id="w3" tab_id="w3:t7"
2026-07-29T17:45:25.514478Z  INFO herdr::app::actions: copied selection to clipboard
2026-07-29T17:45:25.650572Z  INFO herdr::logging: session saved event="persist.save" subsystem="persist" outcome="ok" path=/Users/vince/.config/herdr/session.json workspaces=3
2026-07-29T17:45:26.846816Z  INFO herdr::logging: tab focused event="tab.focus" subsystem="tab" outcome="ok" workspace_id="w3" tab_id="w3:t1"
2026-07-29T17:45:31.859507Z  INFO herdr::logging: session saved event="persist.save" subsystem="persist" outcome="ok" path=/Users/vince/.config/herdr/session.json workspaces=3
2026-07-29T17:46:38.947850Z  INFO herdr::logging: api request received event="api.request.start" subsystem="api" outcome="started" request_id="cli:tab:focus" method="tab.focus" changes_ui=true
2026-07-29T17:46:38.947958Z  INFO herdr::logging: tab focused event="tab.focus" subsystem="tab" outcome="ok" workspace_id="w3" tab_id="w3:t7"
2026-07-29T17:46:38.947998Z  INFO herdr::logging: api request completed event="api.request.complete" subsystem="api" outcome="ok" request_id="cli:tab:focus" method="tab.focus"
2026-07-29T17:46:39.475629Z  INFO herdr::logging: api request received event="api.request.start" subsystem="api" outcome="started" request_id="cli:tab:focus" method="tab.focus" changes_ui=true
2026-07-29T17:46:39.475736Z  INFO herdr::logging: tab focused event="tab.focus" subsystem="tab" outcome="ok" workspace_id="w3" tab_id="w3:t1"
2026-07-29T17:46:39.475781Z  INFO herdr::logging: api request completed event="api.request.complete" subsystem="api" outcome="ok" request_id="cli:tab:focus" method="tab.focus"
2026-07-29T17:46:39.643977Z  INFO herdr::logging: api request received event="api.request.start" subsystem="api" outcome="started" request_id="cli:tab:focus" method="tab.focus" changes_ui=true
2026-07-29T17:46:39.644093Z  INFO herdr::logging: tab focused event="tab.focus" subsystem="tab" outcome="ok" workspace_id="w3" tab_id="w3:t7"
2026-07-29T17:46:39.644139Z  INFO herdr::logging: api request completed event="api.request.complete" subsystem="api" outcome="ok" request_id="cli:tab:focus" method="tab.focus"
2026-07-29T17:46:44.650425Z  INFO herdr::logging: session saved event="persist.save" subsystem="persist" outcome="ok" path=/Users/vince/.config/herdr/session.json workspaces=3
2026-07-29T17:46:46.962473Z  INFO herdr::app::actions: copied selection to clipboard
2026-07-29T17:46:47.778779Z  INFO herdr::logging: api request received event="api.request.start" subsystem="api" outcome="started" request_id="cli:tab:focus" method="tab.focus" changes_ui=true
2026-07-29T17:46:47.778878Z  INFO herdr::logging: tab focused event="tab.focus" subsystem="tab" outcome="ok" workspace_id="w3" tab_id="w3:t1"
2026-07-29T17:46:47.778917Z  INFO herdr::logging: api request completed event="api.request.complete" subsystem="api" outcome="ok" request_id="cli:tab:focus" method="tab.focus"
2026-07-29T17:46:52.785265Z  INFO herdr::logging: session saved event="persist.save" subsystem="persist" outcome="ok" path=/Users/vince/.config/herdr/session.json workspaces=3
2026-07-29T17:46:59.868690Z  INFO herdr::logging: tab focused event="tab.focus" subsystem="tab" outcome="ok" workspace_id="w3" tab_id="w3:t7"
2026-07-29T17:47:00.694859Z  INFO herdr::logging: workspace focused event="workspace.focus" subsystem="workspace" outcome="ok" workspace_id="w2"
2026-07-29T17:47:00.695467Z  INFO herdr::logging: tab focused event="tab.focus" subsystem="tab" outcome="ok" workspace_id="w2" tab_id="w2:t3"
2026-07-29T17:47:01.296436Z  INFO herdr::logging: workspace focused event="workspace.focus" subsystem="workspace" outcome="ok" workspace_id="w3"
2026-07-29T17:47:01.296548Z  INFO herdr::logging: tab focused event="tab.focus" subsystem="tab" outcome="ok" workspace_id="w3" tab_id="w3:t7"
2026-07-29T17:47:01.807251Z  INFO herdr::logging: workspace focused event="workspace.focus" subsystem="workspace" outcome="ok" workspace_id="w2"
2026-07-29T17:47:01.807455Z  INFO herdr::logging: tab focused event="tab.focus" subsystem="tab" outcome="ok" workspace_id="w2" tab_id="w2:t3"
2026-07-29T17:47:02.460480Z  INFO herdr::logging: workspace focused event="workspace.focus" subsystem="workspace" outcome="ok" workspace_id="w3"
2026-07-29T17:47:02.460790Z  INFO herdr::logging: tab focused event="tab.focus" subsystem="tab" outcome="ok" workspace_id="w3" tab_id="w3:t7"
2026-07-29T17:47:03.385509Z  INFO herdr::logging: workspace focused event="workspace.focus" subsystem="workspace" outcome="ok" workspace_id="w2"
2026-07-29T17:47:03.385976Z  INFO herdr::logging: tab focused event="tab.focus" subsystem="tab" outcome="ok" workspace_id="w2" tab_id="w2:t3"
2026-07-29T17:47:03.911995Z  INFO herdr::logging: workspace focused event="workspace.focus" subsystem="workspace" outcome="ok" workspace_id="w3"
2026-07-29T17:47:03.912348Z  INFO herdr::logging: tab focused event="tab.focus" subsystem="tab" outcome="ok" workspace_id="w3" tab_id="w3:t7"
2026-07-29T17:47:05.317311Z  INFO herdr::logging: api request received event="api.request.start" subsystem="api" outcome="started" request_id="cli:tab:focus" method="tab.focus" changes_ui=true
2026-07-29T17:47:05.317433Z  INFO herdr::logging: tab focused event="tab.focus" subsystem="tab" outcome="ok" workspace_id="w3" tab_id="w3:t2"
2026-07-29T17:47:05.317471Z  INFO herdr::logging: api request completed event="api.request.complete" subsystem="api" outcome="ok" request_id="cli:tab:focus" method="tab.focus"
2026-07-29T17:47:10.325448Z  INFO herdr::logging: session saved event="persist.save" subsystem="persist" outcome="ok" path=/Users/vince/.config/herdr/session.json workspaces=3
2026-07-29T17:47:11.116434Z  INFO herdr::logging: api request received event="api.request.start" subsystem="api" outcome="started" request_id="cli:tab:focus" method="tab.focus" changes_ui=true
2026-07-29T17:47:11.116632Z  INFO herdr::logging: tab focused event="tab.focus" subsystem="tab" outcome="ok" workspace_id="w3" tab_id="w3:t1"
2026-07-29T17:47:11.116689Z  INFO herdr::logging: api request completed event="api.request.complete" subsystem="api" outcome="ok" request_id="cli:tab:focus" method="tab.focus"
2026-07-29T17:47:16.138512Z  INFO herdr::logging: session saved event="persist.save" subsystem="persist" outcome="ok" path=/Users/vince/.config/herdr/session.json workspaces=3
2026-07-29T17:49:24.854884Z  INFO herdr::logging: tab focused event="tab.focus" subsystem="tab" outcome="ok" workspace_id="w3" tab_id="w3:t7"
2026-07-29T17:49:25.727072Z  INFO herdr::logging: workspace focused event="workspace.focus" subsystem="workspace" outcome="ok" workspace_id="w2"
2026-07-29T17:49:25.727297Z  INFO herdr::logging: tab focused event="tab.focus" subsystem="tab" outcome="ok" workspace_id="w2" tab_id="w2:t3"
2026-07-29T17:49:27.160879Z  INFO herdr::logging: workspace focused event="workspace.focus" subsystem="workspace" outcome="ok" workspace_id="w3"
2026-07-29T17:49:27.161005Z  INFO herdr::logging: tab focused event="tab.focus" subsystem="tab" outcome="ok" workspace_id="w3" tab_id="w3:t7"
2026-07-29T17:49:28.333424Z  INFO herdr::logging: api request received event="api.request.start" subsystem="api" outcome="started" request_id="cli:tab:focus" method="tab.focus" changes_ui=true
2026-07-29T17:49:28.336360Z  INFO herdr::logging: tab focused event="tab.focus" subsystem="tab" outcome="ok" workspace_id="w3" tab_id="w3:t2"
2026-07-29T17:49:28.336418Z  INFO herdr::logging: api request completed event="api.request.complete" subsystem="api" outcome="ok" request_id="cli:tab:focus" method="tab.focus"
2026-07-29T17:49:33.351601Z  INFO herdr::logging: session saved event="persist.save" subsystem="persist" outcome="ok" path=/Users/vince/.config/herdr/session.json workspaces=3
2026-07-29T17:49:36.657584Z  INFO herdr::logging: api request received event="api.request.start" subsystem="api" outcome="started" request_id="cli:tab:focus" method="tab.focus" changes_ui=true
2026-07-29T17:49:36.657686Z  INFO herdr::logging: tab focused event="tab.focus" subsystem="tab" outcome="ok" workspace_id="w3" tab_id="w3:t1"
2026-07-29T17:49:36.657734Z  INFO herdr::logging: api request completed event="api.request.complete" subsystem="api" outcome="ok" request_id="cli:tab:focus" method="tab.focus"
2026-07-29T17:49:41.664300Z  INFO herdr::logging: session saved event="persist.save" subsystem="persist" outcome="ok" path=/Users/vince/.config/herdr/session.json workspaces=3
2026-07-29T17:49:44.729590Z  INFO herdr::logging: tab focused event="tab.focus" subsystem="tab" outcome="ok" workspace_id="w3" tab_id="w3:t7"
2026-07-29T17:49:49.737626Z  INFO herdr::logging: session saved event="persist.save" subsystem="persist" outcome="ok" path=/Users/vince/.config/herdr/session.json workspaces=3
2026-07-29T17:50:01.735474Z  INFO herdr::logging: tab focused event="tab.focus" subsystem="tab" outcome="ok" workspace_id="w3" tab_id="w3:t1"
2026-07-29T17:50:06.742919Z  INFO herdr::logging: session saved event="persist.save" subsystem="persist" outcome="ok" path=/Users/vince/.config/herdr/session.json workspaces=3
2026-07-29T17:50:15.051524Z  INFO herdr::logging: tab focused event="tab.focus" subsystem="tab" outcome="ok" workspace_id="w3" tab_id="w3:t7"
2026-07-29T17:50:16.109170Z  INFO herdr::logging: tab focused event="tab.focus" subsystem="tab" outcome="ok" workspace_id="w3" tab_id="w3:t6"
2026-07-29T17:50:16.734412Z  INFO herdr::logging: tab focused event="tab.focus" subsystem="tab" outcome="ok" workspace_id="w3" tab_id="w3:t2"
2026-07-29T17:50:21.608282Z  INFO herdr::logging: tab focused event="tab.focus" subsystem="tab" outcome="ok" workspace_id="w3" tab_id="w3:t1"
2026-07-29T17:50:22.155885Z  INFO herdr::logging: tab focused event="tab.focus" subsystem="tab" outcome="ok" workspace_id="w3" tab_id="w3:t6"
2026-07-29T17:50:23.134035Z  INFO herdr::logging: tab focused event="tab.focus" subsystem="tab" outcome="ok" workspace_id="w3" tab_id="w3:t7"
2026-07-29T17:50:24.036376Z  INFO herdr::logging: tab focused event="tab.focus" subsystem="tab" outcome="ok" workspace_id="w3" tab_id="w3:t2"
2026-07-29T17:50:24.591346Z  INFO herdr::logging: tab focused event="tab.focus" subsystem="tab" outcome="ok" workspace_id="w3" tab_id="w3:t1"
2026-07-29T17:50:26.659766Z  INFO herdr::logging: tab focused event="tab.focus" subsystem="tab" outcome="ok" workspace_id="w3" tab_id="w3:t6"
2026-07-29T17:50:27.563933Z  INFO herdr::logging: tab focused event="tab.focus" subsystem="tab" outcome="ok" workspace_id="w3" tab_id="w3:t7"
2026-07-29T17:50:32.574486Z  INFO herdr::logging: session saved event="persist.save" subsystem="persist" outcome="ok" path=/Users/vince/.config/herdr/session.json workspaces=3
2026-07-29T17:51:19.802966Z  INFO herdr::logging: api request received event="api.request.start" subsystem="api" outcome="started" request_id="cli:tab:focus" method="tab.focus" changes_ui=true
2026-07-29T17:51:19.803076Z  INFO herdr::logging: tab focused event="tab.focus" subsystem="tab" outcome="ok" workspace_id="w3" tab_id="w3:t1"
2026-07-29T17:51:19.803111Z  INFO herdr::logging: api request completed event="api.request.complete" subsystem="api" outcome="ok" request_id="cli:tab:focus" method="tab.focus"
2026-07-29T17:51:24.807833Z  INFO herdr::logging: session saved event="persist.save" subsystem="persist" outcome="ok" path=/Users/vince/.config/herdr/session.json workspaces=3
2026-07-29T17:51:36.355198Z  INFO herdr::logging: tab focused event="tab.focus" subsystem="tab" outcome="ok" workspace_id="w3" tab_id="w3:t7"
2026-07-29T17:51:41.366251Z  INFO herdr::logging: session saved event="persist.save" subsystem="persist" outcome="ok" path=/Users/vince/.config/herdr/session.json workspaces=3
2026-07-29T17:51:51.023867Z  INFO herdr::app::actions: copied selection to clipboard
2026-07-29T17:51:52.474963Z  INFO herdr::logging: tab focused event="tab.focus" subsystem="tab" outcome="ok" workspace_id="w3" tab_id="w3:t1"
2026-07-29T17:51:57.496526Z  INFO herdr::logging: session saved event="persist.save" subsystem="persist" outcome="ok" path=/Users/vince/.config/herdr/session.json workspaces=3
2026-07-29T17:52:12.183867Z  INFO herdr::logging: tab focused event="tab.focus" subsystem="tab" outcome="ok" workspace_id="w3" tab_id="w3:t7"
2026-07-29T17:52:13.667796Z  INFO herdr::logging: tab focused event="tab.focus" subsystem="tab" outcome="ok" workspace_id="w3" tab_id="w3:t6"
2026-07-29T17:52:14.264071Z  INFO herdr::logging: tab focused event="tab.focus" subsystem="tab" outcome="ok" workspace_id="w3" tab_id="w3:t2"
2026-07-29T17:52:16.287369Z  INFO herdr::logging: tab focused event="tab.focus" subsystem="tab" outcome="ok" workspace_id="w3" tab_id="w3:t1"
2026-07-29T17:52:21.311324Z  INFO herdr::logging: session saved event="persist.save" subsystem="persist" outcome="ok" path=/Users/vince/.config/herdr/session.json workspaces=3
2026-07-29T17:52:59.884718Z  INFO herdr::logging: tab focused event="tab.focus" subsystem="tab" outcome="ok" workspace_id="w3" tab_id="w3:t7"
2026-07-29T17:53:04.892357Z  INFO herdr::logging: session saved event="persist.save" subsystem="persist" outcome="ok" path=/Users/vince/.config/herdr/session.json workspaces=3
2026-07-29T17:54:23.795184Z  INFO herdr::logging: tab focused event="tab.focus" subsystem="tab" outcome="ok" workspace_id="w3" tab_id="w3:t1"
2026-07-29T17:54:28.801982Z  INFO herdr::logging: session saved event="persist.save" subsystem="persist" outcome="ok" path=/Users/vince/.config/herdr/session.json workspaces=3
2026-07-29T17:55:00.746442Z  INFO herdr::logging: tab focused event="tab.focus" subsystem="tab" outcome="ok" workspace_id="w3" tab_id="w3:t7"
2026-07-29T17:55:05.753970Z  INFO herdr::logging: session saved event="persist.save" subsystem="persist" outcome="ok" path=/Users/vince/.config/herdr/session.json workspaces=3
2026-07-29T17:55:10.911920Z  INFO herdr::logging: tab focused event="tab.focus" subsystem="tab" outcome="ok" workspace_id="w3" tab_id="w3:t1"
2026-07-29T17:55:15.924844Z  INFO herdr::logging: session saved event="persist.save" subsystem="persist" outcome="ok" path=/Users/vince/.config/herdr/session.json workspaces=3
2026-07-29T17:55:16.868840Z  INFO herdr::logging: tab focused event="tab.focus" subsystem="tab" outcome="ok" workspace_id="w3" tab_id="w3:t7"
2026-07-29T17:55:21.875534Z  INFO herdr::logging: session saved event="persist.save" subsystem="persist" outcome="ok" path=/Users/vince/.config/herdr/session.json workspaces=3
2026-07-29T17:57:12.365078Z  INFO herdr::logging: tab focused event="tab.focus" subsystem="tab" outcome="ok" workspace_id="w3" tab_id="w3:t1"
2026-07-29T17:57:17.378023Z  INFO herdr::logging: session saved event="persist.save" subsystem="persist" outcome="ok" path=/Users/vince/.config/herdr/session.json workspaces=3
2026-07-29T18:54:04.936959Z  INFO herdr::logging: checking for updates event="update.check.start" subsystem="update" outcome="started"
2026-07-29T20:23:59.060988Z  INFO herdr::server::headless: client resize client_id=26 cols=211 rows=63 cell_width_px=0 cell_height_px=0
2026-07-29T20:25:49.961978Z  INFO herdr::logging: api request received event="api.request.start" subsystem="api" outcome="started" request_id="cli:tab:focus" method="tab.focus" changes_ui=true
2026-07-29T20:25:49.962258Z  INFO herdr::logging: tab focused event="tab.focus" subsystem="tab" outcome="ok" workspace_id="w3" tab_id="w3:t7"
2026-07-29T20:25:49.962287Z  INFO herdr::logging: api request completed event="api.request.complete" subsystem="api" outcome="ok" request_id="cli:tab:focus" method="tab.focus"
2026-07-29T20:25:54.966650Z  INFO herdr::logging: session saved event="persist.save" subsystem="persist" outcome="ok" path=/Users/vince/.config/herdr/session.json workspaces=3
2026-07-29T20:25:56.552189Z  INFO herdr::logging: tab focused event="tab.focus" subsystem="tab" outcome="ok" workspace_id="w3" tab_id="w3:t1"
2026-07-29T20:26:01.562942Z  INFO herdr::logging: session saved event="persist.save" subsystem="persist" outcome="ok" path=/Users/vince/.config/herdr/session.json workspaces=3
2026-07-29T20:27:33.032767Z  INFO herdr::logging: tab focused event="tab.focus" subsystem="tab" outcome="ok" workspace_id="w3" tab_id="w3:t7"
2026-07-29T20:27:38.042191Z  INFO herdr::logging: session saved event="persist.save" subsystem="persist" outcome="ok" path=/Users/vince/.config/herdr/session.json workspaces=3
2026-07-29T20:28:16.950133Z  INFO herdr::app::actions: copied selection to clipboard
2026-07-29T20:35:14.899402Z  INFO herdr::logging: tab focused event="tab.focus" subsystem="tab" outcome="ok" workspace_id="w3" tab_id="w3:t1"
2026-07-29T20:35:19.913359Z  INFO herdr::logging: session saved event="persist.save" subsystem="persist" outcome="ok" path=/Users/vince/.config/herdr/session.json workspaces=3
2026-07-29T20:35:22.454341Z  INFO herdr::logging: tab focused event="tab.focus" subsystem="tab" outcome="ok" workspace_id="w3" tab_id="w3:t7"
2026-07-29T20:35:27.466928Z  INFO herdr::logging: session saved event="persist.save" subsystem="persist" outcome="ok" path=/Users/vince/.config/herdr/session.json workspaces=3
2026-07-29T20:36:14.154870Z  INFO herdr::logging: tab focused event="tab.focus" subsystem="tab" outcome="ok" workspace_id="w3" tab_id="w3:t1"
2026-07-29T20:36:19.168303Z  INFO herdr::logging: session saved event="persist.save" subsystem="persist" outcome="ok" path=/Users/vince/.config/herdr/session.json workspaces=3
2026-07-29T20:36:42.532933Z  INFO herdr::logging: tab focused event="tab.focus" subsystem="tab" outcome="ok" workspace_id="w3" tab_id="w3:t7"
2026-07-29T20:36:47.545884Z  INFO herdr::logging: session saved event="persist.save" subsystem="persist" outcome="ok" path=/Users/vince/.config/herdr/session.json workspaces=3
2026-07-29T20:36:57.625225Z  INFO herdr::logging: tab focused event="tab.focus" subsystem="tab" outcome="ok" workspace_id="w3" tab_id="w3:t1"
2026-07-29T20:36:58.841628Z  INFO herdr::logging: tab focused event="tab.focus" subsystem="tab" outcome="ok" workspace_id="w3" tab_id="w3:t7"
2026-07-29T20:37:02.139559Z  INFO herdr::logging: tab focused event="tab.focus" subsystem="tab" outcome="ok" workspace_id="w3" tab_id="w3:t1"
2026-07-29T20:37:07.147802Z  INFO herdr::logging: session saved event="persist.save" subsystem="persist" outcome="ok" path=/Users/vince/.config/herdr/session.json workspaces=3
2026-07-29T20:37:22.213788Z  INFO herdr::logging: api request received event="api.request.start" subsystem="api" outcome="started" request_id="cli:tab:focus" method="tab.focus" changes_ui=true
2026-07-29T20:37:22.214110Z  INFO herdr::logging: tab focused event="tab.focus" subsystem="tab" outcome="ok" workspace_id="w3" tab_id="w3:t7"
2026-07-29T20:37:22.214153Z  INFO herdr::logging: api request completed event="api.request.complete" subsystem="api" outcome="ok" request_id="cli:tab:focus" method="tab.focus"
2026-07-29T20:37:24.393311Z  INFO herdr::logging: api request received event="api.request.start" subsystem="api" outcome="started" request_id="cli:tab:focus" method="tab.focus" changes_ui=true
2026-07-29T20:37:24.393464Z  INFO herdr::logging: tab focused event="tab.focus" subsystem="tab" outcome="ok" workspace_id="w3" tab_id="w3:t1"
2026-07-29T20:37:24.393514Z  INFO herdr::logging: api request completed event="api.request.complete" subsystem="api" outcome="ok" request_id="cli:tab:focus" method="tab.focus"
2026-07-29T20:37:29.402506Z  INFO herdr::logging: session saved event="persist.save" subsystem="persist" outcome="ok" path=/Users/vince/.config/herdr/session.json workspaces=3
2026-07-29T20:38:49.970557Z  INFO herdr::logging: api request received event="api.request.start" subsystem="api" outcome="started" request_id="cli:tab:focus" method="tab.focus" changes_ui=true
2026-07-29T20:38:49.970876Z  INFO herdr::logging: tab focused event="tab.focus" subsystem="tab" outcome="ok" workspace_id="w3" tab_id="w3:t2"
2026-07-29T20:38:49.970927Z  INFO herdr::logging: api request completed event="api.request.complete" subsystem="api" outcome="ok" request_id="cli:tab:focus" method="tab.focus"
2026-07-29T20:38:54.983318Z  INFO herdr::logging: session saved event="persist.save" subsystem="persist" outcome="ok" path=/Users/vince/.config/herdr/session.json workspaces=3
2026-07-29T20:39:24.547795Z  INFO herdr::logging: api request received event="api.request.start" subsystem="api" outcome="started" request_id="cli:tab:focus" method="tab.focus" changes_ui=true
2026-07-29T20:39:24.547907Z  INFO herdr::logging: tab focused event="tab.focus" subsystem="tab" outcome="ok" workspace_id="w3" tab_id="w3:t1"
2026-07-29T20:39:24.547946Z  INFO herdr::logging: api request completed event="api.request.complete" subsystem="api" outcome="ok" request_id="cli:tab:focus" method="tab.focus"
2026-07-29T20:39:29.556184Z  INFO herdr::logging: session saved event="persist.save" subsystem="persist" outcome="ok" path=/Users/vince/.config/herdr/session.json workspaces=3
2026-07-29T20:44:15.491972Z  INFO herdr::logging: api request received event="api.request.start" subsystem="api" outcome="started" request_id="cli:tab:focus" method="tab.focus" changes_ui=true
2026-07-29T20:44:15.492331Z  INFO herdr::logging: tab focused event="tab.focus" subsystem="tab" outcome="ok" workspace_id="w3" tab_id="w3:t7"
2026-07-29T20:44:15.492374Z  INFO herdr::logging: api request completed event="api.request.complete" subsystem="api" outcome="ok" request_id="cli:tab:focus" method="tab.focus"
2026-07-29T20:44:20.512939Z  INFO herdr::logging: session saved event="persist.save" subsystem="persist" outcome="ok" path=/Users/vince/.config/herdr/session.json workspaces=3
2026-07-29T20:44:25.141923Z  INFO herdr::logging: workspace focused event="workspace.focus" subsystem="workspace" outcome="ok" workspace_id="w2"
2026-07-29T20:44:25.142067Z  INFO herdr::logging: tab focused event="tab.focus" subsystem="tab" outcome="ok" workspace_id="w2" tab_id="w2:t3"
2026-07-29T20:44:26.166889Z  INFO herdr::logging: workspace focused event="workspace.focus" subsystem="workspace" outcome="ok" workspace_id="w3"
2026-07-29T20:44:26.167107Z  INFO herdr::logging: tab focused event="tab.focus" subsystem="tab" outcome="ok" workspace_id="w3" tab_id="w3:t7"
2026-07-29T20:44:27.346505Z  INFO herdr::logging: api request received event="api.request.start" subsystem="api" outcome="started" request_id="cli:tab:focus" method="tab.focus" changes_ui=true
2026-07-29T20:44:27.346615Z  INFO herdr::logging: tab focused event="tab.focus" subsystem="tab" outcome="ok" workspace_id="w3" tab_id="w3:t1"
2026-07-29T20:44:27.346658Z  INFO herdr::logging: api request completed event="api.request.complete" subsystem="api" outcome="ok" request_id="cli:tab:focus" method="tab.focus"
2026-07-29T20:44:32.355767Z  INFO herdr::logging: session saved event="persist.save" subsystem="persist" outcome="ok" path=/Users/vince/.config/herdr/session.json workspaces=3
2026-07-29T20:44:36.519479Z  INFO herdr::logging: api request received event="api.request.start" subsystem="api" outcome="started" request_id="cli:tab:focus" method="tab.focus" changes_ui=true
2026-07-29T20:44:36.519583Z  INFO herdr::logging: tab focused event="tab.focus" subsystem="tab" outcome="ok" workspace_id="w3" tab_id="w3:t7"
2026-07-29T20:44:36.519629Z  INFO herdr::logging: api request completed event="api.request.complete" subsystem="api" outcome="ok" request_id="cli:tab:focus" method="tab.focus"
2026-07-29T20:44:41.525488Z  INFO herdr::logging: session saved event="persist.save" subsystem="persist" outcome="ok" path=/Users/vince/.config/herdr/session.json workspaces=3
2026-07-29T20:46:06.600649Z  INFO herdr::logging: tab focused event="tab.focus" subsystem="tab" outcome="ok" workspace_id="w3" tab_id="w3:t1"
2026-07-29T20:46:11.621555Z  INFO herdr::logging: session saved event="persist.save" subsystem="persist" outcome="ok" path=/Users/vince/.config/herdr/session.json workspaces=3
2026-07-29T20:47:51.900103Z  INFO herdr::logging: tab focused event="tab.focus" subsystem="tab" outcome="ok" workspace_id="w3" tab_id="w3:t7"
2026-07-29T20:47:56.916038Z  INFO herdr::logging: session saved event="persist.save" subsystem="persist" outcome="ok" path=/Users/vince/.config/herdr/session.json workspaces=3
2026-07-29T20:48:07.264493Z  INFO herdr::logging: tab focused event="tab.focus" subsystem="tab" outcome="ok" workspace_id="w3" tab_id="w3:t6"
2026-07-29T20:48:08.640246Z  INFO herdr::logging: tab focused event="tab.focus" subsystem="tab" outcome="ok" workspace_id="w3" tab_id="w3:t2"
2026-07-29T20:48:09.319850Z  INFO herdr::logging: tab focused event="tab.focus" subsystem="tab" outcome="ok" workspace_id="w3" tab_id="w3:t1"
2026-07-29T20:48:09.956312Z  INFO herdr::logging: tab focused event="tab.focus" subsystem="tab" outcome="ok" workspace_id="w3" tab_id="w3:t7"
2026-07-29T20:48:14.969416Z  INFO herdr::logging: session saved event="persist.save" subsystem="persist" outcome="ok" path=/Users/vince/.config/herdr/session.json workspaces=3
2026-07-29T20:48:19.711018Z  INFO herdr::logging: tab focused event="tab.focus" subsystem="tab" outcome="ok" workspace_id="w3" tab_id="w3:t1"
2026-07-29T20:48:20.815482Z  INFO herdr::logging: checking for updates event="update.check.start" subsystem="update" outcome="started"
2026-07-29T20:48:24.724976Z  INFO herdr::logging: session saved event="persist.save" subsystem="persist" outcome="ok" path=/Users/vince/.config/herdr/session.json workspaces=3
2026-07-29T20:48:26.061251Z  INFO herdr::logging: tab focused event="tab.focus" subsystem="tab" outcome="ok" workspace_id="w3" tab_id="w3:t7"
2026-07-29T20:48:28.101503Z  INFO herdr::logging: api request received event="api.request.start" subsystem="api" outcome="started" request_id="cli:tab:focus" method="tab.focus" changes_ui=true
2026-07-29T20:48:28.101612Z  INFO herdr::logging: tab focused event="tab.focus" subsystem="tab" outcome="ok" workspace_id="w3" tab_id="w3:t2"
2026-07-29T20:48:28.101663Z  INFO herdr::logging: api request completed event="api.request.complete" subsystem="api" outcome="ok" request_id="cli:tab:focus" method="tab.focus"
2026-07-29T20:48:33.111886Z  INFO herdr::logging: session saved event="persist.save" subsystem="persist" outcome="ok" path=/Users/vince/.config/herdr/session.json workspaces=3
2026-07-29T20:48:33.263901Z  INFO herdr::logging: api request received event="api.request.start" subsystem="api" outcome="started" request_id="cli:tab:focus" method="tab.focus" changes_ui=true
2026-07-29T20:48:33.264025Z  INFO herdr::logging: tab focused event="tab.focus" subsystem="tab" outcome="ok" workspace_id="w3" tab_id="w3:t1"
2026-07-29T20:48:33.264076Z  INFO herdr::logging: api request completed event="api.request.complete" subsystem="api" outcome="ok" request_id="cli:tab:focus" method="tab.focus"
2026-07-29T20:48:38.274829Z  INFO herdr::logging: session saved event="persist.save" subsystem="persist" outcome="ok" path=/Users/vince/.config/herdr/session.json workspaces=3
2026-07-29T20:49:00.810406Z  INFO herdr::logging: tab focused event="tab.focus" subsystem="tab" outcome="ok" workspace_id="w3" tab_id="w3:t7"
2026-07-29T20:49:01.448913Z  INFO herdr::logging: workspace focused event="workspace.focus" subsystem="workspace" outcome="ok" workspace_id="w2"
2026-07-29T20:49:01.449133Z  INFO herdr::logging: tab focused event="tab.focus" subsystem="tab" outcome="ok" workspace_id="w2" tab_id="w2:t3"
2026-07-29T20:49:02.083304Z  INFO herdr::logging: workspace focused event="workspace.focus" subsystem="workspace" outcome="ok" workspace_id="w3"
2026-07-29T20:49:02.083488Z  INFO herdr::logging: tab focused event="tab.focus" subsystem="tab" outcome="ok" workspace_id="w3" tab_id="w3:t7"
2026-07-29T20:49:02.685309Z  INFO herdr::logging: api request received event="api.request.start" subsystem="api" outcome="started" request_id="cli:tab:focus" method="tab.focus" changes_ui=true
2026-07-29T20:49:02.685410Z  INFO herdr::logging: tab focused event="tab.focus" subsystem="tab" outcome="ok" workspace_id="w3" tab_id="w3:t2"
2026-07-29T20:49:02.685450Z  INFO herdr::logging: api request completed event="api.request.complete" subsystem="api" outcome="ok" request_id="cli:tab:focus" method="tab.focus"
2026-07-29T20:49:07.697589Z  INFO herdr::logging: session saved event="persist.save" subsystem="persist" outcome="ok" path=/Users/vince/.config/herdr/session.json workspaces=3
2026-07-29T20:49:12.542315Z  INFO herdr::logging: tab focused event="tab.focus" subsystem="tab" outcome="ok" workspace_id="w3" tab_id="w3:t1"
2026-07-29T20:49:17.559632Z  INFO herdr::logging: session saved event="persist.save" subsystem="persist" outcome="ok" path=/Users/vince/.config/herdr/session.json workspaces=3
2026-07-29T20:49:18.237031Z  INFO herdr::logging: tab focused event="tab.focus" subsystem="tab" outcome="ok" workspace_id="w3" tab_id="w3:t7"
2026-07-29T20:49:23.253725Z  INFO herdr::logging: session saved event="persist.save" subsystem="persist" outcome="ok" path=/Users/vince/.config/herdr/session.json workspaces=3
2026-07-29T20:51:18.110529Z  INFO herdr::logging: api request received event="api.request.start" subsystem="api" outcome="started" request_id="cli:tab:focus" method="tab.focus" changes_ui=true
2026-07-29T20:51:18.110648Z  INFO herdr::logging: tab focused event="tab.focus" subsystem="tab" outcome="ok" workspace_id="w3" tab_id="w3:t1"
2026-07-29T20:51:18.110686Z  INFO herdr::logging: api request completed event="api.request.complete" subsystem="api" outcome="ok" request_id="cli:tab:focus" method="tab.focus"
2026-07-29T20:51:23.114241Z  INFO herdr::logging: session saved event="persist.save" subsystem="persist" outcome="ok" path=/Users/vince/.config/herdr/session.json workspaces=3
2026-07-29T20:51:30.416385Z  INFO herdr::logging: tab focused event="tab.focus" subsystem="tab" outcome="ok" workspace_id="w3" tab_id="w3:t2"
2026-07-29T20:51:33.795344Z  INFO herdr::logging: tab focused event="tab.focus" subsystem="tab" outcome="ok" workspace_id="w3" tab_id="w3:t1"
2026-07-29T20:51:38.808694Z  INFO herdr::logging: session saved event="persist.save" subsystem="persist" outcome="ok" path=/Users/vince/.config/herdr/session.json workspaces=3
2026-07-29T20:51:47.234518Z  INFO herdr::logging: tab focused event="tab.focus" subsystem="tab" outcome="ok" workspace_id="w3" tab_id="w3:t7"
2026-07-29T20:51:52.241499Z  INFO herdr::logging: session saved event="persist.save" subsystem="persist" outcome="ok" path=/Users/vince/.config/herdr/session.json workspaces=3
2026-07-29T20:57:48.989103Z  INFO herdr::logging: tab focused event="tab.focus" subsystem="tab" outcome="ok" workspace_id="w3" tab_id="w3:t2"
2026-07-29T20:57:54.017833Z  INFO herdr::logging: session saved event="persist.save" subsystem="persist" outcome="ok" path=/Users/vince/.config/herdr/session.json workspaces=3
2026-07-29T21:03:51.199573Z  INFO herdr::server::headless: client resize client_id=26 cols=142 rows=48 cell_width_px=0 cell_height_px=0
2026-07-29T21:03:55.384112Z  INFO herdr::server::headless: client resize client_id=26 cols=211 rows=63 cell_width_px=0 cell_height_px=0
2026-07-29T21:03:56.322145Z  INFO herdr::server::headless: client resize client_id=26 cols=142 rows=48 cell_width_px=0 cell_height_px=0
2026-07-29T21:04:00.474894Z  INFO herdr::server::headless: client resize client_id=26 cols=211 rows=63 cell_width_px=0 cell_height_px=0
2026-07-29T21:05:41.277409Z  INFO herdr::server::headless: client connected client_id=30 cols=80 rows=24 cell_width_px=0 cell_height_px=0 render_encoding=SemanticFrame
2026-07-29T21:05:41.314912Z  INFO herdr::server::headless: client disconnected client_id=30
2026-07-29T21:12:07.225052Z  INFO herdr::logging: tab focused event="tab.focus" subsystem="tab" outcome="ok" workspace_id="w3" tab_id="w3:t7"
2026-07-29T21:12:12.250138Z  INFO herdr::logging: session saved event="persist.save" subsystem="persist" outcome="ok" path=/Users/vince/.config/herdr/session.json workspaces=3
2026-07-29T21:18:56.600798Z  INFO herdr::logging: checking for updates event="update.check.start" subsystem="update" outcome="started"
2026-07-29T21:27:59.146103Z  INFO herdr::server::headless: client resize client_id=26 cols=142 rows=48 cell_width_px=0 cell_height_px=0
2026-07-29T21:28:03.446067Z  INFO herdr::server::headless: client resize client_id=26 cols=211 rows=63 cell_width_px=0 cell_height_px=0
2026-07-29T21:28:03.999708Z  INFO herdr::server::headless: client resize client_id=26 cols=142 rows=48 cell_width_px=0 cell_height_px=0
2026-07-29T21:28:08.134620Z  INFO herdr::server::headless: client resize client_id=26 cols=211 rows=63 cell_width_px=0 cell_height_px=0
2026-07-29T22:47:28.427776Z  INFO herdr::server::headless: client resize client_id=26 cols=211 rows=48 cell_width_px=0 cell_height_px=0
2026-07-29T22:47:28.868604Z  INFO herdr::server::headless: client resize client_id=26 cols=142 rows=48 cell_width_px=0 cell_height_px=0
2026-07-29T22:47:32.770746Z  INFO herdr::server::headless: client resize client_id=26 cols=211 rows=63 cell_width_px=0 cell_height_px=0
2026-07-29T22:47:33.678234Z  INFO herdr::server::headless: client resize client_id=26 cols=142 rows=48 cell_width_px=0 cell_height_px=0
2026-07-29T22:47:37.770006Z  INFO herdr::server::headless: client resize client_id=26 cols=211 rows=63 cell_width_px=0 cell_height_px=0
2026-07-29T22:47:46.088121Z  INFO herdr::logging: tab focused event="tab.focus" subsystem="tab" outcome="ok" workspace_id="w3" tab_id="w3:t1"
2026-07-29T22:47:51.103212Z  INFO herdr::logging: session saved event="persist.save" subsystem="persist" outcome="ok" path=/Users/vince/.config/herdr/session.json workspaces=3
2026-07-29T22:49:46.408193Z  INFO herdr::logging: tab focused event="tab.focus" subsystem="tab" outcome="ok" workspace_id="w3" tab_id="w3:t7"
2026-07-29T22:49:51.426425Z  INFO herdr::logging: session saved event="persist.save" subsystem="persist" outcome="ok" path=/Users/vince/.config/herdr/session.json workspaces=3
2026-07-29T22:51:12.274966Z  INFO herdr::logging: tab focused event="tab.focus" subsystem="tab" outcome="ok" workspace_id="w3" tab_id="w3:t1"
2026-07-29T22:51:17.302952Z  INFO herdr::logging: session saved event="persist.save" subsystem="persist" outcome="ok" path=/Users/vince/.config/herdr/session.json workspaces=3
2026-07-29T22:51:32.067923Z  INFO herdr::logging: tab focused event="tab.focus" subsystem="tab" outcome="ok" workspace_id="w3" tab_id="w3:t7"
2026-07-29T22:51:36.677887Z  INFO herdr::logging: tab focused event="tab.focus" subsystem="tab" outcome="ok" workspace_id="w3" tab_id="w3:t1"
2026-07-29T22:51:41.691492Z  INFO herdr::logging: session saved event="persist.save" subsystem="persist" outcome="ok" path=/Users/vince/.config/herdr/session.json workspaces=3
2026-07-29T22:54:08.863697Z  INFO herdr::logging: tab focused event="tab.focus" subsystem="tab" outcome="ok" workspace_id="w3" tab_id="w3:t7"
2026-07-29T22:54:13.876107Z  INFO herdr::logging: session saved event="persist.save" subsystem="persist" outcome="ok" path=/Users/vince/.config/herdr/session.json workspaces=3
2026-07-29T22:58:45.777111Z  INFO herdr::logging: tab focused event="tab.focus" subsystem="tab" outcome="ok" workspace_id="w3" tab_id="w3:t1"
2026-07-29T22:58:50.786740Z  INFO herdr::logging: session saved event="persist.save" subsystem="persist" outcome="ok" path=/Users/vince/.config/herdr/session.json workspaces=3
2026-07-29T23:00:00.891238Z  INFO herdr::logging: tab focused event="tab.focus" subsystem="tab" outcome="ok" workspace_id="w3" tab_id="w3:t6"
2026-07-29T23:00:02.078440Z  INFO herdr::logging: tab focused event="tab.focus" subsystem="tab" outcome="ok" workspace_id="w3" tab_id="w3:t7"
2026-07-29T23:00:07.082845Z  INFO herdr::logging: session saved event="persist.save" subsystem="persist" outcome="ok" path=/Users/vince/.config/herdr/session.json workspaces=3
2026-07-29T23:00:20.987360Z  INFO herdr::logging: tab focused event="tab.focus" subsystem="tab" outcome="ok" workspace_id="w3" tab_id="w3:t1"
2026-07-29T23:00:25.998267Z  INFO herdr::logging: session saved event="persist.save" subsystem="persist" outcome="ok" path=/Users/vince/.config/herdr/session.json workspaces=3
2026-07-29T23:00:33.345107Z  INFO herdr::logging: tab focused event="tab.focus" subsystem="tab" outcome="ok" workspace_id="w3" tab_id="w3:t7"
2026-07-29T23:00:34.718056Z  INFO herdr::app::actions: copied selection to clipboard
2026-07-29T23:00:35.486530Z  INFO herdr::app::actions: copied double-clicked token to clipboard
2026-07-29T23:00:38.353148Z  INFO herdr::logging: session saved event="persist.save" subsystem="persist" outcome="ok" path=/Users/vince/.config/herdr/session.json workspaces=3
2026-07-29T23:00:45.369836Z  INFO herdr::logging: tab focused event="tab.focus" subsystem="tab" outcome="ok" workspace_id="w3" tab_id="w3:t1"
2026-07-29T23:00:50.379109Z  INFO herdr::logging: session saved event="persist.save" subsystem="persist" outcome="ok" path=/Users/vince/.config/herdr/session.json workspaces=3
2026-07-29T23:00:54.327992Z  INFO herdr::logging: tab focused event="tab.focus" subsystem="tab" outcome="ok" workspace_id="w3" tab_id="w3:t7"
2026-07-29T23:00:56.592315Z  INFO herdr::logging: tab focused event="tab.focus" subsystem="tab" outcome="ok" workspace_id="w3" tab_id="w3:t1"
2026-07-29T23:01:01.598730Z  INFO herdr::logging: session saved event="persist.save" subsystem="persist" outcome="ok" path=/Users/vince/.config/herdr/session.json workspaces=3
2026-07-29T23:01:07.309392Z  INFO herdr::logging: tab focused event="tab.focus" subsystem="tab" outcome="ok" workspace_id="w3" tab_id="w3:t7"
2026-07-29T23:01:07.976311Z  INFO herdr::logging: checking for updates event="update.check.start" subsystem="update" outcome="started"
2026-07-29T23:01:10.668475Z  INFO herdr::app::actions: copied selection to clipboard
2026-07-29T23:01:12.320551Z  INFO herdr::logging: session saved event="persist.save" subsystem="persist" outcome="ok" path=/Users/vince/.config/herdr/session.json workspaces=3
2026-07-29T23:01:13.731201Z  INFO herdr::app::actions: copied selection to clipboard
2026-07-29T23:01:14.922566Z  INFO herdr::app::actions: copied selection to clipboard
2026-07-29T23:01:46.604096Z  INFO herdr::logging: tab focused event="tab.focus" subsystem="tab" outcome="ok" workspace_id="w3" tab_id="w3:t1"
2026-07-29T23:01:51.615684Z  INFO herdr::logging: session saved event="persist.save" subsystem="persist" outcome="ok" path=/Users/vince/.config/herdr/session.json workspaces=3
2026-07-29T23:02:18.657488Z  INFO herdr::logging: tab focused event="tab.focus" subsystem="tab" outcome="ok" workspace_id="w3" tab_id="w3:t7"
2026-07-29T23:02:23.669027Z  INFO herdr::logging: session saved event="persist.save" subsystem="persist" outcome="ok" path=/Users/vince/.config/herdr/session.json workspaces=3
2026-07-29T23:02:24.196501Z  INFO herdr::logging: tab focused event="tab.focus" subsystem="tab" outcome="ok" workspace_id="w3" tab_id="w3:t1"
2026-07-29T23:02:29.207908Z  INFO herdr::logging: session saved event="persist.save" subsystem="persist" outcome="ok" path=/Users/vince/.config/herdr/session.json workspaces=3
2026-07-29T23:03:42.611830Z  INFO herdr::logging: tab focused event="tab.focus" subsystem="tab" outcome="ok" workspace_id="w3" tab_id="w3:t7"
2026-07-29T23:03:47.262804Z  INFO herdr::logging: tab focused event="tab.focus" subsystem="tab" outcome="ok" workspace_id="w3" tab_id="w3:t1"
2026-07-29T23:03:52.269950Z  INFO herdr::logging: session saved event="persist.save" subsystem="persist" outcome="ok" path=/Users/vince/.config/herdr/session.json workspaces=3
2026-07-29T23:43:42.266311Z  INFO herdr::server::headless: client resize client_id=26 cols=142 rows=48 cell_width_px=0 cell_height_px=0
2026-07-29T23:43:46.386522Z  INFO herdr::server::headless: client resize client_id=26 cols=211 rows=63 cell_width_px=0 cell_height_px=0
2026-07-29T23:43:47.043976Z  INFO herdr::server::headless: client resize client_id=26 cols=142 rows=48 cell_width_px=0 cell_height_px=0
2026-07-29T23:43:51.068471Z  INFO herdr::server::headless: client resize client_id=26 cols=211 rows=63 cell_width_px=0 cell_height_px=0
2026-07-29T23:44:47.895920Z  INFO herdr::logging: tab focused event="tab.focus" subsystem="tab" outcome="ok" workspace_id="w3" tab_id="w3:t7"
2026-07-29T23:44:52.905183Z  INFO herdr::logging: session saved event="persist.save" subsystem="persist" outcome="ok" path=/Users/vince/.config/herdr/session.json workspaces=3
2026-07-29T23:46:14.850633Z  INFO herdr::logging: tab focused event="tab.focus" subsystem="tab" outcome="ok" workspace_id="w3" tab_id="w3:t1"
2026-07-29T23:46:16.426384Z  INFO herdr::logging: tab focused event="tab.focus" subsystem="tab" outcome="ok" workspace_id="w3" tab_id="w3:t7"
2026-07-29T23:46:21.442234Z  INFO herdr::logging: session saved event="persist.save" subsystem="persist" outcome="ok" path=/Users/vince/.config/herdr/session.json workspaces=3
2026-07-29T23:46:58.290997Z  INFO herdr::logging: tab focused event="tab.focus" subsystem="tab" outcome="ok" workspace_id="w3" tab_id="w3:t1"
2026-07-29T23:47:03.299414Z  INFO herdr::logging: session saved event="persist.save" subsystem="persist" outcome="ok" path=/Users/vince/.config/herdr/session.json workspaces=3
2026-07-29T23:54:19.938351Z  INFO herdr::logging: tab focused event="tab.focus" subsystem="tab" outcome="ok" workspace_id="w3" tab_id="w3:t7"
2026-07-29T23:54:24.947646Z  INFO herdr::logging: session saved event="persist.save" subsystem="persist" outcome="ok" path=/Users/vince/.config/herdr/session.json workspaces=3
2026-07-30T00:02:19.709342Z  INFO herdr::logging: tab focused event="tab.focus" subsystem="tab" outcome="ok" workspace_id="w3" tab_id="w3:t2"
2026-07-30T00:02:24.738337Z  INFO herdr::logging: session saved event="persist.save" subsystem="persist" outcome="ok" path=/Users/vince/.config/herdr/session.json workspaces=3
2026-07-30T00:02:25.578585Z  INFO herdr::logging: tab focused event="tab.focus" subsystem="tab" outcome="ok" workspace_id="w3" tab_id="w3:t1"
2026-07-30T00:02:26.625348Z  INFO herdr::logging: tab focused event="tab.focus" subsystem="tab" outcome="ok" workspace_id="w3" tab_id="w3:t7"
2026-07-30T00:02:27.818720Z  INFO herdr::logging: tab focused event="tab.focus" subsystem="tab" outcome="ok" workspace_id="w3" tab_id="w3:t6"
2026-07-30T00:02:28.772166Z  INFO herdr::logging: tab focused event="tab.focus" subsystem="tab" outcome="ok" workspace_id="w3" tab_id="w3:t2"
2026-07-30T00:02:30.015214Z  INFO herdr::logging: tab focused event="tab.focus" subsystem="tab" outcome="ok" workspace_id="w3" tab_id="w3:t1"
2026-07-30T00:02:33.808437Z  INFO herdr::logging: tab focused event="tab.focus" subsystem="tab" outcome="ok" workspace_id="w3" tab_id="w3:t7"
2026-07-30T00:02:37.407744Z  INFO herdr::logging: tab focused event="tab.focus" subsystem="tab" outcome="ok" workspace_id="w3" tab_id="w3:t1"
2026-07-30T00:02:42.420898Z  INFO herdr::logging: session saved event="persist.save" subsystem="persist" outcome="ok" path=/Users/vince/.config/herdr/session.json workspaces=3
2026-07-30T00:04:27.585191Z  INFO herdr::logging: tab focused event="tab.focus" subsystem="tab" outcome="ok" workspace_id="w3" tab_id="w3:t7"
2026-07-30T00:04:32.603917Z  INFO herdr::logging: session saved event="persist.save" subsystem="persist" outcome="ok" path=/Users/vince/.config/herdr/session.json workspaces=3
2026-07-30T00:04:52.611581Z  INFO herdr::logging: tab focused event="tab.focus" subsystem="tab" outcome="ok" workspace_id="w3" tab_id="w3:t1"
2026-07-30T00:04:52.874127Z  INFO herdr::logging: checking for updates event="update.check.start" subsystem="update" outcome="started"
2026-07-30T00:04:55.718159Z  INFO herdr::logging: tab focused event="tab.focus" subsystem="tab" outcome="ok" workspace_id="w3" tab_id="w3:t7"
2026-07-30T00:05:00.731955Z  INFO herdr::logging: session saved event="persist.save" subsystem="persist" outcome="ok" path=/Users/vince/.config/herdr/session.json workspaces=3
2026-07-30T00:05:01.946031Z  INFO herdr::logging: tab focused event="tab.focus" subsystem="tab" outcome="ok" workspace_id="w3" tab_id="w3:t2"
2026-07-30T00:05:06.972900Z  INFO herdr::logging: session saved event="persist.save" subsystem="persist" outcome="ok" path=/Users/vince/.config/herdr/session.json workspaces=3
2026-07-30T00:05:12.027741Z  INFO herdr::logging: tab focused event="tab.focus" subsystem="tab" outcome="ok" workspace_id="w3" tab_id="w3:t7"
2026-07-30T00:05:17.063641Z  INFO herdr::logging: session saved event="persist.save" subsystem="persist" outcome="ok" path=/Users/vince/.config/herdr/session.json workspaces=3
2026-07-30T00:05:23.381648Z  INFO herdr::logging: tab focused event="tab.focus" subsystem="tab" outcome="ok" workspace_id="w3" tab_id="w3:t1"
2026-07-30T00:05:28.405191Z  INFO herdr::logging: session saved event="persist.save" subsystem="persist" outcome="ok" path=/Users/vince/.config/herdr/session.json workspaces=3
2026-07-30T00:17:50.635891Z  INFO herdr::logging: api request received event="api.request.start" subsystem="api" outcome="started" request_id="cli:tab:focus" method="tab.focus" changes_ui=true
2026-07-30T00:17:50.636373Z  INFO herdr::logging: tab focused event="tab.focus" subsystem="tab" outcome="ok" workspace_id="w3" tab_id="w3:t7"
2026-07-30T00:17:50.636412Z  INFO herdr::logging: api request completed event="api.request.complete" subsystem="api" outcome="ok" request_id="cli:tab:focus" method="tab.focus"
2026-07-30T00:17:52.122574Z  INFO herdr::logging: api request received event="api.request.start" subsystem="api" outcome="started" request_id="cli:tab:focus" method="tab.focus" changes_ui=true
2026-07-30T00:17:52.122680Z  INFO herdr::logging: tab focused event="tab.focus" subsystem="tab" outcome="ok" workspace_id="w3" tab_id="w3:t1"
2026-07-30T00:17:52.122726Z  INFO herdr::logging: api request completed event="api.request.complete" subsystem="api" outcome="ok" request_id="cli:tab:focus" method="tab.focus"
2026-07-30T00:17:57.134469Z  INFO herdr::logging: session saved event="persist.save" subsystem="persist" outcome="ok" path=/Users/vince/.config/herdr/session.json workspaces=3
2026-07-30T00:19:08.546652Z  INFO herdr::logging: tab focused event="tab.focus" subsystem="tab" outcome="ok" workspace_id="w3" tab_id="w3:t7"
2026-07-30T00:19:10.229656Z  INFO herdr::logging: tab focused event="tab.focus" subsystem="tab" outcome="ok" workspace_id="w3" tab_id="w3:t2"
2026-07-30T00:19:15.255533Z  INFO herdr::logging: session saved event="persist.save" subsystem="persist" outcome="ok" path=/Users/vince/.config/herdr/session.json workspaces=3
2026-07-30T00:19:20.473266Z  INFO herdr::logging: tab focused event="tab.focus" subsystem="tab" outcome="ok" workspace_id="w3" tab_id="w3:t1"
2026-07-30T00:19:25.501626Z  INFO herdr::logging: session saved event="persist.save" subsystem="persist" outcome="ok" path=/Users/vince/.config/herdr/session.json workspaces=3
2026-07-30T00:21:25.072144Z  INFO herdr::logging: api request received event="api.request.start" subsystem="api" outcome="started" request_id="cli:tab:focus" method="tab.focus" changes_ui=true
2026-07-30T00:21:25.072449Z  INFO herdr::logging: tab focused event="tab.focus" subsystem="tab" outcome="ok" workspace_id="w3" tab_id="w3:t2"
2026-07-30T00:21:25.072486Z  INFO herdr::logging: api request completed event="api.request.complete" subsystem="api" outcome="ok" request_id="cli:tab:focus" method="tab.focus"
2026-07-30T00:21:30.083752Z  INFO herdr::logging: session saved event="persist.save" subsystem="persist" outcome="ok" path=/Users/vince/.config/herdr/session.json workspaces=3
2026-07-30T00:22:16.216334Z  INFO herdr::logging: tab focused event="tab.focus" subsystem="tab" outcome="ok" workspace_id="w3" tab_id="w3:t7"
2026-07-30T00:22:21.231924Z  INFO herdr::logging: session saved event="persist.save" subsystem="persist" outcome="ok" path=/Users/vince/.config/herdr/session.json workspaces=3
2026-07-30T00:22:23.194230Z  INFO herdr::logging: tab focused event="tab.focus" subsystem="tab" outcome="ok" workspace_id="w3" tab_id="w3:t1"
2026-07-30T00:22:28.155858Z  INFO herdr::logging: tab focused event="tab.focus" subsystem="tab" outcome="ok" workspace_id="w3" tab_id="w3:t7"
2026-07-30T00:22:33.164293Z  INFO herdr::logging: session saved event="persist.save" subsystem="persist" outcome="ok" path=/Users/vince/.config/herdr/session.json workspaces=3
2026-07-30T00:22:56.970823Z  INFO herdr::logging: tab focused event="tab.focus" subsystem="tab" outcome="ok" workspace_id="w3" tab_id="w3:t1"
2026-07-30T00:22:58.216465Z  INFO herdr::logging: tab focused event="tab.focus" subsystem="tab" outcome="ok" workspace_id="w3" tab_id="w3:t2"
2026-07-30T00:23:02.535088Z  INFO herdr::logging: tab focused event="tab.focus" subsystem="tab" outcome="ok" workspace_id="w3" tab_id="w3:t7"
2026-07-30T00:23:04.063962Z  INFO herdr::logging: tab focused event="tab.focus" subsystem="tab" outcome="ok" workspace_id="w3" tab_id="w3:t2"
2026-07-30T00:23:09.070528Z  INFO herdr::logging: session saved event="persist.save" subsystem="persist" outcome="ok" path=/Users/vince/.config/herdr/session.json workspaces=3
2026-07-30T00:23:36.603979Z  INFO herdr::logging: tab focused event="tab.focus" subsystem="tab" outcome="ok" workspace_id="w3" tab_id="w3:t7"
2026-07-30T00:23:40.994784Z  INFO herdr::logging: tab focused event="tab.focus" subsystem="tab" outcome="ok" workspace_id="w3" tab_id="w3:t2"
2026-07-30T00:23:46.004302Z  INFO herdr::logging: session saved event="persist.save" subsystem="persist" outcome="ok" path=/Users/vince/.config/herdr/session.json workspaces=3
2026-07-30T00:24:32.069268Z  INFO herdr::logging: tab focused event="tab.focus" subsystem="tab" outcome="ok" workspace_id="w3" tab_id="w3:t7"
2026-07-30T00:24:37.079477Z  INFO herdr::logging: session saved event="persist.save" subsystem="persist" outcome="ok" path=/Users/vince/.config/herdr/session.json workspaces=3
2026-07-30T00:24:47.951144Z  INFO herdr::logging: tab focused event="tab.focus" subsystem="tab" outcome="ok" workspace_id="w3" tab_id="w3:t1"
2026-07-30T00:24:49.424393Z  INFO herdr::logging: tab focused event="tab.focus" subsystem="tab" outcome="ok" workspace_id="w3" tab_id="w3:t6"
2026-07-30T00:24:49.966431Z  INFO herdr::logging: tab focused event="tab.focus" subsystem="tab" outcome="ok" workspace_id="w3" tab_id="w3:t2"
2026-07-30T00:24:54.972214Z  INFO herdr::logging: session saved event="persist.save" subsystem="persist" outcome="ok" path=/Users/vince/.config/herdr/session.json workspaces=3
2026-07-30T08:25:58.618278Z  INFO herdr::logging: checking for updates event="update.check.start" subsystem="update" outcome="started"
2026-07-30T08:26:32.742921Z  INFO herdr::server::headless: client resize client_id=26 cols=142 rows=48 cell_width_px=0 cell_height_px=0
2026-07-30T09:15:59.657439Z  INFO herdr::server::headless: client resize client_id=26 cols=142 rows=47 cell_width_px=0 cell_height_px=0
2026-07-30T09:17:11.781422Z  INFO herdr::server::headless: client resize client_id=26 cols=158 rows=47 cell_width_px=0 cell_height_px=0
2026-07-30T09:17:33.025598Z  INFO herdr::logging: tab focused event="tab.focus" subsystem="tab" outcome="ok" workspace_id="w3" tab_id="w3:t1"
2026-07-30T09:17:38.047040Z  INFO herdr::logging: session saved event="persist.save" subsystem="persist" outcome="ok" path=/Users/vince/.config/herdr/session.json workspaces=3
2026-07-30T09:18:18.059857Z  INFO herdr::logging: workspace focused event="workspace.focus" subsystem="workspace" outcome="ok" workspace_id="w9"
2026-07-30T09:18:18.060893Z  INFO herdr::logging: tab focused event="tab.focus" subsystem="tab" outcome="ok" workspace_id="w9" tab_id="w9:t3"
2026-07-30T09:18:23.085053Z  INFO herdr::logging: session saved event="persist.save" subsystem="persist" outcome="ok" path=/Users/vince/.config/herdr/session.json workspaces=3
2026-07-30T09:31:02.714744Z  INFO herdr::logging: workspace focused event="workspace.focus" subsystem="workspace" outcome="ok" workspace_id="w3"
2026-07-30T09:31:02.715978Z  INFO herdr::logging: tab focused event="tab.focus" subsystem="tab" outcome="ok" workspace_id="w3" tab_id="w3:t1"
2026-07-30T09:31:04.149282Z  INFO herdr::logging: tab focused event="tab.focus" subsystem="tab" outcome="ok" workspace_id="w3" tab_id="w3:t7"
2026-07-30T09:31:09.163076Z  INFO herdr::logging: session saved event="persist.save" subsystem="persist" outcome="ok" path=/Users/vince/.config/herdr/session.json workspaces=3
2026-07-30T09:34:23.618546Z  INFO herdr::logging: workspace focused event="workspace.focus" subsystem="workspace" outcome="ok" workspace_id="w9"
2026-07-30T09:34:23.619505Z  INFO herdr::logging: tab focused event="tab.focus" subsystem="tab" outcome="ok" workspace_id="w9" tab_id="w9:t3"
2026-07-30T09:34:28.649316Z  INFO herdr::logging: session saved event="persist.save" subsystem="persist" outcome="ok" path=/Users/vince/.config/herdr/session.json workspaces=3
2026-07-30T09:35:56.126486Z  INFO herdr::logging: tab focused event="tab.focus" subsystem="tab" outcome="ok" workspace_id="w9" tab_id="w9:t1"
2026-07-30T09:36:01.153782Z  INFO herdr::logging: session saved event="persist.save" subsystem="persist" outcome="ok" path=/Users/vince/.config/herdr/session.json workspaces=3
2026-07-30T09:37:25.008048Z  INFO herdr::logging: tab focused event="tab.focus" subsystem="tab" outcome="ok" workspace_id="w9" tab_id="w9:t2"
2026-07-30T09:37:30.030994Z  INFO herdr::logging: session saved event="persist.save" subsystem="persist" outcome="ok" path=/Users/vince/.config/herdr/session.json workspaces=3
2026-07-30T09:41:41.422165Z  INFO herdr::logging: checking for updates event="update.check.start" subsystem="update" outcome="started"
2026-07-30T09:57:30.969764Z  INFO herdr::server::headless: client connected client_id=32 cols=80 rows=24 cell_width_px=0 cell_height_px=0 render_encoding=SemanticFrame
2026-07-30T09:57:31.027434Z  INFO herdr::server::headless: client disconnected client_id=32
2026-07-30T10:11:41.443401Z  INFO herdr::logging: checking for updates event="update.check.start" subsystem="update" outcome="started"
2026-07-30T10:41:41.463709Z  INFO herdr::logging: checking for updates event="update.check.start" subsystem="update" outcome="started"
2026-07-30T11:11:41.485474Z  INFO herdr::logging: checking for updates event="update.check.start" subsystem="update" outcome="started"
2026-07-30T11:41:41.498452Z  INFO herdr::logging: checking for updates event="update.check.start" subsystem="update" outcome="started"
2026-07-30T12:11:41.514484Z  INFO herdr::logging: checking for updates event="update.check.start" subsystem="update" outcome="started"
2026-07-30T12:41:41.467061Z  INFO herdr::logging: checking for updates event="update.check.start" subsystem="update" outcome="started"
2026-07-30T13:11:41.561091Z  INFO herdr::logging: checking for updates event="update.check.start" subsystem="update" outcome="started"
2026-07-30T13:24:25.182028Z  INFO herdr::app::actions: copied selection to clipboard
2026-07-30T13:34:33.327720Z  INFO herdr::logging: tab focused event="tab.focus" subsystem="tab" outcome="ok" workspace_id="w9" tab_id="w9:tA"
2026-07-30T13:34:35.528063Z  INFO herdr::logging: tab focused event="tab.focus" subsystem="tab" outcome="ok" workspace_id="w9" tab_id="w9:t3"
2026-07-30T13:34:40.536053Z  INFO herdr::logging: session saved event="persist.save" subsystem="persist" outcome="ok" path=/Users/vince/.config/herdr/session.json workspaces=3
2026-07-30T13:41:41.544579Z  INFO herdr::logging: checking for updates event="update.check.start" subsystem="update" outcome="started"
2026-07-30T13:41:55.907188Z  INFO herdr::logging: tab focused event="tab.focus" subsystem="tab" outcome="ok" workspace_id="w9" tab_id="w9:t2"
2026-07-30T13:41:56.583189Z  INFO herdr::logging: tab focused event="tab.focus" subsystem="tab" outcome="ok" workspace_id="w9" tab_id="w9:t3"
2026-07-30T13:42:01.597088Z  INFO herdr::logging: session saved event="persist.save" subsystem="persist" outcome="ok" path=/Users/vince/.config/herdr/session.json workspaces=3
2026-07-30T13:48:54.987948Z  INFO herdr::logging: tab focused event="tab.focus" subsystem="tab" outcome="ok" workspace_id="w9" tab_id="w9:tA"
2026-07-30T13:48:55.687010Z  INFO herdr::logging: tab focused event="tab.focus" subsystem="tab" outcome="ok" workspace_id="w9" tab_id="w9:t3"
2026-07-30T13:49:00.693404Z  INFO herdr::logging: session saved event="persist.save" subsystem="persist" outcome="ok" path=/Users/vince/.config/herdr/session.json workspaces=3
2026-07-30T14:04:25.681803Z  INFO herdr::logging: tab focused event="tab.focus" subsystem="tab" outcome="ok" workspace_id="w9" tab_id="w9:t2"
2026-07-30T14:04:30.705633Z  INFO herdr::logging: session saved event="persist.save" subsystem="persist" outcome="ok" path=/Users/vince/.config/herdr/session.json workspaces=3
2026-07-30T14:11:41.547126Z  INFO herdr::logging: checking for updates event="update.check.start" subsystem="update" outcome="started"
2026-07-30T14:41:41.543134Z  INFO herdr::logging: checking for updates event="update.check.start" subsystem="update" outcome="started"
2026-07-30T14:53:06.334425Z  INFO herdr::logging: tab focused event="tab.focus" subsystem="tab" outcome="ok" workspace_id="w9" tab_id="w9:tA"
2026-07-30T14:53:06.381614Z  INFO herdr::logging: tab focused event="tab.focus" subsystem="tab" outcome="ok" workspace_id="w9" tab_id="w9:tA"
2026-07-30T14:53:07.454714Z  INFO herdr::logging: tab focused event="tab.focus" subsystem="tab" outcome="ok" workspace_id="w9" tab_id="w9:t3"
2026-07-30T14:53:07.868450Z  INFO herdr::logging: tab focused event="tab.focus" subsystem="tab" outcome="ok" workspace_id="w9" tab_id="w9:t2"
2026-07-30T14:53:08.196339Z  INFO herdr::logging: tab focused event="tab.focus" subsystem="tab" outcome="ok" workspace_id="w9" tab_id="w9:t1"
2026-07-30T14:53:13.230507Z  INFO herdr::logging: session saved event="persist.save" subsystem="persist" outcome="ok" path=/Users/vince/.config/herdr/session.json workspaces=3
2026-07-30T15:11:41.542923Z  INFO herdr::logging: checking for updates event="update.check.start" subsystem="update" outcome="started"
2026-07-30T15:26:25.492075Z  INFO herdr::logging: tab focused event="tab.focus" subsystem="tab" outcome="ok" workspace_id="w9" tab_id="w9:tA"
2026-07-30T15:26:25.937763Z  INFO herdr::logging: tab focused event="tab.focus" subsystem="tab" outcome="ok" workspace_id="w9" tab_id="w9:t2"
2026-07-30T15:26:30.976458Z  INFO herdr::logging: session saved event="persist.save" subsystem="persist" outcome="ok" path=/Users/vince/.config/herdr/session.json workspaces=3
2026-07-30T15:41:41.569712Z  INFO herdr::logging: checking for updates event="update.check.start" subsystem="update" outcome="started"
2026-07-30T16:11:41.606844Z  INFO herdr::logging: checking for updates event="update.check.start" subsystem="update" outcome="started"
2026-07-30T16:41:41.582797Z  INFO herdr::logging: checking for updates event="update.check.start" subsystem="update" outcome="started"
2026-07-30T16:48:21.001522Z  INFO herdr::server::headless: client resize client_id=26 cols=142 rows=47 cell_width_px=0 cell_height_px=0
2026-07-30T19:19:47.886884Z  INFO herdr::server::headless: client resize client_id=26 cols=142 rows=48 cell_width_px=0 cell_height_px=0
2026-07-30T19:19:51.814041Z  INFO herdr::server::headless: client resize client_id=26 cols=211 rows=63 cell_width_px=0 cell_height_px=0
2026-07-30T19:19:52.921526Z  INFO herdr::server::headless: client resize client_id=26 cols=142 rows=48 cell_width_px=0 cell_height_px=0
2026-07-30T19:19:56.391878Z  INFO herdr::server::headless: client resize client_id=26 cols=211 rows=63 cell_width_px=0 cell_height_px=0
2026-07-30T19:25:25.809720Z  INFO herdr::logging: workspace focused event="workspace.focus" subsystem="workspace" outcome="ok" workspace_id="w3"
2026-07-30T19:25:25.811508Z  INFO herdr::logging: tab focused event="tab.focus" subsystem="tab" outcome="ok" workspace_id="w3" tab_id="w3:t7"
2026-07-30T19:25:27.074442Z  INFO herdr::logging: tab focused event="tab.focus" subsystem="tab" outcome="ok" workspace_id="w3" tab_id="w3:t2"
2026-07-30T19:25:32.110247Z  INFO herdr::logging: session saved event="persist.save" subsystem="persist" outcome="ok" path=/Users/vince/.config/herdr/session.json workspaces=3
2026-07-30T19:26:13.654721Z  INFO herdr::logging: tab focused event="tab.focus" subsystem="tab" outcome="ok" workspace_id="w3" tab_id="w3:t7"
2026-07-30T19:26:18.683609Z  INFO herdr::logging: session saved event="persist.save" subsystem="persist" outcome="ok" path=/Users/vince/.config/herdr/session.json workspaces=3
2026-07-30T19:33:46.990703Z  INFO herdr::logging: checking for updates event="update.check.start" subsystem="update" outcome="started"
2026-07-30T19:46:01.938030Z  INFO herdr::logging: tab focused event="tab.focus" subsystem="tab" outcome="ok" workspace_id="w3" tab_id="w3:t2"
2026-07-30T19:46:06.967873Z  INFO herdr::logging: session saved event="persist.save" subsystem="persist" outcome="ok" path=/Users/vince/.config/herdr/session.json workspaces=3
2026-07-30T19:52:41.636249Z  INFO herdr::logging: tab focused event="tab.focus" subsystem="tab" outcome="ok" workspace_id="w3" tab_id="w3:t1"
2026-07-30T19:52:46.663995Z  INFO herdr::logging: session saved event="persist.save" subsystem="persist" outcome="ok" path=/Users/vince/.config/herdr/session.json workspaces=3
2026-07-30T20:03:47.055100Z  INFO herdr::logging: checking for updates event="update.check.start" subsystem="update" outcome="started"
2026-07-30T20:33:13.786570Z  INFO herdr::logging: tab focused event="tab.focus" subsystem="tab" outcome="ok" workspace_id="w3" tab_id="w3:t7"
2026-07-30T20:33:18.798768Z  INFO herdr::logging: session saved event="persist.save" subsystem="persist" outcome="ok" path=/Users/vince/.config/herdr/session.json workspaces=3
2026-07-30T20:33:47.086557Z  INFO herdr::logging: checking for updates event="update.check.start" subsystem="update" outcome="started"
2026-07-30T20:58:41.082011Z  INFO herdr::app::actions: copied double-clicked token to clipboard
2026-07-30T20:58:45.130558Z  INFO herdr::logging: tab focused event="tab.focus" subsystem="tab" outcome="ok" workspace_id="w3" tab_id="w3:t1"
2026-07-30T20:58:50.137317Z  INFO herdr::logging: session saved event="persist.save" subsystem="persist" outcome="ok" path=/Users/vince/.config/herdr/session.json workspaces=3
2026-07-30T21:00:39.825212Z  INFO herdr::logging: tab focused event="tab.focus" subsystem="tab" outcome="ok" workspace_id="w3" tab_id="w3:t7"
2026-07-30T21:00:40.548148Z  INFO herdr::logging: workspace focused event="workspace.focus" subsystem="workspace" outcome="ok" workspace_id="w2"
2026-07-30T21:00:40.548243Z  INFO herdr::logging: tab focused event="tab.focus" subsystem="tab" outcome="ok" workspace_id="w2" tab_id="w2:t3"
2026-07-30T21:00:41.146468Z  INFO herdr::logging: workspace focused event="workspace.focus" subsystem="workspace" outcome="ok" workspace_id="w3"
2026-07-30T21:00:41.146742Z  INFO herdr::logging: tab focused event="tab.focus" subsystem="tab" outcome="ok" workspace_id="w3" tab_id="w3:t7"
2026-07-30T21:00:42.668857Z  INFO herdr::logging: api request received event="api.request.start" subsystem="api" outcome="started" request_id="cli:tab:focus" method="tab.focus" changes_ui=true
2026-07-30T21:00:42.668965Z  INFO herdr::logging: tab focused event="tab.focus" subsystem="tab" outcome="ok" workspace_id="w3" tab_id="w3:t2"
2026-07-30T21:00:42.669000Z  INFO herdr::logging: api request completed event="api.request.complete" subsystem="api" outcome="ok" request_id="cli:tab:focus" method="tab.focus"
2026-07-30T21:00:47.679483Z  INFO herdr::logging: session saved event="persist.save" subsystem="persist" outcome="ok" path=/Users/vince/.config/herdr/session.json workspaces=3
2026-07-30T21:00:53.564173Z  INFO herdr::logging: api request received event="api.request.start" subsystem="api" outcome="started" request_id="cli:tab:focus" method="tab.focus" changes_ui=true
2026-07-30T21:00:53.564469Z  INFO herdr::logging: tab focused event="tab.focus" subsystem="tab" outcome="ok" workspace_id="w3" tab_id="w3:t1"
2026-07-30T21:00:53.564500Z  INFO herdr::logging: api request completed event="api.request.complete" subsystem="api" outcome="ok" request_id="cli:tab:focus" method="tab.focus"
2026-07-30T21:00:58.582754Z  INFO herdr::logging: session saved event="persist.save" subsystem="persist" outcome="ok" path=/Users/vince/.config/herdr/session.json workspaces=3
2026-07-30T21:03:47.071173Z  INFO herdr::logging: checking for updates event="update.check.start" subsystem="update" outcome="started"
2026-07-30T21:18:23.818921Z  INFO herdr::logging: tab focused event="tab.focus" subsystem="tab" outcome="ok" workspace_id="w3" tab_id="w3:t7"
2026-07-30T21:18:28.842980Z  INFO herdr::logging: session saved event="persist.save" subsystem="persist" outcome="ok" path=/Users/vince/.config/herdr/session.json workspaces=3
2026-07-30T21:20:51.577460Z  INFO herdr::server::headless: client connected client_id=34 cols=211 rows=63 cell_width_px=0 cell_height_px=0 render_encoding=SemanticFrame
2026-07-30T21:20:51.912071Z  INFO herdr::server::headless: client connected client_id=36 cols=211 rows=63 cell_width_px=0 cell_height_px=0 render_encoding=SemanticFrame
2026-07-30T21:21:05.270737Z  INFO herdr::server::headless: client disconnected client_id=36
2026-07-30T21:21:07.491706Z  INFO herdr::server::headless: client disconnected client_id=34
2026-07-30T21:23:49.373903Z  INFO herdr::logging: tab focused event="tab.focus" subsystem="tab" outcome="ok" workspace_id="w3" tab_id="w3:t1"
2026-07-30T21:23:54.386003Z  INFO herdr::logging: session saved event="persist.save" subsystem="persist" outcome="ok" path=/Users/vince/.config/herdr/session.json workspaces=3
2026-07-30T21:24:27.144689Z  INFO herdr::logging: tab focused event="tab.focus" subsystem="tab" outcome="ok" workspace_id="w3" tab_id="w3:t7"
2026-07-30T21:24:32.153602Z  INFO herdr::logging: session saved event="persist.save" subsystem="persist" outcome="ok" path=/Users/vince/.config/herdr/session.json workspaces=3
2026-07-30T21:24:46.477920Z  INFO herdr::logging: tab focused event="tab.focus" subsystem="tab" outcome="ok" workspace_id="w3" tab_id="w3:t1"
2026-07-30T21:24:51.504613Z  INFO herdr::logging: session saved event="persist.save" subsystem="persist" outcome="ok" path=/Users/vince/.config/herdr/session.json workspaces=3
2026-07-30T21:25:12.477171Z  INFO herdr::logging: tab focused event="tab.focus" subsystem="tab" outcome="ok" workspace_id="w3" tab_id="w3:t7"
2026-07-30T21:25:17.488838Z  INFO herdr::logging: session saved event="persist.save" subsystem="persist" outcome="ok" path=/Users/vince/.config/herdr/session.json workspaces=3
2026-07-30T21:27:27.052095Z  INFO herdr::logging: tab focused event="tab.focus" subsystem="tab" outcome="ok" workspace_id="w3" tab_id="w3:t1"
2026-07-30T21:27:32.059470Z  INFO herdr::logging: session saved event="persist.save" subsystem="persist" outcome="ok" path=/Users/vince/.config/herdr/session.json workspaces=3
2026-07-30T21:30:11.673583Z  INFO herdr::logging: tab focused event="tab.focus" subsystem="tab" outcome="ok" workspace_id="w3" tab_id="w3:t7"
2026-07-30T21:30:16.677992Z  INFO herdr::logging: session saved event="persist.save" subsystem="persist" outcome="ok" path=/Users/vince/.config/herdr/session.json workspaces=3
2026-07-30T21:30:35.301599Z  INFO herdr::logging: tab focused event="tab.focus" subsystem="tab" outcome="ok" workspace_id="w3" tab_id="w3:t1"
2026-07-30T21:30:40.324922Z  INFO herdr::logging: session saved event="persist.save" subsystem="persist" outcome="ok" path=/Users/vince/.config/herdr/session.json workspaces=3
2026-07-30T21:33:47.101943Z  INFO herdr::logging: checking for updates event="update.check.start" subsystem="update" outcome="started"
2026-07-30T21:45:56.997254Z  INFO herdr::logging: tab focused event="tab.focus" subsystem="tab" outcome="ok" workspace_id="w3" tab_id="w3:t7"
2026-07-30T21:46:02.011275Z  INFO herdr::logging: session saved event="persist.save" subsystem="persist" outcome="ok" path=/Users/vince/.config/herdr/session.json workspaces=3
2026-07-30T21:51:08.224097Z  INFO herdr::logging: tab focused event="tab.focus" subsystem="tab" outcome="ok" workspace_id="w3" tab_id="w3:t1"
2026-07-30T21:51:13.236981Z  INFO herdr::logging: session saved event="persist.save" subsystem="persist" outcome="ok" path=/Users/vince/.config/herdr/session.json workspaces=3
2026-07-30T21:55:18.309704Z  INFO herdr::logging: tab focused event="tab.focus" subsystem="tab" outcome="ok" workspace_id="w3" tab_id="w3:t7"
2026-07-30T21:55:22.644061Z  INFO herdr::logging: tab focused event="tab.focus" subsystem="tab" outcome="ok" workspace_id="w3" tab_id="w3:t1"
2026-07-30T21:55:27.655123Z  INFO herdr::logging: session saved event="persist.save" subsystem="persist" outcome="ok" path=/Users/vince/.config/herdr/session.json workspaces=3
2026-07-30T21:56:12.577063Z  INFO herdr::logging: tab focused event="tab.focus" subsystem="tab" outcome="ok" workspace_id="w3" tab_id="w3:t2"
2026-07-30T21:56:13.182968Z  INFO herdr::logging: tab focused event="tab.focus" subsystem="tab" outcome="ok" workspace_id="w3" tab_id="w3:t1"
2026-07-30T21:56:18.210083Z  INFO herdr::logging: session saved event="persist.save" subsystem="persist" outcome="ok" path=/Users/vince/.config/herdr/session.json workspaces=3
2026-07-30T21:56:27.028373Z  INFO herdr::logging: tab focused event="tab.focus" subsystem="tab" outcome="ok" workspace_id="w3" tab_id="w3:t7"
2026-07-30T21:56:32.038361Z  INFO herdr::logging: session saved event="persist.save" subsystem="persist" outcome="ok" path=/Users/vince/.config/herdr/session.json workspaces=3
2026-07-30T21:59:45.620116Z  INFO herdr::logging: tab focused event="tab.focus" subsystem="tab" outcome="ok" workspace_id="w3" tab_id="w3:t1"
2026-07-30T21:59:46.950918Z  INFO herdr::logging: tab focused event="tab.focus" subsystem="tab" outcome="ok" workspace_id="w3" tab_id="w3:t7"
2026-07-30T21:59:47.905689Z  INFO herdr::logging: tab focused event="tab.focus" subsystem="tab" outcome="ok" workspace_id="w3" tab_id="w3:t2"
2026-07-30T21:59:48.542787Z  INFO herdr::logging: tab focused event="tab.focus" subsystem="tab" outcome="ok" workspace_id="w3" tab_id="w3:t1"
2026-07-30T21:59:53.565795Z  INFO herdr::logging: session saved event="persist.save" subsystem="persist" outcome="ok" path=/Users/vince/.config/herdr/session.json workspaces=3
2026-07-30T22:00:09.765854Z  INFO herdr::logging: tab focused event="tab.focus" subsystem="tab" outcome="ok" workspace_id="w3" tab_id="w3:t2"
2026-07-30T22:00:09.777295Z  INFO herdr::logging: tab focused event="tab.focus" subsystem="tab" outcome="ok" workspace_id="w3" tab_id="w3:t6"
2026-07-30T22:00:09.799891Z  INFO herdr::logging: tab focused event="tab.focus" subsystem="tab" outcome="ok" workspace_id="w3" tab_id="w3:t7"
2026-07-30T22:00:09.812370Z  INFO herdr::logging: tab focused event="tab.focus" subsystem="tab" outcome="ok" workspace_id="w3" tab_id="w3:t1"
2026-07-30T22:00:09.826534Z  INFO herdr::logging: tab focused event="tab.focus" subsystem="tab" outcome="ok" workspace_id="w3" tab_id="w3:t2"
2026-07-30T22:00:09.839439Z  INFO herdr::logging: tab focused event="tab.focus" subsystem="tab" outcome="ok" workspace_id="w3" tab_id="w3:t6"
2026-07-30T22:00:09.862829Z  INFO herdr::logging: tab focused event="tab.focus" subsystem="tab" outcome="ok" workspace_id="w3" tab_id="w3:t7"
2026-07-30T22:00:09.874252Z  INFO herdr::logging: tab focused event="tab.focus" subsystem="tab" outcome="ok" workspace_id="w3" tab_id="w3:t1"
2026-07-30T22:00:09.895104Z  INFO herdr::logging: tab focused event="tab.focus" subsystem="tab" outcome="ok" workspace_id="w3" tab_id="w3:t2"
2026-07-30T22:00:09.929953Z  INFO herdr::logging: tab focused event="tab.focus" subsystem="tab" outcome="ok" workspace_id="w3" tab_id="w3:t6"
2026-07-30T22:00:09.957584Z  INFO herdr::logging: tab focused event="tab.focus" subsystem="tab" outcome="ok" workspace_id="w3" tab_id="w3:t7"
2026-07-30T22:00:09.979082Z  INFO herdr::logging: tab focused event="tab.focus" subsystem="tab" outcome="ok" workspace_id="w3" tab_id="w3:t1"
2026-07-30T22:00:09.999336Z  INFO herdr::logging: tab focused event="tab.focus" subsystem="tab" outcome="ok" workspace_id="w3" tab_id="w3:t2"
2026-07-30T22:00:10.020168Z  INFO herdr::logging: tab focused event="tab.focus" subsystem="tab" outcome="ok" workspace_id="w3" tab_id="w3:t6"
2026-07-30T22:00:10.040795Z  INFO herdr::logging: tab focused event="tab.focus" subsystem="tab" outcome="ok" workspace_id="w3" tab_id="w3:t7"
2026-07-30T22:00:10.061832Z  INFO herdr::logging: tab focused event="tab.focus" subsystem="tab" outcome="ok" workspace_id="w3" tab_id="w3:t1"
2026-07-30T22:00:10.089652Z  INFO herdr::logging: tab focused event="tab.focus" subsystem="tab" outcome="ok" workspace_id="w3" tab_id="w3:t2"
2026-07-30T22:00:10.117366Z  INFO herdr::logging: tab focused event="tab.focus" subsystem="tab" outcome="ok" workspace_id="w3" tab_id="w3:t6"
2026-07-30T22:00:10.145243Z  INFO herdr::logging: tab focused event="tab.focus" subsystem="tab" outcome="ok" workspace_id="w3" tab_id="w3:t7"
2026-07-30T22:00:10.187022Z  INFO herdr::logging: tab focused event="tab.focus" subsystem="tab" outcome="ok" workspace_id="w3" tab_id="w3:t1"
2026-07-30T22:00:10.228533Z  INFO herdr::logging: tab focused event="tab.focus" subsystem="tab" outcome="ok" workspace_id="w3" tab_id="w3:t2"
2026-07-30T22:00:11.764826Z  INFO herdr::logging: tab focused event="tab.focus" subsystem="tab" outcome="ok" workspace_id="w3" tab_id="w3:t1"
2026-07-30T22:00:16.773995Z  INFO herdr::logging: session saved event="persist.save" subsystem="persist" outcome="ok" path=/Users/vince/.config/herdr/session.json workspaces=3
2026-07-30T22:10:04.833968Z  INFO herdr::server::headless: client resize client_id=26 cols=142 rows=48 cell_width_px=0 cell_height_px=0
2026-07-30T22:10:06.956245Z  INFO herdr::logging: checking for updates event="update.check.start" subsystem="update" outcome="started"
2026-07-30T22:10:09.238534Z  INFO herdr::server::headless: client resize client_id=26 cols=211 rows=63 cell_width_px=0 cell_height_px=0
2026-07-30T22:10:09.671950Z  INFO herdr::server::headless: client resize client_id=26 cols=142 rows=48 cell_width_px=0 cell_height_px=0
2026-07-30T22:10:10.957184Z  INFO herdr::logging: tab focused event="tab.focus" subsystem="tab" outcome="ok" workspace_id="w3" tab_id="w3:t6"
2026-07-30T22:10:13.729045Z  INFO herdr::server::headless: client resize client_id=26 cols=211 rows=63 cell_width_px=0 cell_height_px=0
2026-07-30T22:10:15.962376Z  INFO herdr::logging: session saved event="persist.save" subsystem="persist" outcome="ok" path=/Users/vince/.config/herdr/session.json workspaces=3
2026-07-30T22:11:36.032179Z  INFO herdr::logging: tab focused event="tab.focus" subsystem="tab" outcome="ok" workspace_id="w3" tab_id="w3:t7"
2026-07-30T22:11:41.046138Z  INFO herdr::logging: session saved event="persist.save" subsystem="persist" outcome="ok" path=/Users/vince/.config/herdr/session.json workspaces=3
2026-07-30T22:14:03.094800Z  INFO herdr::logging: tab focused event="tab.focus" subsystem="tab" outcome="ok" workspace_id="w3" tab_id="w3:t1"
2026-07-30T22:14:08.112035Z  INFO herdr::logging: session saved event="persist.save" subsystem="persist" outcome="ok" path=/Users/vince/.config/herdr/session.json workspaces=3
2026-07-30T22:14:09.894969Z  INFO herdr::logging: tab focused event="tab.focus" subsystem="tab" outcome="ok" workspace_id="w3" tab_id="w3:t7"
2026-07-30T22:14:12.036321Z  INFO herdr::logging: tab focused event="tab.focus" subsystem="tab" outcome="ok" workspace_id="w3" tab_id="w3:t1"
2026-07-30T22:14:13.584126Z  INFO herdr::logging: tab focused event="tab.focus" subsystem="tab" outcome="ok" workspace_id="w3" tab_id="w3:t7"
2026-07-30T22:14:18.588564Z  INFO herdr::logging: session saved event="persist.save" subsystem="persist" outcome="ok" path=/Users/vince/.config/herdr/session.json workspaces=3
2026-07-30T22:14:21.586846Z  INFO herdr::logging: tab focused event="tab.focus" subsystem="tab" outcome="ok" workspace_id="w3" tab_id="w3:t1"
2026-07-30T22:14:26.600102Z  INFO herdr::logging: session saved event="persist.save" subsystem="persist" outcome="ok" path=/Users/vince/.config/herdr/session.json workspaces=3
2026-07-30T22:14:31.308485Z  INFO herdr::logging: tab focused event="tab.focus" subsystem="tab" outcome="ok" workspace_id="w3" tab_id="w3:t7"
2026-07-30T22:14:33.930081Z  INFO herdr::logging: tab focused event="tab.focus" subsystem="tab" outcome="ok" workspace_id="w3" tab_id="w3:t1"
2026-07-30T22:14:37.165458Z  INFO herdr::logging: tab focused event="tab.focus" subsystem="tab" outcome="ok" workspace_id="w3" tab_id="w3:t7"
2026-07-30T22:14:42.176008Z  INFO herdr::logging: session saved event="persist.save" subsystem="persist" outcome="ok" path=/Users/vince/.config/herdr/session.json workspaces=3
2026-07-30T22:15:40.947740Z  INFO herdr::logging: tab focused event="tab.focus" subsystem="tab" outcome="ok" workspace_id="w3" tab_id="w3:t1"
2026-07-30T22:15:42.657487Z  INFO herdr::logging: tab focused event="tab.focus" subsystem="tab" outcome="ok" workspace_id="w3" tab_id="w3:t6"
2026-07-30T22:15:43.372324Z  INFO herdr::logging: tab focused event="tab.focus" subsystem="tab" outcome="ok" workspace_id="w3" tab_id="w3:t2"
2026-07-30T22:15:44.515303Z  INFO herdr::logging: tab focused event="tab.focus" subsystem="tab" outcome="ok" workspace_id="w3" tab_id="w3:t7"
2026-07-30T22:15:45.895270Z  INFO herdr::logging: tab focused event="tab.focus" subsystem="tab" outcome="ok" workspace_id="w3" tab_id="w3:t1"
2026-07-30T22:15:50.910848Z  INFO herdr::logging: session saved event="persist.save" subsystem="persist" outcome="ok" path=/Users/vince/.config/herdr/session.json workspaces=3
2026-07-30T22:16:16.244488Z  INFO herdr::logging: tab focused event="tab.focus" subsystem="tab" outcome="ok" workspace_id="w3" tab_id="w3:t7"
2026-07-30T22:16:21.255924Z  INFO herdr::logging: session saved event="persist.save" subsystem="persist" outcome="ok" path=/Users/vince/.config/herdr/session.json workspaces=3
2026-07-30T22:17:34.355793Z  INFO herdr::app::actions: copied selection to clipboard
2026-07-30T22:25:50.446922Z  INFO herdr::server::headless: client resize client_id=26 cols=142 rows=48 cell_width_px=0 cell_height_px=0
2026-07-30T22:25:53.897505Z  INFO herdr::server::headless: client resize client_id=26 cols=211 rows=63 cell_width_px=0 cell_height_px=0
2026-07-30T22:33:51.572154Z  INFO herdr::app::actions: copied selection to clipboard
2026-07-30T22:34:05.209267Z  INFO herdr::logging: tab focused event="tab.focus" subsystem="tab" outcome="ok" workspace_id="w3" tab_id="w3:t1"
2026-07-30T22:34:10.225403Z  INFO herdr::logging: session saved event="persist.save" subsystem="persist" outcome="ok" path=/Users/vince/.config/herdr/session.json workspaces=3
2026-07-30T22:35:14.882945Z  INFO herdr::logging: tab focused event="tab.focus" subsystem="tab" outcome="ok" workspace_id="w3" tab_id="w3:t7"
2026-07-30T22:35:19.899792Z  INFO herdr::logging: session saved event="persist.save" subsystem="persist" outcome="ok" path=/Users/vince/.config/herdr/session.json workspaces=3
2026-07-30T22:40:06.971226Z  INFO herdr::logging: checking for updates event="update.check.start" subsystem="update" outcome="started"
2026-07-30T22:52:31.961531Z  INFO herdr::logging: tab focused event="tab.focus" subsystem="tab" outcome="ok" workspace_id="w3" tab_id="w3:t1"
2026-07-30T22:52:36.977673Z  INFO herdr::logging: session saved event="persist.save" subsystem="persist" outcome="ok" path=/Users/vince/.config/herdr/session.json workspaces=3
2026-07-30T22:53:15.059366Z  INFO herdr::logging: tab focused event="tab.focus" subsystem="tab" outcome="ok" workspace_id="w3" tab_id="w3:t7"
2026-07-30T22:53:20.077877Z  INFO herdr::logging: session saved event="persist.save" subsystem="persist" outcome="ok" path=/Users/vince/.config/herdr/session.json workspaces=3
2026-07-30T22:53:29.101759Z  INFO herdr::logging: tab focused event="tab.focus" subsystem="tab" outcome="ok" workspace_id="w3" tab_id="w3:t1"
2026-07-30T22:53:34.116983Z  INFO herdr::logging: session saved event="persist.save" subsystem="persist" outcome="ok" path=/Users/vince/.config/herdr/session.json workspaces=3
2026-07-30T22:54:06.506004Z  INFO herdr::logging: api request received event="api.request.start" subsystem="api" outcome="started" request_id="cli:tab:focus" method="tab.focus" changes_ui=true
2026-07-30T22:54:06.506283Z  INFO herdr::logging: tab focused event="tab.focus" subsystem="tab" outcome="ok" workspace_id="w3" tab_id="w3:t7"
2026-07-30T22:54:06.506311Z  INFO herdr::logging: api request completed event="api.request.complete" subsystem="api" outcome="ok" request_id="cli:tab:focus" method="tab.focus"
2026-07-30T22:54:10.594172Z  INFO herdr::logging: api request received event="api.request.start" subsystem="api" outcome="started" request_id="cli:tab:focus" method="tab.focus" changes_ui=true
2026-07-30T22:54:10.594356Z  INFO herdr::logging: tab focused event="tab.focus" subsystem="tab" outcome="ok" workspace_id="w3" tab_id="w3:t1"
2026-07-30T22:54:10.594418Z  INFO herdr::logging: api request completed event="api.request.complete" subsystem="api" outcome="ok" request_id="cli:tab:focus" method="tab.focus"
2026-07-30T22:54:15.599565Z  INFO herdr::logging: session saved event="persist.save" subsystem="persist" outcome="ok" path=/Users/vince/.config/herdr/session.json workspaces=3
2026-07-30T22:54:38.590876Z  INFO herdr::logging: tab focused event="tab.focus" subsystem="tab" outcome="ok" workspace_id="w3" tab_id="w3:t7"
2026-07-30T22:54:43.603258Z  INFO herdr::logging: session saved event="persist.save" subsystem="persist" outcome="ok" path=/Users/vince/.config/herdr/session.json workspaces=3
2026-07-30T22:54:49.417454Z  INFO herdr::logging: tab focused event="tab.focus" subsystem="tab" outcome="ok" workspace_id="w3" tab_id="w3:t1"
2026-07-30T22:54:54.427846Z  INFO herdr::logging: session saved event="persist.save" subsystem="persist" outcome="ok" path=/Users/vince/.config/herdr/session.json workspaces=3
2026-07-30T22:55:24.059892Z  INFO herdr::logging: tab focused event="tab.focus" subsystem="tab" outcome="ok" workspace_id="w3" tab_id="w3:t7"
2026-07-30T22:55:29.073275Z  INFO herdr::logging: session saved event="persist.save" subsystem="persist" outcome="ok" path=/Users/vince/.config/herdr/session.json workspaces=3
2026-07-30T22:55:35.128319Z  INFO herdr::logging: tab focused event="tab.focus" subsystem="tab" outcome="ok" workspace_id="w3" tab_id="w3:t1"
2026-07-30T22:55:40.147002Z  INFO herdr::logging: session saved event="persist.save" subsystem="persist" outcome="ok" path=/Users/vince/.config/herdr/session.json workspaces=3
2026-07-30T22:56:19.306207Z  INFO herdr::logging: tab focused event="tab.focus" subsystem="tab" outcome="ok" workspace_id="w3" tab_id="w3:t7"
2026-07-30T22:56:24.320591Z  INFO herdr::logging: session saved event="persist.save" subsystem="persist" outcome="ok" path=/Users/vince/.config/herdr/session.json workspaces=3
2026-07-30T22:58:17.223393Z  INFO herdr::logging: tab focused event="tab.focus" subsystem="tab" outcome="ok" workspace_id="w3" tab_id="w3:t1"
2026-07-30T22:58:22.244673Z  INFO herdr::logging: session saved event="persist.save" subsystem="persist" outcome="ok" path=/Users/vince/.config/herdr/session.json workspaces=3
2026-07-30T22:59:06.711859Z  INFO herdr::logging: tab focused event="tab.focus" subsystem="tab" outcome="ok" workspace_id="w3" tab_id="w3:t7"
2026-07-30T22:59:08.458009Z  INFO herdr::logging: tab focused event="tab.focus" subsystem="tab" outcome="ok" workspace_id="w3" tab_id="w3:t1"
2026-07-30T22:59:09.605908Z  INFO herdr::logging: tab focused event="tab.focus" subsystem="tab" outcome="ok" workspace_id="w3" tab_id="w3:t7"
2026-07-30T22:59:10.532989Z  INFO herdr::logging: tab focused event="tab.focus" subsystem="tab" outcome="ok" workspace_id="w3" tab_id="w3:t1"
2026-07-30T22:59:15.548948Z  INFO herdr::logging: session saved event="persist.save" subsystem="persist" outcome="ok" path=/Users/vince/.config/herdr/session.json workspaces=3
2026-07-30T22:59:45.819676Z  INFO herdr::logging: tab focused event="tab.focus" subsystem="tab" outcome="ok" workspace_id="w3" tab_id="w3:t7"
2026-07-30T22:59:50.844573Z  INFO herdr::logging: session saved event="persist.save" subsystem="persist" outcome="ok" path=/Users/vince/.config/herdr/session.json workspaces=3
2026-07-30T22:59:50.873868Z  INFO herdr::logging: tab focused event="tab.focus" subsystem="tab" outcome="ok" workspace_id="w3" tab_id="w3:t1"
2026-07-30T22:59:55.893740Z  INFO herdr::logging: session saved event="persist.save" subsystem="persist" outcome="ok" path=/Users/vince/.config/herdr/session.json workspaces=3
2026-07-30T23:00:03.616369Z  INFO herdr::logging: tab focused event="tab.focus" subsystem="tab" outcome="ok" workspace_id="w3" tab_id="w3:t7"
2026-07-30T23:00:08.629840Z  INFO herdr::logging: session saved event="persist.save" subsystem="persist" outcome="ok" path=/Users/vince/.config/herdr/session.json workspaces=3
2026-07-30T23:00:08.952482Z  INFO herdr::logging: tab focused event="tab.focus" subsystem="tab" outcome="ok" workspace_id="w3" tab_id="w3:t1"
2026-07-30T23:00:13.959459Z  INFO herdr::logging: session saved event="persist.save" subsystem="persist" outcome="ok" path=/Users/vince/.config/herdr/session.json workspaces=3
2026-07-30T23:00:20.924992Z  INFO herdr::logging: tab focused event="tab.focus" subsystem="tab" outcome="ok" workspace_id="w3" tab_id="w3:t7"
2026-07-30T23:00:25.937074Z  INFO herdr::logging: session saved event="persist.save" subsystem="persist" outcome="ok" path=/Users/vince/.config/herdr/session.json workspaces=3
2026-07-30T23:00:27.701605Z  INFO herdr::logging: tab focused event="tab.focus" subsystem="tab" outcome="ok" workspace_id="w3" tab_id="w3:t1"
2026-07-30T23:00:32.716058Z  INFO herdr::logging: session saved event="persist.save" subsystem="persist" outcome="ok" path=/Users/vince/.config/herdr/session.json workspaces=3
2026-07-30T23:00:48.338312Z  INFO herdr::logging: tab focused event="tab.focus" subsystem="tab" outcome="ok" workspace_id="w3" tab_id="w3:t7"
2026-07-30T23:00:53.355249Z  INFO herdr::logging: session saved event="persist.save" subsystem="persist" outcome="ok" path=/Users/vince/.config/herdr/session.json workspaces=3
2026-07-30T23:00:54.607129Z  INFO herdr::app::actions: copied selection to clipboard
2026-07-30T23:00:58.316476Z  INFO herdr::app::actions: copied selection to clipboard
2026-07-30T23:01:00.168978Z  INFO herdr::logging: tab focused event="tab.focus" subsystem="tab" outcome="ok" workspace_id="w3" tab_id="w3:t1"
2026-07-30T23:01:05.179093Z  INFO herdr::logging: session saved event="persist.save" subsystem="persist" outcome="ok" path=/Users/vince/.config/herdr/session.json workspaces=3
2026-07-30T23:07:47.868849Z  INFO herdr::logging: tab focused event="tab.focus" subsystem="tab" outcome="ok" workspace_id="w3" tab_id="w3:t7"
2026-07-30T23:07:51.128198Z  INFO herdr::logging: tab focused event="tab.focus" subsystem="tab" outcome="ok" workspace_id="w3" tab_id="w3:t1"
2026-07-30T23:07:56.151956Z  INFO herdr::logging: session saved event="persist.save" subsystem="persist" outcome="ok" path=/Users/vince/.config/herdr/session.json workspaces=3
2026-07-30T23:10:06.965829Z  INFO herdr::logging: checking for updates event="update.check.start" subsystem="update" outcome="started"
2026-07-30T23:12:29.859369Z  INFO herdr::logging: tab focused event="tab.focus" subsystem="tab" outcome="ok" workspace_id="w3" tab_id="w3:t7"
2026-07-30T23:12:34.880279Z  INFO herdr::logging: session saved event="persist.save" subsystem="persist" outcome="ok" path=/Users/vince/.config/herdr/session.json workspaces=3
2026-07-30T23:13:06.408608Z  INFO herdr::app::actions: copied selection to clipboard
2026-07-30T23:13:15.157198Z  INFO herdr::logging: tab focused event="tab.focus" subsystem="tab" outcome="ok" workspace_id="w3" tab_id="w3:t1"
2026-07-30T23:13:20.176316Z  INFO herdr::logging: session saved event="persist.save" subsystem="persist" outcome="ok" path=/Users/vince/.config/herdr/session.json workspaces=3
2026-07-30T23:13:23.349427Z  INFO herdr::logging: tab focused event="tab.focus" subsystem="tab" outcome="ok" workspace_id="w3" tab_id="w3:t7"
2026-07-30T23:13:27.308752Z  INFO herdr::app::actions: copied selection to clipboard
2026-07-30T23:13:28.369694Z  INFO herdr::logging: session saved event="persist.save" subsystem="persist" outcome="ok" path=/Users/vince/.config/herdr/session.json workspaces=3
2026-07-30T23:13:28.815531Z  INFO herdr::logging: tab focused event="tab.focus" subsystem="tab" outcome="ok" workspace_id="w3" tab_id="w3:t1"
2026-07-30T23:13:33.831761Z  INFO herdr::logging: session saved event="persist.save" subsystem="persist" outcome="ok" path=/Users/vince/.config/herdr/session.json workspaces=3
2026-07-30T23:13:48.401804Z  INFO herdr::logging: tab focused event="tab.focus" subsystem="tab" outcome="ok" workspace_id="w3" tab_id="w3:t7"
2026-07-30T23:13:53.420004Z  INFO herdr::logging: session saved event="persist.save" subsystem="persist" outcome="ok" path=/Users/vince/.config/herdr/session.json workspaces=3
2026-07-30T23:13:54.939778Z  INFO herdr::app::actions: copied selection to clipboard
2026-07-30T23:14:00.268538Z  INFO herdr::logging: tab focused event="tab.focus" subsystem="tab" outcome="ok" workspace_id="w3" tab_id="w3:t1"
2026-07-30T23:14:05.290602Z  INFO herdr::logging: session saved event="persist.save" subsystem="persist" outcome="ok" path=/Users/vince/.config/herdr/session.json workspaces=3
2026-07-30T23:14:12.848569Z  INFO herdr::logging: tab focused event="tab.focus" subsystem="tab" outcome="ok" workspace_id="w3" tab_id="w3:t7"
2026-07-30T23:14:17.221350Z  INFO herdr::app::actions: copied selection to clipboard
2026-07-30T23:14:17.868443Z  INFO herdr::logging: session saved event="persist.save" subsystem="persist" outcome="ok" path=/Users/vince/.config/herdr/session.json workspaces=3
2026-07-30T23:14:19.004847Z  INFO herdr::app::actions: copied selection to clipboard
2026-07-30T23:14:20.233495Z  INFO herdr::logging: tab focused event="tab.focus" subsystem="tab" outcome="ok" workspace_id="w3" tab_id="w3:t1"
2026-07-30T23:14:25.242251Z  INFO herdr::logging: session saved event="persist.save" subsystem="persist" outcome="ok" path=/Users/vince/.config/herdr/session.json workspaces=3
2026-07-30T23:15:19.900855Z  INFO herdr::logging: tab focused event="tab.focus" subsystem="tab" outcome="ok" workspace_id="w3" tab_id="w3:t7"
2026-07-30T23:15:24.355963Z  INFO herdr::logging: tab focused event="tab.focus" subsystem="tab" outcome="ok" workspace_id="w3" tab_id="w3:t1"
2026-07-30T23:15:29.372533Z  INFO herdr::logging: session saved event="persist.save" subsystem="persist" outcome="ok" path=/Users/vince/.config/herdr/session.json workspaces=3
2026-07-30T23:15:45.158470Z  INFO herdr::logging: tab focused event="tab.focus" subsystem="tab" outcome="ok" workspace_id="w3" tab_id="w3:t7"
2026-07-30T23:15:50.172472Z  INFO herdr::logging: session saved event="persist.save" subsystem="persist" outcome="ok" path=/Users/vince/.config/herdr/session.json workspaces=3
2026-07-30T23:15:55.477774Z  INFO herdr::logging: tab focused event="tab.focus" subsystem="tab" outcome="ok" workspace_id="w3" tab_id="w3:t1"
2026-07-30T23:16:00.501308Z  INFO herdr::logging: session saved event="persist.save" subsystem="persist" outcome="ok" path=/Users/vince/.config/herdr/session.json workspaces=3
2026-07-30T23:17:02.069527Z  INFO herdr::logging: tab focused event="tab.focus" subsystem="tab" outcome="ok" workspace_id="w3" tab_id="w3:t7"
2026-07-30T23:17:04.214202Z  INFO herdr::logging: tab focused event="tab.focus" subsystem="tab" outcome="ok" workspace_id="w3" tab_id="w3:t6"
2026-07-30T23:17:04.953001Z  INFO herdr::logging: tab focused event="tab.focus" subsystem="tab" outcome="ok" workspace_id="w3" tab_id="w3:t7"
2026-07-30T23:17:09.970674Z  INFO herdr::logging: session saved event="persist.save" subsystem="persist" outcome="ok" path=/Users/vince/.config/herdr/session.json workspaces=3
2026-07-30T23:17:11.506180Z  INFO herdr::logging: tab focused event="tab.focus" subsystem="tab" outcome="ok" workspace_id="w3" tab_id="w3:t1"
2026-07-30T23:17:16.518094Z  INFO herdr::logging: session saved event="persist.save" subsystem="persist" outcome="ok" path=/Users/vince/.config/herdr/session.json workspaces=3
2026-07-30T23:17:40.318314Z  INFO herdr::logging: tab focused event="tab.focus" subsystem="tab" outcome="ok" workspace_id="w3" tab_id="w3:t7"
2026-07-30T23:17:45.338152Z  INFO herdr::logging: session saved event="persist.save" subsystem="persist" outcome="ok" path=/Users/vince/.config/herdr/session.json workspaces=3
2026-07-30T23:17:50.639679Z  INFO herdr::logging: tab focused event="tab.focus" subsystem="tab" outcome="ok" workspace_id="w3" tab_id="w3:t1"
2026-07-30T23:17:55.651689Z  INFO herdr::logging: session saved event="persist.save" subsystem="persist" outcome="ok" path=/Users/vince/.config/herdr/session.json workspaces=3
2026-07-30T23:20:04.213214Z  INFO herdr::logging: tab focused event="tab.focus" subsystem="tab" outcome="ok" workspace_id="w3" tab_id="w3:t7"
2026-07-30T23:20:09.235698Z  INFO herdr::logging: session saved event="persist.save" subsystem="persist" outcome="ok" path=/Users/vince/.config/herdr/session.json workspaces=3
2026-07-30T23:20:37.534072Z  INFO herdr::logging: tab focused event="tab.focus" subsystem="tab" outcome="ok" workspace_id="w3" tab_id="w3:t1"
2026-07-30T23:20:42.547110Z  INFO herdr::logging: session saved event="persist.save" subsystem="persist" outcome="ok" path=/Users/vince/.config/herdr/session.json workspaces=3
2026-07-30T23:21:16.398761Z  INFO herdr::logging: tab focused event="tab.focus" subsystem="tab" outcome="ok" workspace_id="w3" tab_id="w3:t7"
2026-07-30T23:21:18.206619Z  INFO herdr::app::actions: copied selection to clipboard
2026-07-30T23:21:21.413991Z  INFO herdr::logging: session saved event="persist.save" subsystem="persist" outcome="ok" path=/Users/vince/.config/herdr/session.json workspaces=3
2026-07-30T23:21:32.152819Z  INFO herdr::logging: tab focused event="tab.focus" subsystem="tab" outcome="ok" workspace_id="w3" tab_id="w3:t1"
2026-07-30T23:21:37.165165Z  INFO herdr::logging: session saved event="persist.save" subsystem="persist" outcome="ok" path=/Users/vince/.config/herdr/session.json workspaces=3
2026-07-30T23:22:15.677579Z  INFO herdr::logging: tab focused event="tab.focus" subsystem="tab" outcome="ok" workspace_id="w3" tab_id="w3:t7"
2026-07-30T23:22:20.693450Z  INFO herdr::logging: session saved event="persist.save" subsystem="persist" outcome="ok" path=/Users/vince/.config/herdr/session.json workspaces=3
2026-07-30T23:22:26.343342Z  INFO herdr::logging: tab focused event="tab.focus" subsystem="tab" outcome="ok" workspace_id="w3" tab_id="w3:t1"
2026-07-30T23:22:31.359294Z  INFO herdr::logging: session saved event="persist.save" subsystem="persist" outcome="ok" path=/Users/vince/.config/herdr/session.json workspaces=3
2026-07-30T23:24:22.596050Z  INFO herdr::logging: tab focused event="tab.focus" subsystem="tab" outcome="ok" workspace_id="w3" tab_id="w3:t7"
2026-07-30T23:24:27.612546Z  INFO herdr::logging: session saved event="persist.save" subsystem="persist" outcome="ok" path=/Users/vince/.config/herdr/session.json workspaces=3
2026-07-30T23:24:43.969755Z  INFO herdr::logging: tab focused event="tab.focus" subsystem="tab" outcome="ok" workspace_id="w3" tab_id="w3:t1"
2026-07-30T23:24:48.984311Z  INFO herdr::logging: session saved event="persist.save" subsystem="persist" outcome="ok" path=/Users/vince/.config/herdr/session.json workspaces=3
2026-07-30T23:26:00.821403Z  INFO herdr::logging: tab focused event="tab.focus" subsystem="tab" outcome="ok" workspace_id="w3" tab_id="w3:t7"
2026-07-30T23:26:05.849267Z  INFO herdr::logging: session saved event="persist.save" subsystem="persist" outcome="ok" path=/Users/vince/.config/herdr/session.json workspaces=3
2026-07-30T23:26:10.517313Z  INFO herdr::app::actions: copied selection to clipboard
2026-07-30T23:26:11.322354Z  INFO herdr::logging: tab focused event="tab.focus" subsystem="tab" outcome="ok" workspace_id="w3" tab_id="w3:t1"
2026-07-30T23:26:16.335540Z  INFO herdr::logging: session saved event="persist.save" subsystem="persist" outcome="ok" path=/Users/vince/.config/herdr/session.json workspaces=3
2026-07-30T23:26:44.512009Z  INFO herdr::logging: tab focused event="tab.focus" subsystem="tab" outcome="ok" workspace_id="w3" tab_id="w3:t7"
2026-07-30T23:26:49.532568Z  INFO herdr::logging: session saved event="persist.save" subsystem="persist" outcome="ok" path=/Users/vince/.config/herdr/session.json workspaces=3
2026-07-30T23:27:04.209332Z  INFO herdr::logging: tab focused event="tab.focus" subsystem="tab" outcome="ok" workspace_id="w3" tab_id="w3:t1"
2026-07-30T23:27:09.222358Z  INFO herdr::logging: session saved event="persist.save" subsystem="persist" outcome="ok" path=/Users/vince/.config/herdr/session.json workspaces=3
2026-07-30T23:27:23.103681Z  INFO herdr::logging: tab focused event="tab.focus" subsystem="tab" outcome="ok" workspace_id="w3" tab_id="w3:t7"
2026-07-30T23:27:23.488189Z  INFO herdr::logging: tab focused event="tab.focus" subsystem="tab" outcome="ok" workspace_id="w3" tab_id="w3:t7"
2026-07-30T23:27:28.492046Z  INFO herdr::logging: session saved event="persist.save" subsystem="persist" outcome="ok" path=/Users/vince/.config/herdr/session.json workspaces=3
2026-07-30T23:28:41.639038Z  INFO herdr::logging: tab focused event="tab.focus" subsystem="tab" outcome="ok" workspace_id="w3" tab_id="w3:t1"
2026-07-30T23:28:46.656969Z  INFO herdr::logging: session saved event="persist.save" subsystem="persist" outcome="ok" path=/Users/vince/.config/herdr/session.json workspaces=3
2026-07-30T23:28:47.788083Z  INFO herdr::logging: tab focused event="tab.focus" subsystem="tab" outcome="ok" workspace_id="w3" tab_id="w3:t7"
2026-07-30T23:28:51.159756Z  INFO herdr::logging: tab focused event="tab.focus" subsystem="tab" outcome="ok" workspace_id="w3" tab_id="w3:t1"
2026-07-30T23:28:56.185335Z  INFO herdr::logging: session saved event="persist.save" subsystem="persist" outcome="ok" path=/Users/vince/.config/herdr/session.json workspaces=3
2026-07-30T23:29:12.892441Z  INFO herdr::logging: tab focused event="tab.focus" subsystem="tab" outcome="ok" workspace_id="w3" tab_id="w3:t7"
2026-07-30T23:29:17.914066Z  INFO herdr::logging: session saved event="persist.save" subsystem="persist" outcome="ok" path=/Users/vince/.config/herdr/session.json workspaces=3
2026-07-30T23:29:19.391339Z  INFO herdr::app::actions: copied selection to clipboard
2026-07-30T23:29:20.700900Z  INFO herdr::logging: tab focused event="tab.focus" subsystem="tab" outcome="ok" workspace_id="w3" tab_id="w3:t1"
2026-07-30T23:29:25.719778Z  INFO herdr::logging: session saved event="persist.save" subsystem="persist" outcome="ok" path=/Users/vince/.config/herdr/session.json workspaces=3
2026-07-30T23:29:38.633364Z  INFO herdr::logging: tab focused event="tab.focus" subsystem="tab" outcome="ok" workspace_id="w3" tab_id="w3:t7"
2026-07-30T23:29:43.650895Z  INFO herdr::logging: session saved event="persist.save" subsystem="persist" outcome="ok" path=/Users/vince/.config/herdr/session.json workspaces=3
2026-07-30T23:29:45.893417Z  INFO herdr::logging: tab focused event="tab.focus" subsystem="tab" outcome="ok" workspace_id="w3" tab_id="w3:t1"
2026-07-30T23:29:50.909209Z  INFO herdr::logging: session saved event="persist.save" subsystem="persist" outcome="ok" path=/Users/vince/.config/herdr/session.json workspaces=3
2026-07-30T23:31:53.800854Z  INFO herdr::logging: tab focused event="tab.focus" subsystem="tab" outcome="ok" workspace_id="w3" tab_id="w3:t7"
2026-07-30T23:31:58.820093Z  INFO herdr::logging: session saved event="persist.save" subsystem="persist" outcome="ok" path=/Users/vince/.config/herdr/session.json workspaces=3
2026-07-30T23:32:15.373199Z  INFO herdr::logging: tab focused event="tab.focus" subsystem="tab" outcome="ok" workspace_id="w3" tab_id="w3:t1"
2026-07-30T23:32:20.387098Z  INFO herdr::logging: session saved event="persist.save" subsystem="persist" outcome="ok" path=/Users/vince/.config/herdr/session.json workspaces=3
2026-07-30T23:32:23.341451Z  INFO herdr::logging: tab focused event="tab.focus" subsystem="tab" outcome="ok" workspace_id="w3" tab_id="w3:t7"
2026-07-30T23:32:25.067826Z  INFO herdr::logging: tab focused event="tab.focus" subsystem="tab" outcome="ok" workspace_id="w3" tab_id="w3:t1"
2026-07-30T23:32:30.088896Z  INFO herdr::logging: session saved event="persist.save" subsystem="persist" outcome="ok" path=/Users/vince/.config/herdr/session.json workspaces=3
2026-07-30T23:32:41.257962Z  INFO herdr::logging: tab focused event="tab.focus" subsystem="tab" outcome="ok" workspace_id="w3" tab_id="w3:t6"
2026-07-30T23:32:41.619901Z  INFO herdr::logging: tab focused event="tab.focus" subsystem="tab" outcome="ok" workspace_id="w3" tab_id="w3:t7"
2026-07-30T23:32:46.647999Z  INFO herdr::logging: session saved event="persist.save" subsystem="persist" outcome="ok" path=/Users/vince/.config/herdr/session.json workspaces=3
2026-07-30T23:33:10.277009Z  INFO herdr::logging: tab focused event="tab.focus" subsystem="tab" outcome="ok" workspace_id="w3" tab_id="w3:t1"
2026-07-30T23:33:15.296840Z  INFO herdr::logging: session saved event="persist.save" subsystem="persist" outcome="ok" path=/Users/vince/.config/herdr/session.json workspaces=3
2026-07-30T23:36:37.331401Z  INFO herdr::logging: tab focused event="tab.focus" subsystem="tab" outcome="ok" workspace_id="w3" tab_id="w3:t7"
2026-07-30T23:36:39.377596Z  INFO herdr::logging: tab focused event="tab.focus" subsystem="tab" outcome="ok" workspace_id="w3" tab_id="w3:t1"
2026-07-30T23:36:44.387725Z  INFO herdr::logging: session saved event="persist.save" subsystem="persist" outcome="ok" path=/Users/vince/.config/herdr/session.json workspaces=3
2026-07-30T23:40:06.977983Z  INFO herdr::logging: checking for updates event="update.check.start" subsystem="update" outcome="started"
2026-07-30T23:50:04.328422Z  INFO herdr::logging: tab focused event="tab.focus" subsystem="tab" outcome="ok" workspace_id="w3" tab_id="w3:t7"
2026-07-30T23:50:09.349987Z  INFO herdr::logging: session saved event="persist.save" subsystem="persist" outcome="ok" path=/Users/vince/.config/herdr/session.json workspaces=3
2026-07-30T23:53:45.137918Z  INFO herdr::logging: tab focused event="tab.focus" subsystem="tab" outcome="ok" workspace_id="w3" tab_id="w3:t1"
2026-07-30T23:53:50.151563Z  INFO herdr::logging: session saved event="persist.save" subsystem="persist" outcome="ok" path=/Users/vince/.config/herdr/session.json workspaces=3
2026-07-30T23:54:38.786797Z  INFO herdr::logging: tab focused event="tab.focus" subsystem="tab" outcome="ok" workspace_id="w3" tab_id="w3:t7"
2026-07-30T23:54:43.805825Z  INFO herdr::logging: session saved event="persist.save" subsystem="persist" outcome="ok" path=/Users/vince/.config/herdr/session.json workspaces=3
2026-07-30T23:55:09.767062Z  INFO herdr::logging: tab focused event="tab.focus" subsystem="tab" outcome="ok" workspace_id="w3" tab_id="w3:t1"
2026-07-30T23:55:14.783151Z  INFO herdr::logging: session saved event="persist.save" subsystem="persist" outcome="ok" path=/Users/vince/.config/herdr/session.json workspaces=3
2026-07-30T23:55:34.040005Z  INFO herdr::logging: tab focused event="tab.focus" subsystem="tab" outcome="ok" workspace_id="w3" tab_id="w3:t7"
2026-07-30T23:55:39.056211Z  INFO herdr::logging: session saved event="persist.save" subsystem="persist" outcome="ok" path=/Users/vince/.config/herdr/session.json workspaces=3
2026-07-30T23:55:40.737817Z  INFO herdr::logging: tab focused event="tab.focus" subsystem="tab" outcome="ok" workspace_id="w3" tab_id="w3:t1"
2026-07-30T23:55:45.765426Z  INFO herdr::logging: session saved event="persist.save" subsystem="persist" outcome="ok" path=/Users/vince/.config/herdr/session.json workspaces=3
2026-07-30T23:56:41.288026Z  INFO herdr::logging: tab focused event="tab.focus" subsystem="tab" outcome="ok" workspace_id="w3" tab_id="w3:t7"
2026-07-30T23:56:46.303532Z  INFO herdr::logging: session saved event="persist.save" subsystem="persist" outcome="ok" path=/Users/vince/.config/herdr/session.json workspaces=3
2026-07-30T23:56:51.839876Z  INFO herdr::logging: tab focused event="tab.focus" subsystem="tab" outcome="ok" workspace_id="w3" tab_id="w3:t1"
2026-07-30T23:56:56.854463Z  INFO herdr::logging: session saved event="persist.save" subsystem="persist" outcome="ok" path=/Users/vince/.config/herdr/session.json workspaces=3
2026-07-30T23:57:10.080165Z  INFO herdr::logging: tab focused event="tab.focus" subsystem="tab" outcome="ok" workspace_id="w3" tab_id="w3:t7"
2026-07-30T23:57:15.097326Z  INFO herdr::logging: session saved event="persist.save" subsystem="persist" outcome="ok" path=/Users/vince/.config/herdr/session.json workspaces=3
2026-07-30T23:57:54.255969Z  INFO herdr::app::actions: copied selection to clipboard
2026-07-31T00:01:02.914478Z  INFO herdr::logging: tab focused event="tab.focus" subsystem="tab" outcome="ok" workspace_id="w3" tab_id="w3:t1"
2026-07-31T00:01:07.938730Z  INFO herdr::logging: session saved event="persist.save" subsystem="persist" outcome="ok" path=/Users/vince/.config/herdr/session.json workspaces=3
2026-07-31T00:06:39.569141Z  INFO herdr::logging: tab focused event="tab.focus" subsystem="tab" outcome="ok" workspace_id="w3" tab_id="w3:t7"
2026-07-31T00:06:40.784118Z  INFO herdr::logging: tab focused event="tab.focus" subsystem="tab" outcome="ok" workspace_id="w3" tab_id="w3:t1"
2026-07-31T00:06:45.801628Z  INFO herdr::logging: session saved event="persist.save" subsystem="persist" outcome="ok" path=/Users/vince/.config/herdr/session.json workspaces=3
2026-07-31T00:10:06.959475Z  INFO herdr::logging: checking for updates event="update.check.start" subsystem="update" outcome="started"
2026-07-31T00:40:06.996796Z  INFO herdr::logging: checking for updates event="update.check.start" subsystem="update" outcome="started"
2026-07-31T01:03:48.759069Z  INFO herdr::server::headless: client resize client_id=26 cols=142 rows=48 cell_width_px=0 cell_height_px=0
2026-07-31T01:03:52.936718Z  INFO herdr::server::headless: client resize client_id=26 cols=211 rows=63 cell_width_px=0 cell_height_px=0
2026-07-31T01:03:57.941353Z  INFO herdr::logging: tab focused event="tab.focus" subsystem="tab" outcome="ok" workspace_id="w3" tab_id="w3:t7"
2026-07-31T01:04:01.717304Z  INFO herdr::logging: tab focused event="tab.focus" subsystem="tab" outcome="ok" workspace_id="w3" tab_id="w3:t2"
2026-07-31T01:04:06.735689Z  INFO herdr::logging: session saved event="persist.save" subsystem="persist" outcome="ok" path=/Users/vince/.config/herdr/session.json workspaces=3
2026-07-31T01:04:13.498365Z  INFO herdr::logging: tab focused event="tab.focus" subsystem="tab" outcome="ok" workspace_id="w3" tab_id="w3:t1"
2026-07-31T01:04:18.522784Z  INFO herdr::logging: session saved event="persist.save" subsystem="persist" outcome="ok" path=/Users/vince/.config/herdr/session.json workspaces=3
2026-07-31T01:04:31.542708Z  INFO herdr::logging: tab focused event="tab.focus" subsystem="tab" outcome="ok" workspace_id="w3" tab_id="w3:t7"
2026-07-31T01:04:36.555814Z  INFO herdr::logging: session saved event="persist.save" subsystem="persist" outcome="ok" path=/Users/vince/.config/herdr/session.json workspaces=3
2026-07-31T01:04:48.611964Z  INFO herdr::logging: tab focused event="tab.focus" subsystem="tab" outcome="ok" workspace_id="w3" tab_id="w3:t6"
2026-07-31T01:04:49.851745Z  INFO herdr::logging: tab focused event="tab.focus" subsystem="tab" outcome="ok" workspace_id="w3" tab_id="w3:t2"
2026-07-31T01:04:50.431664Z  INFO herdr::logging: tab focused event="tab.focus" subsystem="tab" outcome="ok" workspace_id="w3" tab_id="w3:t1"
2026-07-31T01:04:55.459436Z  INFO herdr::logging: session saved event="persist.save" subsystem="persist" outcome="ok" path=/Users/vince/.config/herdr/session.json workspaces=3
2026-07-31T01:06:05.327335Z  INFO herdr::logging: tab focused event="tab.focus" subsystem="tab" outcome="ok" workspace_id="w3" tab_id="w3:t7"
2026-07-31T01:06:10.341670Z  INFO herdr::logging: session saved event="persist.save" subsystem="persist" outcome="ok" path=/Users/vince/.config/herdr/session.json workspaces=3
2026-07-31T01:06:19.590659Z  INFO herdr::logging: tab focused event="tab.focus" subsystem="tab" outcome="ok" workspace_id="w3" tab_id="w3:t2"
2026-07-31T01:06:24.618062Z  INFO herdr::logging: session saved event="persist.save" subsystem="persist" outcome="ok" path=/Users/vince/.config/herdr/session.json workspaces=3
2026-07-31T01:07:05.788883Z  INFO herdr::logging: api request received event="api.request.start" subsystem="api" outcome="started" request_id="cli:tab:focus" method="tab.focus" changes_ui=true
2026-07-31T01:07:05.789106Z  INFO herdr::logging: tab focused event="tab.focus" subsystem="tab" outcome="ok" workspace_id="w3" tab_id="w3:t7"
2026-07-31T01:07:05.789131Z  INFO herdr::logging: api request completed event="api.request.complete" subsystem="api" outcome="ok" request_id="cli:tab:focus" method="tab.focus"
2026-07-31T01:07:10.797641Z  INFO herdr::logging: session saved event="persist.save" subsystem="persist" outcome="ok" path=/Users/vince/.config/herdr/session.json workspaces=3
2026-07-31T01:07:44.705641Z  INFO herdr::logging: tab focused event="tab.focus" subsystem="tab" outcome="ok" workspace_id="w3" tab_id="w3:t2"
2026-07-31T01:07:47.779833Z  INFO herdr::logging: tab focused event="tab.focus" subsystem="tab" outcome="ok" workspace_id="w3" tab_id="w3:t7"
2026-07-31T01:07:52.807864Z  INFO herdr::logging: session saved event="persist.save" subsystem="persist" outcome="ok" path=/Users/vince/.config/herdr/session.json workspaces=3
2026-07-31T01:07:56.524363Z  INFO herdr::logging: tab focused event="tab.focus" subsystem="tab" outcome="ok" workspace_id="w3" tab_id="w3:t2"
2026-07-31T01:08:01.055951Z  INFO herdr::logging: tab focused event="tab.focus" subsystem="tab" outcome="ok" workspace_id="w3" tab_id="w3:t1"
2026-07-31T01:08:06.089629Z  INFO herdr::logging: session saved event="persist.save" subsystem="persist" outcome="ok" path=/Users/vince/.config/herdr/session.json workspaces=3
2026-07-31T01:08:28.638600Z  INFO herdr::logging: tab focused event="tab.focus" subsystem="tab" outcome="ok" workspace_id="w3" tab_id="w3:t2"
2026-07-31T01:08:32.358484Z  INFO herdr::logging: tab focused event="tab.focus" subsystem="tab" outcome="ok" workspace_id="w3" tab_id="w3:t7"
2026-07-31T01:08:37.364834Z  INFO herdr::logging: session saved event="persist.save" subsystem="persist" outcome="ok" path=/Users/vince/.config/herdr/session.json workspaces=3
2026-07-31T01:10:07.028088Z  INFO herdr::logging: checking for updates event="update.check.start" subsystem="update" outcome="started"
2026-07-31T01:11:23.362618Z  INFO herdr::logging: tab focused event="tab.focus" subsystem="tab" outcome="ok" workspace_id="w3" tab_id="w3:t1"
2026-07-31T01:11:28.375343Z  INFO herdr::logging: session saved event="persist.save" subsystem="persist" outcome="ok" path=/Users/vince/.config/herdr/session.json workspaces=3
2026-07-31T01:12:46.615756Z  INFO herdr::logging: tab focused event="tab.focus" subsystem="tab" outcome="ok" workspace_id="w3" tab_id="w3:t7"
2026-07-31T01:12:51.627552Z  INFO herdr::logging: session saved event="persist.save" subsystem="persist" outcome="ok" path=/Users/vince/.config/herdr/session.json workspaces=3
2026-07-31T01:13:14.010577Z  INFO herdr::logging: tab focused event="tab.focus" subsystem="tab" outcome="ok" workspace_id="w3" tab_id="w3:t1"
2026-07-31T01:13:19.026758Z  INFO herdr::logging: session saved event="persist.save" subsystem="persist" outcome="ok" path=/Users/vince/.config/herdr/session.json workspaces=3
2026-07-31T01:13:28.129719Z  INFO herdr::logging: tab focused event="tab.focus" subsystem="tab" outcome="ok" workspace_id="w3" tab_id="w3:t7"
2026-07-31T01:13:33.138150Z  INFO herdr::logging: session saved event="persist.save" subsystem="persist" outcome="ok" path=/Users/vince/.config/herdr/session.json workspaces=3
2026-07-31T01:13:53.914186Z  INFO herdr::logging: tab focused event="tab.focus" subsystem="tab" outcome="ok" workspace_id="w3" tab_id="w3:t1"
2026-07-31T01:13:58.929925Z  INFO herdr::logging: session saved event="persist.save" subsystem="persist" outcome="ok" path=/Users/vince/.config/herdr/session.json workspaces=3
2026-07-31T01:14:29.220270Z  INFO herdr::logging: tab focused event="tab.focus" subsystem="tab" outcome="ok" workspace_id="w3" tab_id="w3:t7"
2026-07-31T01:14:34.235278Z  INFO herdr::logging: session saved event="persist.save" subsystem="persist" outcome="ok" path=/Users/vince/.config/herdr/session.json workspaces=3
2026-07-31T01:17:07.639505Z  INFO herdr::app::actions: copied selection to clipboard
2026-07-31T01:17:09.422511Z  INFO herdr::app::actions: copied selection to clipboard
2026-07-31T01:17:21.392742Z  INFO herdr::logging: tab focused event="tab.focus" subsystem="tab" outcome="ok" workspace_id="w3" tab_id="w3:t1"
2026-07-31T01:17:26.404020Z  INFO herdr::logging: session saved event="persist.save" subsystem="persist" outcome="ok" path=/Users/vince/.config/herdr/session.json workspaces=3
2026-07-31T01:20:16.722648Z  INFO herdr::logging: tab focused event="tab.focus" subsystem="tab" outcome="ok" workspace_id="w3" tab_id="w3:t7"
2026-07-31T01:20:21.730882Z  INFO herdr::logging: session saved event="persist.save" subsystem="persist" outcome="ok" path=/Users/vince/.config/herdr/session.json workspaces=3
2026-07-31T01:20:34.912623Z  INFO herdr::logging: tab focused event="tab.focus" subsystem="tab" outcome="ok" workspace_id="w3" tab_id="w3:t1"
2026-07-31T01:20:39.938112Z  INFO herdr::logging: session saved event="persist.save" subsystem="persist" outcome="ok" path=/Users/vince/.config/herdr/session.json workspaces=3
2026-07-31T01:34:59.886514Z  INFO herdr::logging: tab focused event="tab.focus" subsystem="tab" outcome="ok" workspace_id="w3" tab_id="w3:t7"
2026-07-31T01:35:04.903453Z  INFO herdr::logging: session saved event="persist.save" subsystem="persist" outcome="ok" path=/Users/vince/.config/herdr/session.json workspaces=3
2026-07-31T01:35:10.521207Z  INFO herdr::logging: tab focused event="tab.focus" subsystem="tab" outcome="ok" workspace_id="w3" tab_id="w3:t1"
2026-07-31T01:35:15.531651Z  INFO herdr::logging: session saved event="persist.save" subsystem="persist" outcome="ok" path=/Users/vince/.config/herdr/session.json workspaces=3
2026-07-31T01:35:52.728453Z  INFO herdr::logging: tab focused event="tab.focus" subsystem="tab" outcome="ok" workspace_id="w3" tab_id="w3:t7"
2026-07-31T01:35:53.929723Z  INFO herdr::logging: tab focused event="tab.focus" subsystem="tab" outcome="ok" workspace_id="w3" tab_id="w3:t1"
2026-07-31T01:35:58.935479Z  INFO herdr::logging: session saved event="persist.save" subsystem="persist" outcome="ok" path=/Users/vince/.config/herdr/session.json workspaces=3
2026-07-31T01:40:07.025852Z  INFO herdr::logging: checking for updates event="update.check.start" subsystem="update" outcome="started"
2026-07-31T01:46:35.187154Z  INFO herdr::logging: tab focused event="tab.focus" subsystem="tab" outcome="ok" workspace_id="w3" tab_id="w3:t7"
2026-07-31T01:46:37.291325Z  INFO herdr::logging: tab focused event="tab.focus" subsystem="tab" outcome="ok" workspace_id="w3" tab_id="w3:t6"
2026-07-31T01:46:37.930928Z  INFO herdr::logging: tab focused event="tab.focus" subsystem="tab" outcome="ok" workspace_id="w3" tab_id="w3:t2"
2026-07-31T01:46:38.487714Z  INFO herdr::logging: tab focused event="tab.focus" subsystem="tab" outcome="ok" workspace_id="w3" tab_id="w3:t1"
2026-07-31T01:46:43.515101Z  INFO herdr::logging: session saved event="persist.save" subsystem="persist" outcome="ok" path=/Users/vince/.config/herdr/session.json workspaces=3
2026-07-31T01:51:48.649438Z  INFO herdr::logging: tab focused event="tab.focus" subsystem="tab" outcome="ok" workspace_id="w3" tab_id="w3:t7"
2026-07-31T01:51:53.674092Z  INFO herdr::logging: session saved event="persist.save" subsystem="persist" outcome="ok" path=/Users/vince/.config/herdr/session.json workspaces=3
2026-07-31T01:53:49.281927Z  INFO herdr::logging: tab focused event="tab.focus" subsystem="tab" outcome="ok" workspace_id="w3" tab_id="w3:t1"
2026-07-31T01:53:54.293826Z  INFO herdr::logging: session saved event="persist.save" subsystem="persist" outcome="ok" path=/Users/vince/.config/herdr/session.json workspaces=3
2026-07-31T01:54:04.335894Z  INFO herdr::logging: tab focused event="tab.focus" subsystem="tab" outcome="ok" workspace_id="w3" tab_id="w3:t2"
2026-07-31T01:54:09.351569Z  INFO herdr::logging: session saved event="persist.save" subsystem="persist" outcome="ok" path=/Users/vince/.config/herdr/session.json workspaces=3
2026-07-31T01:54:10.057898Z  INFO herdr::logging: tab focused event="tab.focus" subsystem="tab" outcome="ok" workspace_id="w3" tab_id="w3:t1"
2026-07-31T01:54:15.080991Z  INFO herdr::logging: session saved event="persist.save" subsystem="persist" outcome="ok" path=/Users/vince/.config/herdr/session.json workspaces=3
2026-07-31T02:10:07.029177Z  INFO herdr::logging: checking for updates event="update.check.start" subsystem="update" outcome="started"
2026-07-31T02:10:52.665814Z  INFO herdr::server::headless: client resize client_id=26 cols=142 rows=48 cell_width_px=0 cell_height_px=0
2026-07-31T02:10:56.256553Z  INFO herdr::server::headless: client resize client_id=26 cols=211 rows=63 cell_width_px=0 cell_height_px=0
2026-07-31T02:14:11.472786Z  INFO herdr::logging: tab focused event="tab.focus" subsystem="tab" outcome="ok" workspace_id="w3" tab_id="w3:t7"
2026-07-31T02:14:16.492878Z  INFO herdr::logging: session saved event="persist.save" subsystem="persist" outcome="ok" path=/Users/vince/.config/herdr/session.json workspaces=3
2026-07-31T02:15:13.452267Z  INFO herdr::logging: tab focused event="tab.focus" subsystem="tab" outcome="ok" workspace_id="w3" tab_id="w3:t2"
2026-07-31T02:15:18.461898Z  INFO herdr::logging: session saved event="persist.save" subsystem="persist" outcome="ok" path=/Users/vince/.config/herdr/session.json workspaces=3
2026-07-31T02:15:22.519492Z  INFO herdr::logging: tab focused event="tab.focus" subsystem="tab" outcome="ok" workspace_id="w3" tab_id="w3:t7"
2026-07-31T02:15:27.550128Z  INFO herdr::logging: session saved event="persist.save" subsystem="persist" outcome="ok" path=/Users/vince/.config/herdr/session.json workspaces=3
2026-07-31T02:40:07.051703Z  INFO herdr::logging: checking for updates event="update.check.start" subsystem="update" outcome="started"
2026-07-31T03:10:07.018141Z  INFO herdr::logging: checking for updates event="update.check.start" subsystem="update" outcome="started"
2026-07-31T03:40:07.078103Z  INFO herdr::logging: checking for updates event="update.check.start" subsystem="update" outcome="started"
2026-07-31T04:10:07.063194Z  INFO herdr::logging: checking for updates event="update.check.start" subsystem="update" outcome="started"
2026-07-31T04:40:07.056688Z  INFO herdr::logging: checking for updates event="update.check.start" subsystem="update" outcome="started"
2026-07-31T05:10:07.097831Z  INFO herdr::logging: checking for updates event="update.check.start" subsystem="update" outcome="started"
2026-07-31T05:40:07.115814Z  INFO herdr::logging: checking for updates event="update.check.start" subsystem="update" outcome="started"
2026-07-31T06:10:07.064954Z  INFO herdr::logging: checking for updates event="update.check.start" subsystem="update" outcome="started"
2026-07-31T06:40:07.078226Z  INFO herdr::logging: checking for updates event="update.check.start" subsystem="update" outcome="started"
2026-07-31T07:10:07.077517Z  INFO herdr::logging: checking for updates event="update.check.start" subsystem="update" outcome="started"
2026-07-31T09:11:48.367613Z  INFO herdr::server::headless: client resize client_id=26 cols=211 rows=48 cell_width_px=0 cell_height_px=0
2026-07-31T09:11:48.811309Z  INFO herdr::server::headless: client resize client_id=26 cols=142 rows=48 cell_width_px=0 cell_height_px=0
2026-07-31T09:12:02.316573Z  INFO herdr::logging: tab focused event="tab.focus" subsystem="tab" outcome="ok" workspace_id="w3" tab_id="w3:t1"
2026-07-31T09:12:07.330160Z  INFO herdr::logging: session saved event="persist.save" subsystem="persist" outcome="ok" path=/Users/vince/.config/herdr/session.json workspaces=3
2026-07-31T09:20:02.359413Z  INFO herdr::logging: checking for updates event="update.check.start" subsystem="update" outcome="started"
2026-07-31T09:30:51.523256Z  INFO herdr::logging: tab focused event="tab.focus" subsystem="tab" outcome="ok" workspace_id="w3" tab_id="w3:t7"
2026-07-31T09:30:56.545632Z  INFO herdr::logging: session saved event="persist.save" subsystem="persist" outcome="ok" path=/Users/vince/.config/herdr/session.json workspaces=3
2026-07-31T09:30:59.272805Z  INFO herdr::logging: tab focused event="tab.focus" subsystem="tab" outcome="ok" workspace_id="w3" tab_id="w3:t2"
2026-07-31T09:31:04.298960Z  INFO herdr::logging: session saved event="persist.save" subsystem="persist" outcome="ok" path=/Users/vince/.config/herdr/session.json workspaces=3
2026-07-31T09:31:16.875737Z  INFO herdr::logging: tab focused event="tab.focus" subsystem="tab" outcome="ok" workspace_id="w3" tab_id="w3:t1"
2026-07-31T09:31:21.901852Z  INFO herdr::logging: session saved event="persist.save" subsystem="persist" outcome="ok" path=/Users/vince/.config/herdr/session.json workspaces=3
2026-07-31T09:31:54.803399Z  INFO herdr::logging: tab focused event="tab.focus" subsystem="tab" outcome="ok" workspace_id="w3" tab_id="w3:t7"
2026-07-31T09:31:59.814352Z  INFO herdr::logging: session saved event="persist.save" subsystem="persist" outcome="ok" path=/Users/vince/.config/herdr/session.json workspaces=3
2026-07-31T09:32:03.067923Z  INFO herdr::logging: tab focused event="tab.focus" subsystem="tab" outcome="ok" workspace_id="w3" tab_id="w3:t1"
2026-07-31T09:32:08.084595Z  INFO herdr::logging: session saved event="persist.save" subsystem="persist" outcome="ok" path=/Users/vince/.config/herdr/session.json workspaces=3
2026-07-31T09:32:09.643883Z  INFO herdr::logging: tab focused event="tab.focus" subsystem="tab" outcome="ok" workspace_id="w3" tab_id="w3:t7"
2026-07-31T09:32:14.653629Z  INFO herdr::logging: session saved event="persist.save" subsystem="persist" outcome="ok" path=/Users/vince/.config/herdr/session.json workspaces=3
2026-07-31T09:43:58.053270Z  INFO herdr::server::headless: client resize client_id=26 cols=142 rows=47 cell_width_px=0 cell_height_px=0
2026-07-31T09:48:35.167152Z  INFO herdr::server::headless: client resize client_id=26 cols=158 rows=47 cell_width_px=0 cell_height_px=0
2026-07-31T09:49:20.822172Z  INFO herdr::logging: api request received event="api.request.start" subsystem="api" outcome="started" request_id="cli:tab:focus" method="tab.focus" changes_ui=true
2026-07-31T09:49:20.822422Z  INFO herdr::logging: tab focused event="tab.focus" subsystem="tab" outcome="ok" workspace_id="w3" tab_id="w3:t1"
2026-07-31T09:49:20.822450Z  INFO herdr::logging: api request completed event="api.request.complete" subsystem="api" outcome="ok" request_id="cli:tab:focus" method="tab.focus"
2026-07-31T09:49:21.334175Z  INFO herdr::logging: api request received event="api.request.start" subsystem="api" outcome="started" request_id="cli:tab:focus" method="tab.focus" changes_ui=true
2026-07-31T09:49:21.334279Z  INFO herdr::logging: tab focused event="tab.focus" subsystem="tab" outcome="ok" workspace_id="w3" tab_id="w3:t2"
2026-07-31T09:49:21.334322Z  INFO herdr::logging: api request completed event="api.request.complete" subsystem="api" outcome="ok" request_id="cli:tab:focus" method="tab.focus"
2026-07-31T09:49:21.424157Z  INFO herdr::logging: api request received event="api.request.start" subsystem="api" outcome="started" request_id="cli:tab:focus" method="tab.focus" changes_ui=true
2026-07-31T09:49:21.424237Z  INFO herdr::logging: tab focused event="tab.focus" subsystem="tab" outcome="ok" workspace_id="w3" tab_id="w3:t6"
2026-07-31T09:49:21.424272Z  INFO herdr::logging: api request completed event="api.request.complete" subsystem="api" outcome="ok" request_id="cli:tab:focus" method="tab.focus"
2026-07-31T09:49:22.412057Z  INFO herdr::logging: api request received event="api.request.start" subsystem="api" outcome="started" request_id="cli:tab:focus" method="tab.focus" changes_ui=true
2026-07-31T09:49:22.412154Z  INFO herdr::logging: tab focused event="tab.focus" subsystem="tab" outcome="ok" workspace_id="w3" tab_id="w3:t1"
2026-07-31T09:49:22.412203Z  INFO herdr::logging: api request completed event="api.request.complete" subsystem="api" outcome="ok" request_id="cli:tab:focus" method="tab.focus"
2026-07-31T09:49:24.559946Z  INFO herdr::logging: api request received event="api.request.start" subsystem="api" outcome="started" request_id="cli:tab:focus" method="tab.focus" changes_ui=true
2026-07-31T09:49:24.560050Z  INFO herdr::logging: tab focused event="tab.focus" subsystem="tab" outcome="ok" workspace_id="w3" tab_id="w3:t2"
2026-07-31T09:49:24.560088Z  INFO herdr::logging: api request completed event="api.request.complete" subsystem="api" outcome="ok" request_id="cli:tab:focus" method="tab.focus"
2026-07-31T09:49:25.074916Z  INFO herdr::logging: api request received event="api.request.start" subsystem="api" outcome="started" request_id="cli:tab:focus" method="tab.focus" changes_ui=true
2026-07-31T09:49:25.076844Z  INFO herdr::logging: tab focused event="tab.focus" subsystem="tab" outcome="ok" workspace_id="w3" tab_id="w3:t6"
2026-07-31T09:49:25.076896Z  INFO herdr::logging: api request completed event="api.request.complete" subsystem="api" outcome="ok" request_id="cli:tab:focus" method="tab.focus"
2026-07-31T09:49:29.563071Z  INFO herdr::logging: tab focused event="tab.focus" subsystem="tab" outcome="ok" workspace_id="w3" tab_id="w3:t1"
2026-07-31T09:49:30.894157Z  INFO herdr::logging: tab focused event="tab.focus" subsystem="tab" outcome="ok" workspace_id="w3" tab_id="w3:t2"
2026-07-31T09:49:35.915293Z  INFO herdr::logging: session saved event="persist.save" subsystem="persist" outcome="ok" path=/Users/vince/.config/herdr/session.json workspaces=3
2026-07-31T09:49:39.941202Z  INFO herdr::logging: tab focused event="tab.focus" subsystem="tab" outcome="ok" workspace_id="w3" tab_id="w3:t7"
2026-07-31T09:49:44.969017Z  INFO herdr::logging: session saved event="persist.save" subsystem="persist" outcome="ok" path=/Users/vince/.config/herdr/session.json workspaces=3
2026-07-31T09:55:09.214807Z  INFO herdr::logging: api request received event="api.request.start" subsystem="api" outcome="started" request_id="cli:tab:focus" method="tab.focus" changes_ui=true
2026-07-31T09:55:09.215129Z  INFO herdr::logging: tab focused event="tab.focus" subsystem="tab" outcome="ok" workspace_id="w3" tab_id="w3:t1"
2026-07-31T09:55:09.215168Z  INFO herdr::logging: api request completed event="api.request.complete" subsystem="api" outcome="ok" request_id="cli:tab:focus" method="tab.focus"
2026-07-31T09:55:14.221172Z  INFO herdr::logging: session saved event="persist.save" subsystem="persist" outcome="ok" path=/Users/vince/.config/herdr/session.json workspaces=3
2026-07-31T10:01:46.295465Z  INFO herdr::logging: checking for updates event="update.check.start" subsystem="update" outcome="started"
2026-07-31T10:07:51.985484Z  INFO herdr::server::headless: client connected client_id=38 cols=80 rows=24 cell_width_px=0 cell_height_px=0 render_encoding=SemanticFrame
2026-07-31T10:07:52.033898Z  INFO herdr::server::headless: client disconnected client_id=38
2026-07-31T10:31:46.309762Z  INFO herdr::logging: checking for updates event="update.check.start" subsystem="update" outcome="started"
2026-07-31T11:01:46.327163Z  INFO herdr::logging: checking for updates event="update.check.start" subsystem="update" outcome="started"
2026-07-31T11:31:46.340665Z  INFO herdr::logging: checking for updates event="update.check.start" subsystem="update" outcome="started"
2026-07-31T12:01:46.365677Z  INFO herdr::logging: checking for updates event="update.check.start" subsystem="update" outcome="started"
2026-07-31T12:20:36.067073Z  INFO herdr::logging: workspace focused event="workspace.focus" subsystem="workspace" outcome="ok" workspace_id="w9"
2026-07-31T12:20:36.067664Z  INFO herdr::logging: tab focused event="tab.focus" subsystem="tab" outcome="ok" workspace_id="w9" tab_id="w9:t2"
2026-07-31T12:20:41.102820Z  INFO herdr::logging: session saved event="persist.save" subsystem="persist" outcome="ok" path=/Users/vince/.config/herdr/session.json workspaces=3
2026-07-31T12:31:46.386098Z  INFO herdr::logging: checking for updates event="update.check.start" subsystem="update" outcome="started"
2026-07-31T13:01:46.409301Z  INFO herdr::logging: checking for updates event="update.check.start" subsystem="update" outcome="started"
2026-07-31T13:38:03.390273Z  INFO herdr::logging: checking for updates event="update.check.start" subsystem="update" outcome="started"
2026-07-31T13:58:44.868561Z  INFO herdr::server::headless: client resize client_id=26 cols=142 rows=47 cell_width_px=0 cell_height_px=0
2026-07-31T13:58:47.688368Z  INFO herdr::server::headless: client resize client_id=26 cols=158 rows=47 cell_width_px=0 cell_height_px=0
2026-07-31T13:59:04.646601Z  INFO herdr::logging: tab focused event="tab.focus" subsystem="tab" outcome="ok" workspace_id="w9" tab_id="w9:t1"
2026-07-31T13:59:05.480610Z  INFO herdr::logging: tab focused event="tab.focus" subsystem="tab" outcome="ok" workspace_id="w9" tab_id="w9:tA"
2026-07-31T13:59:10.200567Z  INFO herdr::pane: agent changed pane=43 previous_agent=None agent=Some(Cursor) process=cursor pgid=Some(64080)
2026-07-31T13:59:10.485326Z  INFO herdr::logging: session saved event="persist.save" subsystem="persist" outcome="ok" path=/Users/vince/.config/herdr/session.json workspaces=3
2026-07-31T13:59:10.805460Z  INFO herdr::pane: agent changed pane=43 previous_agent=Some(Cursor) agent=None pgid=Some(29117)
2026-07-31T14:00:03.569240Z  INFO herdr::logging: tab focused event="tab.focus" subsystem="tab" outcome="ok" workspace_id="w9" tab_id="w9:t3"
2026-07-31T14:00:08.577220Z  INFO herdr::logging: session saved event="persist.save" subsystem="persist" outcome="ok" path=/Users/vince/.config/herdr/session.json workspaces=3
2026-07-31T14:13:39.966898Z  INFO herdr::logging: checking for updates event="update.check.start" subsystem="update" outcome="started"
2026-07-31T14:43:40.063631Z  INFO herdr::logging: checking for updates event="update.check.start" subsystem="update" outcome="started"
2026-07-31T14:43:56.133136Z  INFO herdr::logging: tab focused event="tab.focus" subsystem="tab" outcome="ok" workspace_id="w9" tab_id="w9:t2"
2026-07-31T14:44:01.171236Z  INFO herdr::logging: session saved event="persist.save" subsystem="persist" outcome="ok" path=/Users/vince/.config/herdr/session.json workspaces=3
2026-07-31T15:05:56.216953Z  INFO herdr::logging: workspace focused event="workspace.focus" subsystem="workspace" outcome="ok" workspace_id="w3"
2026-07-31T15:05:56.217668Z  INFO herdr::logging: tab focused event="tab.focus" subsystem="tab" outcome="ok" workspace_id="w3" tab_id="w3:t1"
2026-07-31T15:05:57.708515Z  INFO herdr::logging: tab focused event="tab.focus" subsystem="tab" outcome="ok" workspace_id="w3" tab_id="w3:t7"
2026-07-31T15:05:58.865913Z  INFO herdr::logging: tab focused event="tab.focus" subsystem="tab" outcome="ok" workspace_id="w3" tab_id="w3:t2"
2026-07-31T15:06:03.892767Z  INFO herdr::logging: session saved event="persist.save" subsystem="persist" outcome="ok" path=/Users/vince/.config/herdr/session.json workspaces=3
2026-07-31T15:07:58.535084Z  INFO herdr::logging: workspace focused event="workspace.focus" subsystem="workspace" outcome="ok" workspace_id="w9"
2026-07-31T15:07:58.535646Z  INFO herdr::logging: tab focused event="tab.focus" subsystem="tab" outcome="ok" workspace_id="w9" tab_id="w9:t2"
2026-07-31T15:08:03.576694Z  INFO herdr::logging: session saved event="persist.save" subsystem="persist" outcome="ok" path=/Users/vince/.config/herdr/session.json workspaces=3
2026-07-31T15:08:07.226762Z  INFO herdr::logging: workspace focused event="workspace.focus" subsystem="workspace" outcome="ok" workspace_id="w3"
2026-07-31T15:08:07.227023Z  INFO herdr::logging: tab focused event="tab.focus" subsystem="tab" outcome="ok" workspace_id="w3" tab_id="w3:t2"
2026-07-31T15:08:12.260117Z  INFO herdr::logging: session saved event="persist.save" subsystem="persist" outcome="ok" path=/Users/vince/.config/herdr/session.json workspaces=3
2026-07-31T15:09:40.326056Z  INFO herdr::logging: tab focused event="tab.focus" subsystem="tab" outcome="ok" workspace_id="w3" tab_id="w3:t1"
2026-07-31T15:09:42.398112Z  INFO herdr::logging: tab focused event="tab.focus" subsystem="tab" outcome="ok" workspace_id="w3" tab_id="w3:t7"
2026-07-31T15:09:47.412350Z  INFO herdr::logging: session saved event="persist.save" subsystem="persist" outcome="ok" path=/Users/vince/.config/herdr/session.json workspaces=3
2026-07-31T15:10:34.690550Z  INFO herdr::logging: tab focused event="tab.focus" subsystem="tab" outcome="ok" workspace_id="w3" tab_id="w3:t2"
2026-07-31T15:10:35.399709Z  INFO herdr::logging: tab focused event="tab.focus" subsystem="tab" outcome="ok" workspace_id="w3" tab_id="w3:t1"
2026-07-31T15:10:40.426419Z  INFO herdr::logging: session saved event="persist.save" subsystem="persist" outcome="ok" path=/Users/vince/.config/herdr/session.json workspaces=3
2026-07-31T15:10:44.945391Z  INFO herdr::logging: tab focused event="tab.focus" subsystem="tab" outcome="ok" workspace_id="w3" tab_id="w3:t7"
2026-07-31T15:10:49.957639Z  INFO herdr::logging: session saved event="persist.save" subsystem="persist" outcome="ok" path=/Users/vince/.config/herdr/session.json workspaces=3
2026-07-31T15:12:16.266510Z  INFO herdr::logging: tab focused event="tab.focus" subsystem="tab" outcome="ok" workspace_id="w3" tab_id="w3:t2"
2026-07-31T15:12:17.421819Z  INFO herdr::logging: tab focused event="tab.focus" subsystem="tab" outcome="ok" workspace_id="w3" tab_id="w3:t1"
2026-07-31T15:12:19.105491Z  INFO herdr::logging: tab focused event="tab.focus" subsystem="tab" outcome="ok" workspace_id="w3" tab_id="w3:t6"
2026-07-31T15:12:20.767430Z  INFO herdr::logging: tab focused event="tab.focus" subsystem="tab" outcome="ok" workspace_id="w3" tab_id="w3:t1"
2026-07-31T15:12:21.355329Z  INFO herdr::logging: tab focused event="tab.focus" subsystem="tab" outcome="ok" workspace_id="w3" tab_id="w3:t2"
2026-07-31T15:12:25.949866Z  INFO herdr::logging: workspace focused event="workspace.focus" subsystem="workspace" outcome="ok" workspace_id="w9"
2026-07-31T15:12:25.951330Z  INFO herdr::logging: tab focused event="tab.focus" subsystem="tab" outcome="ok" workspace_id="w9" tab_id="w9:t2"
2026-07-31T15:12:31.012297Z  INFO herdr::logging: session saved event="persist.save" subsystem="persist" outcome="ok" path=/Users/vince/.config/herdr/session.json workspaces=3
2026-07-31T15:13:38.092454Z  INFO herdr::logging: checking for updates event="update.check.start" subsystem="update" outcome="started"
2026-07-31T15:22:12.827951Z  INFO herdr::logging: workspace focused event="workspace.focus" subsystem="workspace" outcome="ok" workspace_id="w3"
2026-07-31T15:22:12.828698Z  INFO herdr::logging: tab focused event="tab.focus" subsystem="tab" outcome="ok" workspace_id="w3" tab_id="w3:t7"
2026-07-31T15:22:17.880366Z  INFO herdr::logging: session saved event="persist.save" subsystem="persist" outcome="ok" path=/Users/vince/.config/herdr/session.json workspaces=3
2026-07-31T15:22:24.480627Z  INFO herdr::logging: tab focused event="tab.focus" subsystem="tab" outcome="ok" workspace_id="w3" tab_id="w3:t1"
2026-07-31T15:22:29.504374Z  INFO herdr::logging: session saved event="persist.save" subsystem="persist" outcome="ok" path=/Users/vince/.config/herdr/session.json workspaces=3
2026-07-31T15:25:25.442945Z  INFO herdr::logging: tab focused event="tab.focus" subsystem="tab" outcome="ok" workspace_id="w3" tab_id="w3:t7"
2026-07-31T15:25:30.463257Z  INFO herdr::logging: session saved event="persist.save" subsystem="persist" outcome="ok" path=/Users/vince/.config/herdr/session.json workspaces=3
2026-07-31T15:30:08.683485Z  INFO herdr::logging: tab focused event="tab.focus" subsystem="tab" outcome="ok" workspace_id="w3" tab_id="w3:t6"
2026-07-31T15:30:10.133581Z  INFO herdr::logging: tab focused event="tab.focus" subsystem="tab" outcome="ok" workspace_id="w3" tab_id="w3:t2"
2026-07-31T15:30:15.143699Z  INFO herdr::logging: session saved event="persist.save" subsystem="persist" outcome="ok" path=/Users/vince/.config/herdr/session.json workspaces=3
2026-07-31T15:31:01.523486Z  INFO herdr::logging: workspace focused event="workspace.focus" subsystem="workspace" outcome="ok" workspace_id="w3"
2026-07-31T15:31:01.524531Z  INFO herdr::logging: tab focused event="tab.focus" subsystem="tab" outcome="ok" workspace_id="w3" tab_id="w3:t2"
2026-07-31T15:31:03.117407Z  INFO herdr::logging: tab focused event="tab.focus" subsystem="tab" outcome="ok" workspace_id="w3" tab_id="w3:t7"
2026-07-31T15:31:08.145154Z  INFO herdr::logging: session saved event="persist.save" subsystem="persist" outcome="ok" path=/Users/vince/.config/herdr/session.json workspaces=3
2026-07-31T15:43:40.071085Z  INFO herdr::logging: checking for updates event="update.check.start" subsystem="update" outcome="started"
2026-07-31T15:52:29.315442Z  INFO herdr::logging: workspace focused event="workspace.focus" subsystem="workspace" outcome="ok" workspace_id="w9"
2026-07-31T15:52:29.316878Z  INFO herdr::logging: tab focused event="tab.focus" subsystem="tab" outcome="ok" workspace_id="w9" tab_id="w9:t2"
2026-07-31T15:52:34.354757Z  INFO herdr::logging: session saved event="persist.save" subsystem="persist" outcome="ok" path=/Users/vince/.config/herdr/session.json workspaces=3
2026-07-31T15:52:34.960029Z  INFO herdr::logging: tab focused event="tab.focus" subsystem="tab" outcome="ok" workspace_id="w9" tab_id="w9:t3"
2026-07-31T15:52:39.989305Z  INFO herdr::logging: session saved event="persist.save" subsystem="persist" outcome="ok" path=/Users/vince/.config/herdr/session.json workspaces=3
2026-07-31T16:02:31.859266Z  INFO herdr::logging: tab focused event="tab.focus" subsystem="tab" outcome="ok" workspace_id="w9" tab_id="w9:t2"
2026-07-31T16:02:32.768575Z  INFO herdr::logging: tab focused event="tab.focus" subsystem="tab" outcome="ok" workspace_id="w9" tab_id="w9:tA"
2026-07-31T16:02:33.259473Z  INFO herdr::logging: tab focused event="tab.focus" subsystem="tab" outcome="ok" workspace_id="w9" tab_id="w9:t3"
2026-07-31T16:02:33.925311Z  INFO herdr::logging: tab focused event="tab.focus" subsystem="tab" outcome="ok" workspace_id="w9" tab_id="w9:t2"
2026-07-31T16:02:34.825433Z  INFO herdr::logging: tab focused event="tab.focus" subsystem="tab" outcome="ok" workspace_id="w9" tab_id="w9:t1"
2026-07-31T16:02:39.859016Z  INFO herdr::logging: session saved event="persist.save" subsystem="persist" outcome="ok" path=/Users/vince/.config/herdr/session.json workspaces=3
2026-07-31T16:06:56.449199Z  INFO herdr::logging: tab focused event="tab.focus" subsystem="tab" outcome="ok" workspace_id="w9" tab_id="w9:t2"
2026-07-31T16:07:01.483034Z  INFO herdr::logging: session saved event="persist.save" subsystem="persist" outcome="ok" path=/Users/vince/.config/herdr/session.json workspaces=3
2026-07-31T16:13:40.083686Z  INFO herdr::logging: checking for updates event="update.check.start" subsystem="update" outcome="started"
2026-07-31T16:41:15.110831Z  INFO herdr::logging: tab focused event="tab.focus" subsystem="tab" outcome="ok" workspace_id="w9" tab_id="w9:t1"
2026-07-31T16:41:20.144789Z  INFO herdr::logging: session saved event="persist.save" subsystem="persist" outcome="ok" path=/Users/vince/.config/herdr/session.json workspaces=3
2026-07-31T16:43:40.135947Z  INFO herdr::logging: checking for updates event="update.check.start" subsystem="update" outcome="started"
2026-07-31T17:02:11.574403Z  INFO herdr::logging: workspace focused event="workspace.focus" subsystem="workspace" outcome="ok" workspace_id="w3"
2026-07-31T17:02:11.576127Z  INFO herdr::logging: tab focused event="tab.focus" subsystem="tab" outcome="ok" workspace_id="w3" tab_id="w3:t7"
2026-07-31T17:02:14.158025Z  INFO herdr::logging: tab focused event="tab.focus" subsystem="tab" outcome="ok" workspace_id="w3" tab_id="w3:t2"
2026-07-31T17:02:19.199062Z  INFO herdr::logging: session saved event="persist.save" subsystem="persist" outcome="ok" path=/Users/vince/.config/herdr/session.json workspaces=3
2026-07-31T17:02:57.075040Z  INFO herdr::logging: tab focused event="tab.focus" subsystem="tab" outcome="ok" workspace_id="w3" tab_id="w3:t1"
2026-07-31T17:03:02.100771Z  INFO herdr::logging: session saved event="persist.save" subsystem="persist" outcome="ok" path=/Users/vince/.config/herdr/session.json workspaces=3
2026-07-31T17:03:02.407175Z  INFO herdr::logging: tab focused event="tab.focus" subsystem="tab" outcome="ok" workspace_id="w3" tab_id="w3:t7"
2026-07-31T17:03:03.789697Z  INFO herdr::logging: tab focused event="tab.focus" subsystem="tab" outcome="ok" workspace_id="w3" tab_id="w3:t2"
2026-07-31T17:03:06.374092Z  INFO herdr::logging: tab focused event="tab.focus" subsystem="tab" outcome="ok" workspace_id="w3" tab_id="w3:t1"
2026-07-31T17:03:11.403436Z  INFO herdr::logging: session saved event="persist.save" subsystem="persist" outcome="ok" path=/Users/vince/.config/herdr/session.json workspaces=3
2026-07-31T17:03:49.046957Z  INFO herdr::logging: tab focused event="tab.focus" subsystem="tab" outcome="ok" workspace_id="w3" tab_id="w3:t2"
2026-07-31T17:03:54.072408Z  INFO herdr::logging: session saved event="persist.save" subsystem="persist" outcome="ok" path=/Users/vince/.config/herdr/session.json workspaces=3
2026-07-31T17:07:53.731589Z  INFO herdr::logging: tab focused event="tab.focus" subsystem="tab" outcome="ok" workspace_id="w3" tab_id="w3:t1"
2026-07-31T17:07:58.777367Z  INFO herdr::logging: session saved event="persist.save" subsystem="persist" outcome="ok" path=/Users/vince/.config/herdr/session.json workspaces=3
2026-07-31T17:09:32.015813Z  INFO herdr::logging: tab focused event="tab.focus" subsystem="tab" outcome="ok" workspace_id="w3" tab_id="w3:t6"
2026-07-31T17:09:32.485617Z  INFO herdr::logging: tab focused event="tab.focus" subsystem="tab" outcome="ok" workspace_id="w3" tab_id="w3:t2"
2026-07-31T17:09:37.517211Z  INFO herdr::logging: session saved event="persist.save" subsystem="persist" outcome="ok" path=/Users/vince/.config/herdr/session.json workspaces=3
2026-07-31T17:09:55.119998Z  INFO herdr::logging: tab focused event="tab.focus" subsystem="tab" outcome="ok" workspace_id="w3" tab_id="w3:t1"
2026-07-31T17:10:00.149775Z  INFO herdr::logging: session saved event="persist.save" subsystem="persist" outcome="ok" path=/Users/vince/.config/herdr/session.json workspaces=3
2026-07-31T17:10:05.483051Z  INFO herdr::logging: tab focused event="tab.focus" subsystem="tab" outcome="ok" workspace_id="w3" tab_id="w3:t2"
2026-07-31T17:10:10.514129Z  INFO herdr::logging: session saved event="persist.save" subsystem="persist" outcome="ok" path=/Users/vince/.config/herdr/session.json workspaces=3
2026-07-31T17:10:18.760588Z  INFO herdr::logging: tab focused event="tab.focus" subsystem="tab" outcome="ok" workspace_id="w3" tab_id="w3:t1"
2026-07-31T17:10:23.773959Z  INFO herdr::logging: session saved event="persist.save" subsystem="persist" outcome="ok" path=/Users/vince/.config/herdr/session.json workspaces=3
2026-07-31T17:10:25.816114Z  INFO herdr::logging: tab focused event="tab.focus" subsystem="tab" outcome="ok" workspace_id="w3" tab_id="w3:t7"
2026-07-31T17:10:27.849404Z  INFO herdr::logging: tab focused event="tab.focus" subsystem="tab" outcome="ok" workspace_id="w3" tab_id="w3:t2"
2026-07-31T17:10:32.867797Z  INFO herdr::logging: session saved event="persist.save" subsystem="persist" outcome="ok" path=/Users/vince/.config/herdr/session.json workspaces=3
2026-07-31T17:13:40.186717Z  INFO herdr::logging: checking for updates event="update.check.start" subsystem="update" outcome="started"
2026-07-31T17:19:31.309089Z  INFO herdr::server::headless: client resize client_id=26 cols=142 rows=47 cell_width_px=0 cell_height_px=0
2026-07-31T17:19:37.777722Z  INFO herdr::server::headless: client connected client_id=40 cols=80 rows=24 cell_width_px=0 cell_height_px=0 render_encoding=SemanticFrame
2026-07-31T17:19:37.896829Z  INFO herdr::server::headless: client disconnected client_id=40
2026-07-31T21:53:50.061767Z  INFO herdr::server::headless: client resize client_id=26 cols=142 rows=48 cell_width_px=0 cell_height_px=0
2026-07-31T21:53:54.298494Z  INFO herdr::server::headless: client resize client_id=26 cols=211 rows=63 cell_width_px=0 cell_height_px=0
2026-07-31T21:53:55.080100Z  INFO herdr::server::headless: client resize client_id=26 cols=142 rows=48 cell_width_px=0 cell_height_px=0
2026-07-31T21:53:58.667620Z  INFO herdr::server::headless: client resize client_id=26 cols=211 rows=63 cell_width_px=0 cell_height_px=0
2026-07-31T21:54:29.840476Z  INFO herdr::logging: tab focused event="tab.focus" subsystem="tab" outcome="ok" workspace_id="w3" tab_id="w3:t7"
2026-07-31T21:54:34.854136Z  INFO herdr::logging: session saved event="persist.save" subsystem="persist" outcome="ok" path=/Users/vince/.config/herdr/session.json workspaces=3
2026-07-31T21:54:41.119927Z  INFO herdr::logging: tab focused event="tab.focus" subsystem="tab" outcome="ok" workspace_id="w3" tab_id="w3:t1"
2026-07-31T21:54:42.293509Z  INFO herdr::logging: tab focused event="tab.focus" subsystem="tab" outcome="ok" workspace_id="w3" tab_id="w3:t2"
2026-07-31T21:54:45.339414Z  INFO herdr::logging: tab focused event="tab.focus" subsystem="tab" outcome="ok" workspace_id="w3" tab_id="w3:t7"
2026-07-31T21:54:50.367634Z  INFO herdr::logging: session saved event="persist.save" subsystem="persist" outcome="ok" path=/Users/vince/.config/herdr/session.json workspaces=3
2026-07-31T21:54:56.874418Z  INFO herdr::logging: tab focused event="tab.focus" subsystem="tab" outcome="ok" workspace_id="w3" tab_id="w3:t6"
2026-07-31T21:54:56.919359Z  INFO herdr::logging: tab focused event="tab.focus" subsystem="tab" outcome="ok" workspace_id="w3" tab_id="w3:t2"
2026-07-31T21:54:56.976491Z  INFO herdr::logging: tab focused event="tab.focus" subsystem="tab" outcome="ok" workspace_id="w3" tab_id="w3:t1"
2026-07-31T21:54:57.052889Z  INFO herdr::logging: tab focused event="tab.focus" subsystem="tab" outcome="ok" workspace_id="w3" tab_id="w3:t7"
2026-07-31T21:54:57.374196Z  INFO herdr::logging: tab focused event="tab.focus" subsystem="tab" outcome="ok" workspace_id="w3" tab_id="w3:t1"
2026-07-31T21:54:57.468776Z  INFO herdr::logging: tab focused event="tab.focus" subsystem="tab" outcome="ok" workspace_id="w3" tab_id="w3:t2"
2026-07-31T21:54:58.477998Z  INFO herdr::logging: tab focused event="tab.focus" subsystem="tab" outcome="ok" workspace_id="w3" tab_id="w3:t7"
2026-07-31T21:54:58.866225Z  INFO herdr::logging: tab focused event="tab.focus" subsystem="tab" outcome="ok" workspace_id="w3" tab_id="w3:t7"
2026-07-31T21:55:03.871240Z  INFO herdr::logging: session saved event="persist.save" subsystem="persist" outcome="ok" path=/Users/vince/.config/herdr/session.json workspaces=3
2026-07-31T22:08:22.079923Z  INFO herdr::logging: tab focused event="tab.focus" subsystem="tab" outcome="ok" workspace_id="w3" tab_id="w3:t2"
2026-07-31T22:08:27.109880Z  INFO herdr::logging: session saved event="persist.save" subsystem="persist" outcome="ok" path=/Users/vince/.config/herdr/session.json workspaces=3
2026-07-31T22:13:33.145120Z  INFO herdr::logging: tab focused event="tab.focus" subsystem="tab" outcome="ok" workspace_id="w3" tab_id="w3:t7"
2026-07-31T22:13:38.186673Z  INFO herdr::logging: session saved event="persist.save" subsystem="persist" outcome="ok" path=/Users/vince/.config/herdr/session.json workspaces=3
2026-07-31T22:13:43.245238Z  INFO herdr::logging: checking for updates event="update.check.start" subsystem="update" outcome="started"
2026-07-31T22:23:19.297428Z  INFO herdr::logging: tab focused event="tab.focus" subsystem="tab" outcome="ok" workspace_id="w3" tab_id="w3:t6"
2026-07-31T22:23:24.322424Z  INFO herdr::logging: session saved event="persist.save" subsystem="persist" outcome="ok" path=/Users/vince/.config/herdr/session.json workspaces=3
2026-07-31T22:23:32.858408Z  INFO herdr::logging: tab focused event="tab.focus" subsystem="tab" outcome="ok" workspace_id="w3" tab_id="w3:t7"
2026-07-31T22:23:37.893247Z  INFO herdr::logging: session saved event="persist.save" subsystem="persist" outcome="ok" path=/Users/vince/.config/herdr/session.json workspaces=3
2026-07-31T22:36:27.963584Z  INFO herdr::server::headless: client resize client_id=26 cols=211 rows=48 cell_width_px=0 cell_height_px=0
2026-07-31T22:36:28.139756Z  INFO herdr::server::headless: client resize client_id=26 cols=142 rows=48 cell_width_px=0 cell_height_px=0
2026-07-31T22:36:31.699382Z  INFO herdr::server::headless: client resize client_id=26 cols=211 rows=63 cell_width_px=0 cell_height_px=0
2026-07-31T22:43:43.298125Z  INFO herdr::logging: checking for updates event="update.check.start" subsystem="update" outcome="started"
2026-07-31T22:46:55.873532Z  INFO herdr::logging: tab focused event="tab.focus" subsystem="tab" outcome="ok" workspace_id="w3" tab_id="w3:t6"
2026-07-31T22:46:56.414276Z  INFO herdr::logging: tab focused event="tab.focus" subsystem="tab" outcome="ok" workspace_id="w3" tab_id="w3:t6"
2026-07-31T22:47:01.424814Z  INFO herdr::logging: session saved event="persist.save" subsystem="persist" outcome="ok" path=/Users/vince/.config/herdr/session.json workspaces=3
2026-07-31T22:52:32.721860Z  INFO herdr::logging: tab focused event="tab.focus" subsystem="tab" outcome="ok" workspace_id="w3" tab_id="w3:t1"
2026-07-31T22:52:33.382635Z  INFO herdr::logging: tab focused event="tab.focus" subsystem="tab" outcome="ok" workspace_id="w3" tab_id="w3:t7"
2026-07-31T22:52:38.412057Z  INFO herdr::logging: session saved event="persist.save" subsystem="persist" outcome="ok" path=/Users/vince/.config/herdr/session.json workspaces=3
2026-07-31T23:01:56.179108Z  INFO herdr::server::headless: client resize client_id=26 cols=211 rows=48 cell_width_px=0 cell_height_px=0
2026-07-31T23:01:56.285612Z  INFO herdr::server::headless: client resize client_id=26 cols=142 rows=48 cell_width_px=0 cell_height_px=0
2026-07-31T23:58:38.512449Z  INFO herdr::logging: checking for updates event="update.check.start" subsystem="update" outcome="started"
2026-08-01T06:28:54.844578Z  INFO herdr::logging: checking for updates event="update.check.start" subsystem="update" outcome="started"
2026-08-01T12:34:04.716284Z  INFO herdr::logging: tab focused event="tab.focus" subsystem="tab" outcome="ok" workspace_id="w3" tab_id="w3:t2"
2026-08-01T12:34:09.756604Z  INFO herdr::logging: session saved event="persist.save" subsystem="persist" outcome="ok" path=/Users/vince/.config/herdr/session.json workspaces=3
2026-08-01T12:43:43.357625Z  INFO herdr::logging: checking for updates event="update.check.start" subsystem="update" outcome="started"
2026-08-01T13:55:56.445855Z  INFO herdr::logging: checking for updates event="update.check.start" subsystem="update" outcome="started"
2026-08-01T14:39:09.931034Z  INFO herdr::logging: checking for updates event="update.check.start" subsystem="update" outcome="started"
2026-08-01T16:11:08.640912Z  INFO herdr::server::headless: client resize client_id=26 cols=211 rows=63 cell_width_px=0 cell_height_px=0
2026-08-01T16:13:37.693412Z  INFO herdr::server::headless: client connected client_id=42 cols=80 rows=24 cell_width_px=0 cell_height_px=0 render_encoding=SemanticFrame
2026-08-01T16:13:37.751391Z  INFO herdr::server::headless: client disconnected client_id=42
2026-08-01T16:14:41.807931Z  INFO herdr::logging: checking for updates event="update.check.start" subsystem="update" outcome="started"
2026-08-01T16:14:47.959859Z  INFO herdr::server::headless: client resize client_id=26 cols=104 rows=63 cell_width_px=0 cell_height_px=0
2026-08-01T16:14:48.062635Z  INFO herdr::server::headless: client resize client_id=26 cols=69 rows=63 cell_width_px=0 cell_height_px=0
2026-08-01T16:14:55.131689Z  INFO herdr::server::headless: client resize client_id=26 cols=65 rows=63 cell_width_px=0 cell_height_px=0
2026-08-01T16:14:55.339572Z  INFO herdr::server::headless: client resize client_id=26 cols=39 rows=63 cell_width_px=0 cell_height_px=0
2026-08-01T16:14:59.083662Z  INFO herdr::server::headless: client resize client_id=26 cols=60 rows=63 cell_width_px=0 cell_height_px=0
2026-08-01T16:15:04.500533Z  INFO herdr::server::headless: client resize client_id=26 cols=24 rows=63 cell_width_px=0 cell_height_px=0
2026-08-01T16:15:53.986732Z  INFO herdr::server::headless: client resize client_id=26 cols=7 rows=63 cell_width_px=0 cell_height_px=0
2026-08-01T16:16:08.642232Z  INFO herdr::server::headless: client resize client_id=26 cols=104 rows=1 cell_width_px=0 cell_height_px=0
2026-08-01T16:16:09.988469Z  INFO herdr::server::headless: client resize client_id=26 cols=211 rows=1 cell_width_px=0 cell_height_px=0
2026-08-01T16:16:10.614472Z  INFO herdr::server::headless: client resize client_id=26 cols=104 rows=1 cell_width_px=0 cell_height_px=0
2026-08-01T16:17:56.859504Z  INFO herdr::server::headless: client resize client_id=26 cols=211 rows=1 cell_width_px=0 cell_height_px=0
2026-08-01T16:18:13.923188Z  INFO herdr::server::headless: client resize client_id=26 cols=69 rows=63 cell_width_px=0 cell_height_px=0
2026-08-01T16:20:59.261212Z  INFO herdr::server::headless: client resize client_id=26 cols=104 rows=31 cell_width_px=0 cell_height_px=0
2026-08-01T16:21:06.653232Z  INFO herdr::server::headless: client resize client_id=26 cols=211 rows=31 cell_width_px=0 cell_height_px=0
2026-08-01T16:21:11.848381Z  INFO herdr::server::headless: client resize client_id=26 cols=104 rows=63 cell_width_px=0 cell_height_px=0
2026-08-01T16:21:20.893006Z  INFO herdr::server::headless: client resize client_id=26 cols=211 rows=63 cell_width_px=0 cell_height_px=0
2026-08-01T16:28:05.169537Z  INFO herdr::logging: spawning pane terminal event="pane.spawn.start" subsystem="pane" outcome="started" pane_id=51 rows=62 cols=185 scrollback_limit_bytes=10000000
2026-08-01T16:28:05.181440Z  INFO herdr::logging: pane child spawned event="pane.spawned" subsystem="pane" outcome="ok" pane_id=51 pid=98540
2026-08-01T16:28:05.182111Z  INFO herdr::logging: tab focused event="tab.focus" subsystem="tab" outcome="ok" workspace_id="w3" tab_id="w3:t8"
2026-08-01T16:28:10.205604Z  INFO herdr::logging: session saved event="persist.save" subsystem="persist" outcome="ok" path=/Users/vince/.config/herdr/session.json workspaces=3
2026-08-01T16:29:01.773492Z  INFO herdr::server::headless: client resize client_id=26 cols=211 rows=31 cell_width_px=0 cell_height_px=0
2026-08-01T16:29:09.142318Z  INFO herdr::server::headless: client resize client_id=26 cols=104 rows=63 cell_width_px=0 cell_height_px=0
2026-08-01T16:36:25.278236Z  INFO herdr::server::headless: client resize client_id=26 cols=211 rows=63 cell_width_px=0 cell_height_px=0
2026-08-01T18:29:28.321269Z  INFO herdr::logging: checking for updates event="update.check.start" subsystem="update" outcome="started"
2026-08-01T18:59:28.310475Z  INFO herdr::logging: checking for updates event="update.check.start" subsystem="update" outcome="started"
2026-08-01T19:29:28.323968Z  INFO herdr::logging: checking for updates event="update.check.start" subsystem="update" outcome="started"
2026-08-01T23:31:46.431138Z  INFO herdr::server::headless: client resize client_id=26 cols=142 rows=48 cell_width_px=0 cell_height_px=0
2026-08-01T23:31:50.493048Z  INFO herdr::server::headless: client resize client_id=26 cols=211 rows=63 cell_width_px=0 cell_height_px=0
2026-08-01T23:31:50.942007Z  INFO herdr::server::headless: client resize client_id=26 cols=142 rows=48 cell_width_px=0 cell_height_px=0
2026-08-01T23:31:55.123395Z  INFO herdr::server::headless: client resize client_id=26 cols=211 rows=63 cell_width_px=0 cell_height_px=0
2026-08-01T23:32:05.461725Z  INFO herdr::pane: agent changed pane=51 previous_agent=None agent=Some(Codex) process=codex pgid=Some(17891)
2026-08-01T23:32:15.211587Z  INFO herdr::pane: agent changed pane=51 previous_agent=Some(Codex) agent=None pgid=Some(98540)
2026-08-01T23:32:17.286991Z  INFO herdr::logging: workspace focused event="workspace.focus" subsystem="workspace" outcome="ok" workspace_id="w2"
2026-08-01T23:32:17.287161Z  INFO herdr::logging: tab focused event="tab.focus" subsystem="tab" outcome="ok" workspace_id="w2" tab_id="w2:t3"
2026-08-01T23:32:22.295119Z  INFO herdr::logging: session saved event="persist.save" subsystem="persist" outcome="ok" path=/Users/vince/.config/herdr/session.json workspaces=3
2026-08-01T23:37:37.099773Z  INFO herdr::logging: checking for updates event="update.check.start" subsystem="update" outcome="started"
2026-08-02T00:06:17.634781Z  INFO herdr::server::headless: client resize client_id=26 cols=104 rows=63 cell_width_px=0 cell_height_px=0
2026-08-02T00:06:46.209335Z  INFO herdr::server::headless: client resize client_id=26 cols=211 rows=63 cell_width_px=0 cell_height_px=0
2026-08-02T00:07:37.104538Z  INFO herdr::logging: checking for updates event="update.check.start" subsystem="update" outcome="started"
2026-08-02T00:08:18.408933Z  INFO herdr::server::headless: client resize client_id=26 cols=142 rows=48 cell_width_px=0 cell_height_px=0
2026-08-02T01:34:56.172052Z  INFO herdr::logging: checking for updates event="update.check.start" subsystem="update" outcome="started"
2026-08-02T09:46:58.885493Z  INFO herdr::logging: checking for updates event="update.check.start" subsystem="update" outcome="started"
2026-08-02T14:03:06.581865Z  INFO herdr::logging: checking for updates event="update.check.start" subsystem="update" outcome="started"
2026-08-02T14:33:06.583973Z  INFO herdr::logging: checking for updates event="update.check.start" subsystem="update" outcome="started"
2026-08-02T14:38:14.200319Z  INFO herdr::server::headless: client resize client_id=26 cols=211 rows=63 cell_width_px=0 cell_height_px=0
2026-08-02T14:38:15.050912Z  INFO herdr::server::headless: client resize client_id=26 cols=211 rows=48 cell_width_px=0 cell_height_px=0
2026-08-02T14:38:15.072551Z  INFO herdr::server::headless: client resize client_id=26 cols=142 rows=48 cell_width_px=0 cell_height_px=0
2026-08-02T14:38:18.799404Z  INFO herdr::server::headless: client resize client_id=26 cols=211 rows=63 cell_width_px=0 cell_height_px=0
2026-08-02T15:03:06.591371Z  INFO herdr::logging: checking for updates event="update.check.start" subsystem="update" outcome="started"
2026-08-02T15:12:09.277203Z  INFO herdr::logging: spawning pane terminal event="pane.spawn.start" subsystem="pane" outcome="started" pane_id=52 rows=47 cols=145 scrollback_limit_bytes=10000000
2026-08-02T15:12:09.304984Z  INFO herdr::logging: pane child spawned event="pane.spawned" subsystem="pane" outcome="ok" pane_id=52 pid=57232
2026-08-02T15:12:10.767077Z  INFO herdr::logging: api request received event="api.request.start" subsystem="api" outcome="started" request_id="cli:workspace:focus" method="workspace.focus" changes_ui=true
2026-08-02T15:12:10.767273Z  INFO herdr::logging: workspace focused event="workspace.focus" subsystem="workspace" outcome="ok" workspace_id="w3"
2026-08-02T15:12:10.767317Z  INFO herdr::logging: tab focused event="tab.focus" subsystem="tab" outcome="ok" workspace_id="w3" tab_id="w3:t8"
2026-08-02T15:12:10.767371Z  INFO herdr::logging: api request completed event="api.request.complete" subsystem="api" outcome="ok" request_id="cli:workspace:focus" method="workspace.focus"
2026-08-02T15:12:10.768441Z  INFO herdr::logging: pane child exited event="pane.exit" subsystem="pane" outcome="completed" pane_id=52 status="ExitStatus { code: 0, signal: None }"
2026-08-02T15:12:10.774846Z  INFO herdr::pane: pane session terminated pane=52 pid=57232 signal=Hangup
2026-08-02T15:12:13.302179Z  INFO herdr::logging: api request received event="api.request.start" subsystem="api" outcome="started" request_id="cli:tab:focus" method="tab.focus" changes_ui=true
2026-08-02T15:12:13.302276Z  INFO herdr::logging: tab focused event="tab.focus" subsystem="tab" outcome="ok" workspace_id="w3" tab_id="w3:t1"
2026-08-02T15:12:13.302316Z  INFO herdr::logging: api request completed event="api.request.complete" subsystem="api" outcome="ok" request_id="cli:tab:focus" method="tab.focus"
2026-08-02T15:12:13.828183Z  INFO herdr::logging: api request received event="api.request.start" subsystem="api" outcome="started" request_id="cli:tab:focus" method="tab.focus" changes_ui=true
2026-08-02T15:12:13.828296Z  INFO herdr::logging: tab focused event="tab.focus" subsystem="tab" outcome="ok" workspace_id="w3" tab_id="w3:t2"
2026-08-02T15:12:13.828344Z  INFO herdr::logging: api request completed event="api.request.complete" subsystem="api" outcome="ok" request_id="cli:tab:focus" method="tab.focus"
2026-08-02T15:12:13.917648Z  INFO herdr::logging: api request received event="api.request.start" subsystem="api" outcome="started" request_id="cli:tab:focus" method="tab.focus" changes_ui=true
2026-08-02T15:12:13.917742Z  INFO herdr::logging: tab focused event="tab.focus" subsystem="tab" outcome="ok" workspace_id="w3" tab_id="w3:t6"
2026-08-02T15:12:13.917785Z  INFO herdr::logging: api request completed event="api.request.complete" subsystem="api" outcome="ok" request_id="cli:tab:focus" method="tab.focus"
2026-08-02T15:12:14.137687Z  INFO herdr::logging: api request received event="api.request.start" subsystem="api" outcome="started" request_id="cli:tab:focus" method="tab.focus" changes_ui=true
2026-08-02T15:12:14.137774Z  INFO herdr::logging: tab focused event="tab.focus" subsystem="tab" outcome="ok" workspace_id="w3" tab_id="w3:t7"
2026-08-02T15:12:14.137815Z  INFO herdr::logging: api request completed event="api.request.complete" subsystem="api" outcome="ok" request_id="cli:tab:focus" method="tab.focus"
2026-08-02T15:12:14.682054Z  INFO herdr::logging: api request received event="api.request.start" subsystem="api" outcome="started" request_id="cli:tab:focus" method="tab.focus" changes_ui=true
2026-08-02T15:12:14.682147Z  INFO herdr::logging: tab focused event="tab.focus" subsystem="tab" outcome="ok" workspace_id="w3" tab_id="w3:t8"
2026-08-02T15:12:14.682192Z  INFO herdr::logging: api request completed event="api.request.complete" subsystem="api" outcome="ok" request_id="cli:tab:focus" method="tab.focus"
2026-08-02T15:12:16.595457Z  INFO herdr::logging: pane child exited event="pane.exit" subsystem="pane" outcome="completed" pane_id=51 status="ExitStatus { code: 1, signal: None }"
2026-08-02T15:12:16.604014Z  INFO herdr::pane: pane session terminated pane=51 pid=98540 signal=Hangup
2026-08-02T15:12:16.604616Z  WARN herdr::app::actions: PaneDied for unknown pane pane=51
2026-08-02T15:12:17.122633Z  INFO herdr::logging: api request received event="api.request.start" subsystem="api" outcome="started" request_id="cli:tab:focus" method="tab.focus" changes_ui=true
2026-08-02T15:12:17.122745Z  INFO herdr::logging: tab focused event="tab.focus" subsystem="tab" outcome="ok" workspace_id="w3" tab_id="w3:t1"
2026-08-02T15:12:17.122798Z  INFO herdr::logging: api request completed event="api.request.complete" subsystem="api" outcome="ok" request_id="cli:tab:focus" method="tab.focus"
2026-08-02T15:12:17.678231Z  INFO herdr::logging: api request received event="api.request.start" subsystem="api" outcome="started" request_id="cli:tab:focus" method="tab.focus" changes_ui=true
2026-08-02T15:12:17.678379Z  INFO herdr::logging: tab focused event="tab.focus" subsystem="tab" outcome="ok" workspace_id="w3" tab_id="w3:t2"
2026-08-02T15:12:17.678431Z  INFO herdr::logging: api request completed event="api.request.complete" subsystem="api" outcome="ok" request_id="cli:tab:focus" method="tab.focus"
2026-08-02T15:12:17.724682Z  INFO herdr::logging: api request received event="api.request.start" subsystem="api" outcome="started" request_id="cli:tab:focus" method="tab.focus" changes_ui=true
2026-08-02T15:12:17.724778Z  INFO herdr::logging: tab focused event="tab.focus" subsystem="tab" outcome="ok" workspace_id="w3" tab_id="w3:t1"
2026-08-02T15:12:17.724825Z  INFO herdr::logging: api request completed event="api.request.complete" subsystem="api" outcome="ok" request_id="cli:tab:focus" method="tab.focus"
2026-08-02T15:12:17.743711Z  INFO herdr::logging: api request received event="api.request.start" subsystem="api" outcome="started" request_id="cli:tab:focus" method="tab.focus" changes_ui=true
2026-08-02T15:12:17.743789Z  INFO herdr::logging: tab focused event="tab.focus" subsystem="tab" outcome="ok" workspace_id="w3" tab_id="w3:t6"
2026-08-02T15:12:17.743813Z  INFO herdr::logging: api request completed event="api.request.complete" subsystem="api" outcome="ok" request_id="cli:tab:focus" method="tab.focus"
2026-08-02T15:12:18.457768Z  INFO herdr::logging: api request received event="api.request.start" subsystem="api" outcome="started" request_id="cli:tab:focus" method="tab.focus" changes_ui=true
2026-08-02T15:12:18.457889Z  INFO herdr::logging: tab focused event="tab.focus" subsystem="tab" outcome="ok" workspace_id="w3" tab_id="w3:t1"
2026-08-02T15:12:18.457937Z  INFO herdr::logging: api request completed event="api.request.complete" subsystem="api" outcome="ok" request_id="cli:tab:focus" method="tab.focus"
2026-08-02T15:12:18.475874Z  INFO herdr::logging: api request received event="api.request.start" subsystem="api" outcome="started" request_id="cli:tab:focus" method="tab.focus" changes_ui=true
2026-08-02T15:12:18.475979Z  INFO herdr::logging: tab focused event="tab.focus" subsystem="tab" outcome="ok" workspace_id="w3" tab_id="w3:t2"
2026-08-02T15:12:18.476025Z  INFO herdr::logging: api request completed event="api.request.complete" subsystem="api" outcome="ok" request_id="cli:tab:focus" method="tab.focus"
2026-08-02T15:12:18.922651Z  INFO herdr::logging: api request received event="api.request.start" subsystem="api" outcome="started" request_id="cli:tab:focus" method="tab.focus" changes_ui=true
2026-08-02T15:12:18.922790Z  INFO herdr::logging: tab focused event="tab.focus" subsystem="tab" outcome="ok" workspace_id="w3" tab_id="w3:t1"
2026-08-02T15:12:18.922852Z  INFO herdr::logging: api request completed event="api.request.complete" subsystem="api" outcome="ok" request_id="cli:tab:focus" method="tab.focus"
2026-08-02T15:12:23.946183Z  INFO herdr::logging: session saved event="persist.save" subsystem="persist" outcome="ok" path=/Users/vince/.config/herdr/session.json workspaces=3
2026-08-02T15:33:06.536920Z  INFO herdr::logging: checking for updates event="update.check.start" subsystem="update" outcome="started"
2026-08-02T16:03:06.607371Z  INFO herdr::logging: checking for updates event="update.check.start" subsystem="update" outcome="started"
2026-08-02T16:33:06.620142Z  INFO herdr::logging: checking for updates event="update.check.start" subsystem="update" outcome="started"
2026-08-02T17:03:06.636739Z  INFO herdr::logging: checking for updates event="update.check.start" subsystem="update" outcome="started"
2026-08-02T17:33:06.625519Z  INFO herdr::logging: checking for updates event="update.check.start" subsystem="update" outcome="started"
2026-08-02T17:45:33.037965Z  INFO herdr::server::headless: client resize client_id=26 cols=211 rows=48 cell_width_px=0 cell_height_px=0
2026-08-02T17:45:33.226330Z  INFO herdr::server::headless: client resize client_id=26 cols=142 rows=48 cell_width_px=0 cell_height_px=0
2026-08-02T17:45:36.167237Z  INFO herdr::server::headless: client resize client_id=26 cols=211 rows=63 cell_width_px=0 cell_height_px=0
2026-08-02T17:49:16.494562Z  INFO herdr::server::headless: client resize client_id=26 cols=211 rows=48 cell_width_px=0 cell_height_px=0
2026-08-02T17:49:16.673103Z  INFO herdr::server::headless: client resize client_id=26 cols=142 rows=48 cell_width_px=0 cell_height_px=0
2026-08-02T17:49:20.158159Z  INFO herdr::server::headless: client resize client_id=26 cols=211 rows=63 cell_width_px=0 cell_height_px=0
2026-08-02T18:03:06.628808Z  INFO herdr::logging: checking for updates event="update.check.start" subsystem="update" outcome="started"
2026-08-02T18:33:06.631374Z  INFO herdr::logging: checking for updates event="update.check.start" subsystem="update" outcome="started"
2026-08-02T18:54:11.656586Z  INFO herdr::server::headless: client connected client_id=44 cols=80 rows=24 cell_width_px=0 cell_height_px=0 render_encoding=SemanticFrame
2026-08-02T18:54:11.728346Z  INFO herdr::server::headless: client disconnected client_id=44
2026-08-02T19:03:06.643085Z  INFO herdr::logging: checking for updates event="update.check.start" subsystem="update" outcome="started"
2026-08-02T19:33:06.650002Z  INFO herdr::logging: checking for updates event="update.check.start" subsystem="update" outcome="started"
2026-08-02T20:03:06.659087Z  INFO herdr::logging: checking for updates event="update.check.start" subsystem="update" outcome="started"
2026-08-02T20:33:06.668022Z  INFO herdr::logging: checking for updates event="update.check.start" subsystem="update" outcome="started"
2026-08-02T21:03:06.622169Z  INFO herdr::logging: checking for updates event="update.check.start" subsystem="update" outcome="started"
2026-08-02T21:46:51.597740Z  INFO herdr::logging: checking for updates event="update.check.start" subsystem="update" outcome="started"
2026-08-02T22:17:29.893586Z  INFO herdr::logging: checking for updates event="update.check.start" subsystem="update" outcome="started"
2026-08-02T22:47:29.908944Z  INFO herdr::logging: checking for updates event="update.check.start" subsystem="update" outcome="started"
2026-08-02T23:23:15.988972Z  INFO herdr::logging: checking for updates event="update.check.start" subsystem="update" outcome="started"
2026-08-02T23:53:15.971826Z  INFO herdr::logging: checking for updates event="update.check.start" subsystem="update" outcome="started"
2026-08-03T00:38:14.012035Z  INFO herdr::logging: checking for updates event="update.check.start" subsystem="update" outcome="started"
2026-08-03T01:08:14.024522Z  INFO herdr::logging: checking for updates event="update.check.start" subsystem="update" outcome="started"
2026-08-03T01:38:13.895460Z  INFO herdr::logging: checking for updates event="update.check.start" subsystem="update" outcome="started"
2026-08-03T01:39:26.841601Z  INFO herdr::server::headless: client resize client_id=26 cols=142 rows=48 cell_width_px=0 cell_height_px=0
2026-08-03T01:39:31.164216Z  INFO herdr::server::headless: client resize client_id=26 cols=211 rows=63 cell_width_px=0 cell_height_px=0
2026-08-03T01:39:31.857629Z  INFO herdr::server::headless: client resize client_id=26 cols=142 rows=48 cell_width_px=0 cell_height_px=0
2026-08-03T01:39:35.915744Z  INFO herdr::server::headless: client resize client_id=26 cols=211 rows=63 cell_width_px=0 cell_height_px=0
2026-08-03T01:43:58.436112Z  INFO herdr::server::headless: client resize client_id=26 cols=104 rows=63 cell_width_px=0 cell_height_px=0
2026-08-03T01:46:00.954420Z  INFO herdr::server::headless: client resize client_id=26 cols=211 rows=63 cell_width_px=0 cell_height_px=0
2026-08-03T01:49:21.795949Z  INFO herdr::logging: tab focused event="tab.focus" subsystem="tab" outcome="ok" workspace_id="w3" tab_id="w3:t7"
2026-08-03T01:49:26.807142Z  INFO herdr::logging: session saved event="persist.save" subsystem="persist" outcome="ok" path=/Users/vince/.config/herdr/session.json workspaces=3
2026-08-03T01:55:13.806788Z  INFO herdr::logging: tab focused event="tab.focus" subsystem="tab" outcome="ok" workspace_id="w3" tab_id="w3:t1"
2026-08-03T01:55:18.816297Z  INFO herdr::logging: session saved event="persist.save" subsystem="persist" outcome="ok" path=/Users/vince/.config/herdr/session.json workspaces=3
2026-08-03T01:58:51.792876Z  INFO herdr::logging: tab focused event="tab.focus" subsystem="tab" outcome="ok" workspace_id="w3" tab_id="w3:t7"
2026-08-03T01:58:56.807526Z  INFO herdr::logging: session saved event="persist.save" subsystem="persist" outcome="ok" path=/Users/vince/.config/herdr/session.json workspaces=3
2026-08-03T01:59:11.369412Z  INFO herdr::logging: api request received event="api.request.start" subsystem="api" outcome="started" request_id="cli:tab:focus" method="tab.focus" changes_ui=true
2026-08-03T01:59:11.369498Z  INFO herdr::logging: tab focused event="tab.focus" subsystem="tab" outcome="ok" workspace_id="w3" tab_id="w3:t1"
2026-08-03T01:59:11.369526Z  INFO herdr::logging: api request completed event="api.request.complete" subsystem="api" outcome="ok" request_id="cli:tab:focus" method="tab.focus"
2026-08-03T01:59:12.237887Z  INFO herdr::logging: api request received event="api.request.start" subsystem="api" outcome="started" request_id="cli:tab:focus" method="tab.focus" changes_ui=true
2026-08-03T01:59:12.237982Z  INFO herdr::logging: tab focused event="tab.focus" subsystem="tab" outcome="ok" workspace_id="w3" tab_id="w3:t7"
2026-08-03T01:59:12.238020Z  INFO herdr::logging: api request completed event="api.request.complete" subsystem="api" outcome="ok" request_id="cli:tab:focus" method="tab.focus"
2026-08-03T01:59:12.701036Z  INFO herdr::logging: api request received event="api.request.start" subsystem="api" outcome="started" request_id="cli:tab:focus" method="tab.focus" changes_ui=true
2026-08-03T01:59:12.701130Z  INFO herdr::logging: tab focused event="tab.focus" subsystem="tab" outcome="ok" workspace_id="w3" tab_id="w3:t1"
2026-08-03T01:59:12.701167Z  INFO herdr::logging: api request completed event="api.request.complete" subsystem="api" outcome="ok" request_id="cli:tab:focus" method="tab.focus"
2026-08-03T01:59:14.767860Z  INFO herdr::logging: api request received event="api.request.start" subsystem="api" outcome="started" request_id="cli:tab:focus" method="tab.focus" changes_ui=true
2026-08-03T01:59:14.767959Z  INFO herdr::logging: tab focused event="tab.focus" subsystem="tab" outcome="ok" workspace_id="w3" tab_id="w3:t7"
2026-08-03T01:59:14.767989Z  INFO herdr::logging: api request completed event="api.request.complete" subsystem="api" outcome="ok" request_id="cli:tab:focus" method="tab.focus"
2026-08-03T01:59:19.781371Z  INFO herdr::logging: session saved event="persist.save" subsystem="persist" outcome="ok" path=/Users/vince/.config/herdr/session.json workspaces=3
2026-08-03T01:59:23.997130Z  INFO herdr::logging: api request received event="api.request.start" subsystem="api" outcome="started" request_id="cli:tab:focus" method="tab.focus" changes_ui=true
2026-08-03T01:59:23.997253Z  INFO herdr::logging: tab focused event="tab.focus" subsystem="tab" outcome="ok" workspace_id="w3" tab_id="w3:t1"
2026-08-03T01:59:23.997307Z  INFO herdr::logging: api request completed event="api.request.complete" subsystem="api" outcome="ok" request_id="cli:tab:focus" method="tab.focus"
2026-08-03T01:59:26.204810Z  INFO herdr::logging: api request received event="api.request.start" subsystem="api" outcome="started" request_id="cli:tab:focus" method="tab.focus" changes_ui=true
2026-08-03T01:59:26.204899Z  INFO herdr::logging: tab focused event="tab.focus" subsystem="tab" outcome="ok" workspace_id="w3" tab_id="w3:t6"
2026-08-03T01:59:26.204931Z  INFO herdr::logging: api request completed event="api.request.complete" subsystem="api" outcome="ok" request_id="cli:tab:focus" method="tab.focus"
2026-08-03T01:59:27.312866Z  INFO herdr::logging: api request received event="api.request.start" subsystem="api" outcome="started" request_id="cli:tab:focus" method="tab.focus" changes_ui=true
2026-08-03T01:59:27.312987Z  INFO herdr::logging: tab focused event="tab.focus" subsystem="tab" outcome="ok" workspace_id="w3" tab_id="w3:t7"
2026-08-03T01:59:27.313036Z  INFO herdr::logging: api request completed event="api.request.complete" subsystem="api" outcome="ok" request_id="cli:tab:focus" method="tab.focus"
2026-08-03T01:59:32.321641Z  INFO herdr::logging: session saved event="persist.save" subsystem="persist" outcome="ok" path=/Users/vince/.config/herdr/session.json workspaces=3
2026-08-03T01:59:52.042511Z  INFO herdr::logging: api request received event="api.request.start" subsystem="api" outcome="started" request_id="cli:tab:focus" method="tab.focus" changes_ui=true
2026-08-03T01:59:52.042667Z  INFO herdr::logging: tab focused event="tab.focus" subsystem="tab" outcome="ok" workspace_id="w3" tab_id="w3:t1"
2026-08-03T01:59:52.042719Z  INFO herdr::logging: api request completed event="api.request.complete" subsystem="api" outcome="ok" request_id="cli:tab:focus" method="tab.focus"
2026-08-03T01:59:57.051945Z  INFO herdr::logging: session saved event="persist.save" subsystem="persist" outcome="ok" path=/Users/vince/.config/herdr/session.json workspaces=3
2026-08-03T02:00:06.837364Z  INFO herdr::logging: api request received event="api.request.start" subsystem="api" outcome="started" request_id="cli:tab:focus" method="tab.focus" changes_ui=true
2026-08-03T02:00:06.837453Z  INFO herdr::logging: tab focused event="tab.focus" subsystem="tab" outcome="ok" workspace_id="w3" tab_id="w3:t6"
2026-08-03T02:00:06.837486Z  INFO herdr::logging: api request completed event="api.request.complete" subsystem="api" outcome="ok" request_id="cli:tab:focus" method="tab.focus"
2026-08-03T02:00:07.499050Z  INFO herdr::logging: api request received event="api.request.start" subsystem="api" outcome="started" request_id="cli:tab:focus" method="tab.focus" changes_ui=true
2026-08-03T02:00:07.499161Z  INFO herdr::logging: tab focused event="tab.focus" subsystem="tab" outcome="ok" workspace_id="w3" tab_id="w3:t7"
2026-08-03T02:00:07.499211Z  INFO herdr::logging: api request completed event="api.request.complete" subsystem="api" outcome="ok" request_id="cli:tab:focus" method="tab.focus"
2026-08-03T02:00:12.504047Z  INFO herdr::logging: session saved event="persist.save" subsystem="persist" outcome="ok" path=/Users/vince/.config/herdr/session.json workspaces=3
2026-08-03T02:00:14.342950Z  INFO herdr::logging: api request received event="api.request.start" subsystem="api" outcome="started" request_id="cli:tab:focus" method="tab.focus" changes_ui=true
2026-08-03T02:00:14.343045Z  INFO herdr::logging: tab focused event="tab.focus" subsystem="tab" outcome="ok" workspace_id="w3" tab_id="w3:t1"
2026-08-03T02:00:14.343073Z  INFO herdr::logging: api request completed event="api.request.complete" subsystem="api" outcome="ok" request_id="cli:tab:focus" method="tab.focus"
2026-08-03T02:00:17.958068Z  INFO herdr::logging: api request received event="api.request.start" subsystem="api" outcome="started" request_id="cli:tab:focus" method="tab.focus" changes_ui=true
2026-08-03T02:00:17.958158Z  INFO herdr::logging: tab focused event="tab.focus" subsystem="tab" outcome="ok" workspace_id="w3" tab_id="w3:t7"
2026-08-03T02:00:17.958206Z  INFO herdr::logging: api request completed event="api.request.complete" subsystem="api" outcome="ok" request_id="cli:tab:focus" method="tab.focus"
2026-08-03T02:00:18.410148Z  INFO herdr::logging: api request received event="api.request.start" subsystem="api" outcome="started" request_id="cli:tab:focus" method="tab.focus" changes_ui=true
2026-08-03T02:00:18.410254Z  INFO herdr::logging: tab focused event="tab.focus" subsystem="tab" outcome="ok" workspace_id="w3" tab_id="w3:t1"
2026-08-03T02:00:18.410302Z  INFO herdr::logging: api request completed event="api.request.complete" subsystem="api" outcome="ok" request_id="cli:tab:focus" method="tab.focus"
2026-08-03T02:00:23.415706Z  INFO herdr::logging: session saved event="persist.save" subsystem="persist" outcome="ok" path=/Users/vince/.config/herdr/session.json workspaces=3
2026-08-03T02:00:26.918955Z  INFO herdr::logging: api request received event="api.request.start" subsystem="api" outcome="started" request_id="cli:tab:focus" method="tab.focus" changes_ui=true
2026-08-03T02:00:26.919069Z  INFO herdr::logging: tab focused event="tab.focus" subsystem="tab" outcome="ok" workspace_id="w3" tab_id="w3:t7"
2026-08-03T02:00:26.919121Z  INFO herdr::logging: api request completed event="api.request.complete" subsystem="api" outcome="ok" request_id="cli:tab:focus" method="tab.focus"
2026-08-03T02:00:27.790626Z  INFO herdr::logging: api request received event="api.request.start" subsystem="api" outcome="started" request_id="cli:tab:focus" method="tab.focus" changes_ui=true
2026-08-03T02:00:27.790755Z  INFO herdr::logging: tab focused event="tab.focus" subsystem="tab" outcome="ok" workspace_id="w3" tab_id="w3:t1"
2026-08-03T02:00:27.790801Z  INFO herdr::logging: api request completed event="api.request.complete" subsystem="api" outcome="ok" request_id="cli:tab:focus" method="tab.focus"
2026-08-03T02:00:28.029638Z  INFO herdr::logging: api request received event="api.request.start" subsystem="api" outcome="started" request_id="cli:tab:focus" method="tab.focus" changes_ui=true
2026-08-03T02:00:28.029733Z  INFO herdr::logging: tab focused event="tab.focus" subsystem="tab" outcome="ok" workspace_id="w3" tab_id="w3:t7"
2026-08-03T02:00:28.029772Z  INFO herdr::logging: api request completed event="api.request.complete" subsystem="api" outcome="ok" request_id="cli:tab:focus" method="tab.focus"
2026-08-03T02:00:33.031264Z  INFO herdr::logging: session saved event="persist.save" subsystem="persist" outcome="ok" path=/Users/vince/.config/herdr/session.json workspaces=3
2026-08-03T02:01:36.089233Z  INFO herdr::app::actions: copied selection to clipboard
2026-08-03T02:01:43.090798Z  INFO herdr::app::actions: copied selection to clipboard
2026-08-03T02:01:48.750836Z  INFO herdr::logging: tab focused event="tab.focus" subsystem="tab" outcome="ok" workspace_id="w3" tab_id="w3:t1"
2026-08-03T02:01:53.756303Z  INFO herdr::logging: session saved event="persist.save" subsystem="persist" outcome="ok" path=/Users/vince/.config/herdr/session.json workspaces=3
2026-08-03T02:03:35.473221Z  INFO herdr::logging: api request received event="api.request.start" subsystem="api" outcome="started" request_id="cli:tab:focus" method="tab.focus" changes_ui=true
2026-08-03T02:03:35.473526Z  INFO herdr::logging: tab focused event="tab.focus" subsystem="tab" outcome="ok" workspace_id="w3" tab_id="w3:t6"
2026-08-03T02:03:35.473560Z  INFO herdr::logging: api request completed event="api.request.complete" subsystem="api" outcome="ok" request_id="cli:tab:focus" method="tab.focus"
2026-08-03T02:03:35.917665Z  INFO herdr::logging: api request received event="api.request.start" subsystem="api" outcome="started" request_id="cli:tab:focus" method="tab.focus" changes_ui=true
2026-08-03T02:03:35.917765Z  INFO herdr::logging: tab focused event="tab.focus" subsystem="tab" outcome="ok" workspace_id="w3" tab_id="w3:t7"
2026-08-03T02:03:35.917799Z  INFO herdr::logging: api request completed event="api.request.complete" subsystem="api" outcome="ok" request_id="cli:tab:focus" method="tab.focus"
2026-08-03T02:03:40.939627Z  INFO herdr::logging: session saved event="persist.save" subsystem="persist" outcome="ok" path=/Users/vince/.config/herdr/session.json workspaces=3
2026-08-03T02:03:44.760772Z  INFO herdr::logging: api request received event="api.request.start" subsystem="api" outcome="started" request_id="cli:tab:focus" method="tab.focus" changes_ui=true
2026-08-03T02:03:44.760876Z  INFO herdr::logging: tab focused event="tab.focus" subsystem="tab" outcome="ok" workspace_id="w3" tab_id="w3:t1"
2026-08-03T02:03:44.760923Z  INFO herdr::logging: api request completed event="api.request.complete" subsystem="api" outcome="ok" request_id="cli:tab:focus" method="tab.focus"
2026-08-03T02:03:49.766613Z  INFO herdr::logging: session saved event="persist.save" subsystem="persist" outcome="ok" path=/Users/vince/.config/herdr/session.json workspaces=3
2026-08-03T02:03:53.829026Z  INFO herdr::logging: api request received event="api.request.start" subsystem="api" outcome="started" request_id="cli:tab:focus" method="tab.focus" changes_ui=true
2026-08-03T02:03:53.829130Z  INFO herdr::logging: tab focused event="tab.focus" subsystem="tab" outcome="ok" workspace_id="w3" tab_id="w3:t6"
2026-08-03T02:03:53.829171Z  INFO herdr::logging: api request completed event="api.request.complete" subsystem="api" outcome="ok" request_id="cli:tab:focus" method="tab.focus"
2026-08-03T02:03:54.341423Z  INFO herdr::logging: api request received event="api.request.start" subsystem="api" outcome="started" request_id="cli:tab:focus" method="tab.focus" changes_ui=true
2026-08-03T02:03:54.341677Z  INFO herdr::logging: tab focused event="tab.focus" subsystem="tab" outcome="ok" workspace_id="w3" tab_id="w3:t7"
2026-08-03T02:03:54.341744Z  INFO herdr::logging: api request completed event="api.request.complete" subsystem="api" outcome="ok" request_id="cli:tab:focus" method="tab.focus"
2026-08-03T02:03:55.433053Z  INFO herdr::logging: api request received event="api.request.start" subsystem="api" outcome="started" request_id="cli:tab:focus" method="tab.focus" changes_ui=true
2026-08-03T02:03:55.433141Z  INFO herdr::logging: tab focused event="tab.focus" subsystem="tab" outcome="ok" workspace_id="w3" tab_id="w3:t1"
2026-08-03T02:03:55.433179Z  INFO herdr::logging: api request completed event="api.request.complete" subsystem="api" outcome="ok" request_id="cli:tab:focus" method="tab.focus"
2026-08-03T02:03:55.705781Z  INFO herdr::logging: api request received event="api.request.start" subsystem="api" outcome="started" request_id="cli:tab:focus" method="tab.focus" changes_ui=true
2026-08-03T02:03:55.705881Z  INFO herdr::logging: tab focused event="tab.focus" subsystem="tab" outcome="ok" workspace_id="w3" tab_id="w3:t7"
2026-08-03T02:03:55.705919Z  INFO herdr::logging: api request completed event="api.request.complete" subsystem="api" outcome="ok" request_id="cli:tab:focus" method="tab.focus"
2026-08-03T02:03:56.653918Z  INFO herdr::logging: api request received event="api.request.start" subsystem="api" outcome="started" request_id="cli:tab:focus" method="tab.focus" changes_ui=true
2026-08-03T02:03:56.654012Z  INFO herdr::logging: tab focused event="tab.focus" subsystem="tab" outcome="ok" workspace_id="w3" tab_id="w3:t1"
2026-08-03T02:03:56.654048Z  INFO herdr::logging: api request completed event="api.request.complete" subsystem="api" outcome="ok" request_id="cli:tab:focus" method="tab.focus"
2026-08-03T02:03:57.237347Z  INFO herdr::logging: api request received event="api.request.start" subsystem="api" outcome="started" request_id="cli:tab:focus" method="tab.focus" changes_ui=true
2026-08-03T02:03:57.237529Z  INFO herdr::logging: tab focused event="tab.focus" subsystem="tab" outcome="ok" workspace_id="w3" tab_id="w3:t7"
2026-08-03T02:03:57.237577Z  INFO herdr::logging: api request completed event="api.request.complete" subsystem="api" outcome="ok" request_id="cli:tab:focus" method="tab.focus"
2026-08-03T02:04:02.243781Z  INFO herdr::logging: session saved event="persist.save" subsystem="persist" outcome="ok" path=/Users/vince/.config/herdr/session.json workspaces=3
2026-08-03T02:04:10.826148Z  INFO herdr::logging: api request received event="api.request.start" subsystem="api" outcome="started" request_id="cli:tab:focus" method="tab.focus" changes_ui=true
2026-08-03T02:04:10.826258Z  INFO herdr::logging: tab focused event="tab.focus" subsystem="tab" outcome="ok" workspace_id="w3" tab_id="w3:t1"
2026-08-03T02:04:10.826292Z  INFO herdr::logging: api request completed event="api.request.complete" subsystem="api" outcome="ok" request_id="cli:tab:focus" method="tab.focus"
2026-08-03T02:04:11.548781Z  INFO herdr::logging: api request received event="api.request.start" subsystem="api" outcome="started" request_id="cli:tab:focus" method="tab.focus" changes_ui=true
2026-08-03T02:04:11.548912Z  INFO herdr::logging: tab focused event="tab.focus" subsystem="tab" outcome="ok" workspace_id="w3" tab_id="w3:t6"
2026-08-03T02:04:11.548958Z  INFO herdr::logging: api request completed event="api.request.complete" subsystem="api" outcome="ok" request_id="cli:tab:focus" method="tab.focus"
2026-08-03T02:04:12.143819Z  INFO herdr::logging: api request received event="api.request.start" subsystem="api" outcome="started" request_id="cli:tab:focus" method="tab.focus" changes_ui=true
2026-08-03T02:04:12.143938Z  INFO herdr::logging: tab focused event="tab.focus" subsystem="tab" outcome="ok" workspace_id="w3" tab_id="w3:t7"
2026-08-03T02:04:12.143980Z  INFO herdr::logging: api request completed event="api.request.complete" subsystem="api" outcome="ok" request_id="cli:tab:focus" method="tab.focus"
2026-08-03T02:04:16.361451Z  INFO herdr::logging: api request received event="api.request.start" subsystem="api" outcome="started" request_id="cli:tab:focus" method="tab.focus" changes_ui=true
2026-08-03T02:04:16.361610Z  INFO herdr::logging: tab focused event="tab.focus" subsystem="tab" outcome="ok" workspace_id="w3" tab_id="w3:t1"
2026-08-03T02:04:16.361660Z  INFO herdr::logging: api request completed event="api.request.complete" subsystem="api" outcome="ok" request_id="cli:tab:focus" method="tab.focus"
2026-08-03T02:04:21.373033Z  INFO herdr::logging: session saved event="persist.save" subsystem="persist" outcome="ok" path=/Users/vince/.config/herdr/session.json workspaces=3
2026-08-03T02:04:22.556192Z  INFO herdr::logging: api request received event="api.request.start" subsystem="api" outcome="started" request_id="cli:tab:focus" method="tab.focus" changes_ui=true
2026-08-03T02:04:22.556407Z  INFO herdr::logging: tab focused event="tab.focus" subsystem="tab" outcome="ok" workspace_id="w3" tab_id="w3:t7"
2026-08-03T02:04:22.556470Z  INFO herdr::logging: api request completed event="api.request.complete" subsystem="api" outcome="ok" request_id="cli:tab:focus" method="tab.focus"
2026-08-03T02:04:25.000122Z  INFO herdr::logging: api request received event="api.request.start" subsystem="api" outcome="started" request_id="cli:tab:focus" method="tab.focus" changes_ui=true
2026-08-03T02:04:25.000229Z  INFO herdr::logging: tab focused event="tab.focus" subsystem="tab" outcome="ok" workspace_id="w3" tab_id="w3:t1"
2026-08-03T02:04:25.000270Z  INFO herdr::logging: api request completed event="api.request.complete" subsystem="api" outcome="ok" request_id="cli:tab:focus" method="tab.focus"
2026-08-03T02:04:26.066053Z  INFO herdr::logging: api request received event="api.request.start" subsystem="api" outcome="started" request_id="cli:tab:focus" method="tab.focus" changes_ui=true
2026-08-03T02:04:26.066201Z  INFO herdr::logging: tab focused event="tab.focus" subsystem="tab" outcome="ok" workspace_id="w3" tab_id="w3:t7"
2026-08-03T02:04:26.066272Z  INFO herdr::logging: api request completed event="api.request.complete" subsystem="api" outcome="ok" request_id="cli:tab:focus" method="tab.focus"
2026-08-03T02:04:27.216510Z  INFO herdr::logging: api request received event="api.request.start" subsystem="api" outcome="started" request_id="cli:tab:focus" method="tab.focus" changes_ui=true
2026-08-03T02:04:27.216609Z  INFO herdr::logging: tab focused event="tab.focus" subsystem="tab" outcome="ok" workspace_id="w3" tab_id="w3:t1"
2026-08-03T02:04:27.216648Z  INFO herdr::logging: api request completed event="api.request.complete" subsystem="api" outcome="ok" request_id="cli:tab:focus" method="tab.focus"
2026-08-03T02:04:29.110912Z  INFO herdr::logging: api request received event="api.request.start" subsystem="api" outcome="started" request_id="cli:tab:focus" method="tab.focus" changes_ui=true
2026-08-03T02:04:29.111008Z  INFO herdr::logging: tab focused event="tab.focus" subsystem="tab" outcome="ok" workspace_id="w3" tab_id="w3:t7"
2026-08-03T02:04:29.111045Z  INFO herdr::logging: api request completed event="api.request.complete" subsystem="api" outcome="ok" request_id="cli:tab:focus" method="tab.focus"
2026-08-03T02:04:30.083584Z  INFO herdr::logging: api request received event="api.request.start" subsystem="api" outcome="started" request_id="cli:tab:focus" method="tab.focus" changes_ui=true
2026-08-03T02:04:30.083732Z  INFO herdr::logging: tab focused event="tab.focus" subsystem="tab" outcome="ok" workspace_id="w3" tab_id="w3:t1"
2026-08-03T02:04:30.083774Z  INFO herdr::logging: api request completed event="api.request.complete" subsystem="api" outcome="ok" request_id="cli:tab:focus" method="tab.focus"
2026-08-03T02:04:35.096518Z  INFO herdr::logging: session saved event="persist.save" subsystem="persist" outcome="ok" path=/Users/vince/.config/herdr/session.json workspaces=3
2026-08-03T02:08:13.785836Z  INFO herdr::logging: checking for updates event="update.check.start" subsystem="update" outcome="started"
2026-08-03T02:10:48.598642Z  INFO herdr::logging: tab focused event="tab.focus" subsystem="tab" outcome="ok" workspace_id="w3" tab_id="w3:t7"
2026-08-03T02:10:53.623987Z  INFO herdr::logging: session saved event="persist.save" subsystem="persist" outcome="ok" path=/Users/vince/.config/herdr/session.json workspaces=3
2026-08-03T02:12:19.375501Z  INFO herdr::logging: tab focused event="tab.focus" subsystem="tab" outcome="ok" workspace_id="w3" tab_id="w3:t1"
2026-08-03T02:12:24.385844Z  INFO herdr::logging: session saved event="persist.save" subsystem="persist" outcome="ok" path=/Users/vince/.config/herdr/session.json workspaces=3
2026-08-03T02:12:36.683018Z  INFO herdr::logging: tab focused event="tab.focus" subsystem="tab" outcome="ok" workspace_id="w3" tab_id="w3:t7"
2026-08-03T02:12:41.690685Z  INFO herdr::logging: session saved event="persist.save" subsystem="persist" outcome="ok" path=/Users/vince/.config/herdr/session.json workspaces=3
2026-08-03T02:12:46.759980Z  INFO herdr::logging: tab focused event="tab.focus" subsystem="tab" outcome="ok" workspace_id="w3" tab_id="w3:t1"
2026-08-03T02:12:51.764406Z  INFO herdr::logging: session saved event="persist.save" subsystem="persist" outcome="ok" path=/Users/vince/.config/herdr/session.json workspaces=3
2026-08-03T02:13:27.670596Z  INFO herdr::logging: tab focused event="tab.focus" subsystem="tab" outcome="ok" workspace_id="w3" tab_id="w3:t7"
2026-08-03T02:13:32.683362Z  INFO herdr::logging: session saved event="persist.save" subsystem="persist" outcome="ok" path=/Users/vince/.config/herdr/session.json workspaces=3
2026-08-03T02:13:56.823072Z  INFO herdr::logging: tab focused event="tab.focus" subsystem="tab" outcome="ok" workspace_id="w3" tab_id="w3:t1"
2026-08-03T02:14:01.837143Z  INFO herdr::logging: session saved event="persist.save" subsystem="persist" outcome="ok" path=/Users/vince/.config/herdr/session.json workspaces=3
2026-08-03T02:14:24.162764Z  INFO herdr::logging: tab focused event="tab.focus" subsystem="tab" outcome="ok" workspace_id="w3" tab_id="w3:t7"
2026-08-03T02:14:29.183396Z  INFO herdr::logging: session saved event="persist.save" subsystem="persist" outcome="ok" path=/Users/vince/.config/herdr/session.json workspaces=3
2026-08-03T02:14:29.355434Z  INFO herdr::logging: tab focused event="tab.focus" subsystem="tab" outcome="ok" workspace_id="w3" tab_id="w3:t1"
2026-08-03T02:14:34.380826Z  INFO herdr::logging: session saved event="persist.save" subsystem="persist" outcome="ok" path=/Users/vince/.config/herdr/session.json workspaces=3
2026-08-03T02:14:54.513112Z  INFO herdr::logging: tab focused event="tab.focus" subsystem="tab" outcome="ok" workspace_id="w3" tab_id="w3:t7"
2026-08-03T02:14:59.528497Z  INFO herdr::logging: session saved event="persist.save" subsystem="persist" outcome="ok" path=/Users/vince/.config/herdr/session.json workspaces=3
2026-08-03T02:15:13.223290Z  INFO herdr::logging: tab focused event="tab.focus" subsystem="tab" outcome="ok" workspace_id="w3" tab_id="w3:t1"
2026-08-03T02:15:15.010955Z  INFO herdr::logging: tab focused event="tab.focus" subsystem="tab" outcome="ok" workspace_id="w3" tab_id="w3:t7"
2026-08-03T02:15:19.067344Z  INFO herdr::app::actions: copied selection to clipboard
2026-08-03T02:15:20.016314Z  INFO herdr::logging: session saved event="persist.save" subsystem="persist" outcome="ok" path=/Users/vince/.config/herdr/session.json workspaces=3
2026-08-03T02:15:22.092146Z  INFO herdr::app::actions: copied selection to clipboard
2026-08-03T02:15:26.107579Z  INFO herdr::app::actions: copied selection to clipboard
2026-08-03T02:15:30.183282Z  INFO herdr::app::actions: copied selection to clipboard
2026-08-03T02:15:32.646464Z  INFO herdr::logging: tab focused event="tab.focus" subsystem="tab" outcome="ok" workspace_id="w3" tab_id="w3:t1"
2026-08-03T02:15:37.656943Z  INFO herdr::logging: session saved event="persist.save" subsystem="persist" outcome="ok" path=/Users/vince/.config/herdr/session.json workspaces=3
2026-08-03T07:47:34.057300Z  INFO herdr::logging: checking for updates event="update.check.start" subsystem="update" outcome="started"
2026-08-03T10:00:28.247676Z  INFO herdr::logging: checking for updates event="update.check.start" subsystem="update" outcome="started"
2026-08-03T10:30:28.252133Z  INFO herdr::logging: checking for updates event="update.check.start" subsystem="update" outcome="started"
2026-08-03T13:22:00.325437Z  INFO herdr::logging: checking for updates event="update.check.start" subsystem="update" outcome="started"
2026-08-03T14:08:41.835814Z  INFO herdr::server::headless: client resize client_id=26 cols=211 rows=48 cell_width_px=0 cell_height_px=0
2026-08-03T14:08:42.274052Z  INFO herdr::server::headless: client resize client_id=26 cols=142 rows=48 cell_width_px=0 cell_height_px=0
2026-08-03T14:08:45.980566Z  INFO herdr::server::headless: client resize client_id=26 cols=211 rows=63 cell_width_px=0 cell_height_px=0
2026-08-03T14:08:47.068023Z  INFO herdr::server::headless: client resize client_id=26 cols=142 rows=48 cell_width_px=0 cell_height_px=0
2026-08-03T14:08:50.506980Z  INFO herdr::server::headless: client resize client_id=26 cols=211 rows=63 cell_width_px=0 cell_height_px=0
2026-08-03T14:08:59.145868Z  INFO herdr::server::headless: client connected client_id=46 cols=80 rows=24 cell_width_px=0 cell_height_px=0 render_encoding=SemanticFrame
2026-08-03T14:08:59.194674Z  INFO herdr::server::headless: client disconnected client_id=46
2026-08-03T14:09:31.120499Z  INFO herdr::logging: tab focused event="tab.focus" subsystem="tab" outcome="ok" workspace_id="w3" tab_id="w3:t2"
2026-08-03T14:09:36.144867Z  INFO herdr::logging: session saved event="persist.save" subsystem="persist" outcome="ok" path=/Users/vince/.config/herdr/session.json workspaces=3
2026-08-03T14:10:14.248968Z  INFO herdr::logging: tab focused event="tab.focus" subsystem="tab" outcome="ok" workspace_id="w3" tab_id="w3:t1"
2026-08-03T14:10:19.262318Z  INFO herdr::logging: session saved event="persist.save" subsystem="persist" outcome="ok" path=/Users/vince/.config/herdr/session.json workspaces=3
2026-08-03T14:17:35.801323Z  INFO herdr::logging: tab focused event="tab.focus" subsystem="tab" outcome="ok" workspace_id="w3" tab_id="w3:t7"
2026-08-03T14:17:40.808709Z  INFO herdr::logging: session saved event="persist.save" subsystem="persist" outcome="ok" path=/Users/vince/.config/herdr/session.json workspaces=3
2026-08-03T14:17:58.285829Z  INFO herdr::app::actions: copied selection to clipboard
2026-08-03T14:18:01.013153Z  INFO herdr::logging: tab focused event="tab.focus" subsystem="tab" outcome="ok" workspace_id="w3" tab_id="w3:t1"
2026-08-03T14:18:06.025632Z  INFO herdr::logging: session saved event="persist.save" subsystem="persist" outcome="ok" path=/Users/vince/.config/herdr/session.json workspaces=3
2026-08-03T14:20:30.703809Z  INFO herdr::logging: tab focused event="tab.focus" subsystem="tab" outcome="ok" workspace_id="w3" tab_id="w3:t7"
2026-08-03T14:20:34.065854Z  INFO herdr::logging: tab focused event="tab.focus" subsystem="tab" outcome="ok" workspace_id="w3" tab_id="w3:t2"
2026-08-03T14:20:39.076560Z  INFO herdr::logging: session saved event="persist.save" subsystem="persist" outcome="ok" path=/Users/vince/.config/herdr/session.json workspaces=3
2026-08-03T14:20:43.969920Z  INFO herdr::logging: tab focused event="tab.focus" subsystem="tab" outcome="ok" workspace_id="w3" tab_id="w3:t1"
2026-08-03T14:20:48.986431Z  INFO herdr::logging: session saved event="persist.save" subsystem="persist" outcome="ok" path=/Users/vince/.config/herdr/session.json workspaces=3
2026-08-03T14:21:16.695185Z  INFO herdr::logging: tab focused event="tab.focus" subsystem="tab" outcome="ok" workspace_id="w3" tab_id="w3:t7"
2026-08-03T14:21:18.064483Z  INFO herdr::logging: tab focused event="tab.focus" subsystem="tab" outcome="ok" workspace_id="w3" tab_id="w3:t1"
2026-08-03T14:21:23.070945Z  INFO herdr::logging: session saved event="persist.save" subsystem="persist" outcome="ok" path=/Users/vince/.config/herdr/session.json workspaces=3
2026-08-03T14:21:38.926227Z  INFO herdr::logging: tab focused event="tab.focus" subsystem="tab" outcome="ok" workspace_id="w3" tab_id="w3:t7"
2026-08-03T14:21:40.193849Z  INFO herdr::logging: tab focused event="tab.focus" subsystem="tab" outcome="ok" workspace_id="w3" tab_id="w3:t1"
2026-08-03T14:21:45.204921Z  INFO herdr::logging: session saved event="persist.save" subsystem="persist" outcome="ok" path=/Users/vince/.config/herdr/session.json workspaces=3
2026-08-03T14:21:47.293383Z  INFO herdr::logging: tab focused event="tab.focus" subsystem="tab" outcome="ok" workspace_id="w3" tab_id="w3:t7"
2026-08-03T14:21:52.301443Z  INFO herdr::logging: session saved event="persist.save" subsystem="persist" outcome="ok" path=/Users/vince/.config/herdr/session.json workspaces=3
2026-08-03T14:23:20.536384Z  INFO herdr::logging: tab focused event="tab.focus" subsystem="tab" outcome="ok" workspace_id="w3" tab_id="w3:t1"
2026-08-03T14:23:25.562696Z  INFO herdr::logging: session saved event="persist.save" subsystem="persist" outcome="ok" path=/Users/vince/.config/herdr/session.json workspaces=3
2026-08-03T14:25:36.157419Z  INFO herdr::logging: tab focused event="tab.focus" subsystem="tab" outcome="ok" workspace_id="w3" tab_id="w3:t2"
2026-08-03T14:25:41.209749Z  INFO herdr::logging: session saved event="persist.save" subsystem="persist" outcome="ok" path=/Users/vince/.config/herdr/session.json workspaces=3
2026-08-03T14:26:26.152356Z  INFO herdr::logging: tab focused event="tab.focus" subsystem="tab" outcome="ok" workspace_id="w3" tab_id="w3:t1"
2026-08-03T14:26:31.173694Z  INFO herdr::logging: session saved event="persist.save" subsystem="persist" outcome="ok" path=/Users/vince/.config/herdr/session.json workspaces=3
2026-08-03T14:26:52.268563Z  INFO herdr::logging: tab focused event="tab.focus" subsystem="tab" outcome="ok" workspace_id="w3" tab_id="w3:t7"
2026-08-03T14:26:57.277025Z  INFO herdr::logging: session saved event="persist.save" subsystem="persist" outcome="ok" path=/Users/vince/.config/herdr/session.json workspaces=3
2026-08-03T14:31:12.225305Z  INFO herdr::logging: tab focused event="tab.focus" subsystem="tab" outcome="ok" workspace_id="w3" tab_id="w3:t2"
2026-08-03T14:31:17.270924Z  INFO herdr::logging: session saved event="persist.save" subsystem="persist" outcome="ok" path=/Users/vince/.config/herdr/session.json workspaces=3
2026-08-03T14:34:54.482736Z  INFO herdr::logging: checking for updates event="update.check.start" subsystem="update" outcome="started"
2026-08-03T14:38:25.141696Z  INFO herdr::logging: tab focused event="tab.focus" subsystem="tab" outcome="ok" workspace_id="w3" tab_id="w3:t1"
2026-08-03T14:38:30.161211Z  INFO herdr::logging: session saved event="persist.save" subsystem="persist" outcome="ok" path=/Users/vince/.config/herdr/session.json workspaces=3
2026-08-03T14:38:56.239654Z  INFO herdr::logging: tab focused event="tab.focus" subsystem="tab" outcome="ok" workspace_id="w3" tab_id="w3:t7"
2026-08-03T14:38:57.485220Z  INFO herdr::logging: tab focused event="tab.focus" subsystem="tab" outcome="ok" workspace_id="w3" tab_id="w3:t2"
2026-08-03T14:39:02.137917Z  INFO herdr::logging: tab focused event="tab.focus" subsystem="tab" outcome="ok" workspace_id="w3" tab_id="w3:t1"
2026-08-03T14:39:07.157410Z  INFO herdr::logging: session saved event="persist.save" subsystem="persist" outcome="ok" path=/Users/vince/.config/herdr/session.json workspaces=3
2026-08-03T14:40:11.450757Z  INFO herdr::logging: tab focused event="tab.focus" subsystem="tab" outcome="ok" workspace_id="w3" tab_id="w3:t2"
2026-08-03T14:40:16.482570Z  INFO herdr::logging: session saved event="persist.save" subsystem="persist" outcome="ok" path=/Users/vince/.config/herdr/session.json workspaces=3
2026-08-03T14:40:31.981183Z  INFO herdr::logging: tab focused event="tab.focus" subsystem="tab" outcome="ok" workspace_id="w3" tab_id="w3:t1"
2026-08-03T14:40:36.998135Z  INFO herdr::logging: session saved event="persist.save" subsystem="persist" outcome="ok" path=/Users/vince/.config/herdr/session.json workspaces=3
2026-08-03T14:40:52.558085Z  INFO herdr::logging: tab focused event="tab.focus" subsystem="tab" outcome="ok" workspace_id="w3" tab_id="w3:t7"
2026-08-03T14:40:57.025128Z  INFO herdr::app::actions: copied selection to clipboard
2026-08-03T14:40:57.573262Z  INFO herdr::logging: session saved event="persist.save" subsystem="persist" outcome="ok" path=/Users/vince/.config/herdr/session.json workspaces=3
2026-08-03T14:40:58.349433Z  INFO herdr::logging: tab focused event="tab.focus" subsystem="tab" outcome="ok" workspace_id="w3" tab_id="w3:t1"
2026-08-03T14:40:59.579948Z  INFO herdr::logging: tab focused event="tab.focus" subsystem="tab" outcome="ok" workspace_id="w3" tab_id="w3:t2"
2026-08-03T14:41:02.998462Z  INFO herdr::logging: api request received event="api.request.start" subsystem="api" outcome="started" request_id="cli:tab:focus" method="tab.focus" changes_ui=true
2026-08-03T14:41:02.998619Z  INFO herdr::logging: tab focused event="tab.focus" subsystem="tab" outcome="ok" workspace_id="w3" tab_id="w3:t1"
2026-08-03T14:41:02.998666Z  INFO herdr::logging: api request completed event="api.request.complete" subsystem="api" outcome="ok" request_id="cli:tab:focus" method="tab.focus"
2026-08-03T14:41:08.014805Z  INFO herdr::logging: session saved event="persist.save" subsystem="persist" outcome="ok" path=/Users/vince/.config/herdr/session.json workspaces=3
2026-08-03T14:42:09.856097Z  INFO herdr::logging: tab focused event="tab.focus" subsystem="tab" outcome="ok" workspace_id="w3" tab_id="w3:t7"
2026-08-03T14:42:11.777178Z  INFO herdr::logging: tab focused event="tab.focus" subsystem="tab" outcome="ok" workspace_id="w3" tab_id="w3:t1"
2026-08-03T14:42:16.795718Z  INFO herdr::logging: session saved event="persist.save" subsystem="persist" outcome="ok" path=/Users/vince/.config/herdr/session.json workspaces=3
2026-08-03T14:44:12.659553Z  INFO herdr::logging: tab focused event="tab.focus" subsystem="tab" outcome="ok" workspace_id="w3" tab_id="w3:t7"
2026-08-03T14:44:17.668797Z  INFO herdr::logging: session saved event="persist.save" subsystem="persist" outcome="ok" path=/Users/vince/.config/herdr/session.json workspaces=3
2026-08-03T14:48:51.413831Z  INFO herdr::logging: tab focused event="tab.focus" subsystem="tab" outcome="ok" workspace_id="w3" tab_id="w3:t1"
2026-08-03T14:48:56.434330Z  INFO herdr::logging: session saved event="persist.save" subsystem="persist" outcome="ok" path=/Users/vince/.config/herdr/session.json workspaces=3
2026-08-03T14:51:46.392837Z  INFO herdr::logging: tab focused event="tab.focus" subsystem="tab" outcome="ok" workspace_id="w3" tab_id="w3:t7"
2026-08-03T14:51:51.400029Z  INFO herdr::logging: session saved event="persist.save" subsystem="persist" outcome="ok" path=/Users/vince/.config/herdr/session.json workspaces=3
2026-08-03T14:52:11.972312Z  INFO herdr::logging: tab focused event="tab.focus" subsystem="tab" outcome="ok" workspace_id="w3" tab_id="w3:t2"
2026-08-03T14:52:12.476568Z  INFO herdr::logging: tab focused event="tab.focus" subsystem="tab" outcome="ok" workspace_id="w3" tab_id="w3:t1"
2026-08-03T14:52:17.506119Z  INFO herdr::logging: session saved event="persist.save" subsystem="persist" outcome="ok" path=/Users/vince/.config/herdr/session.json workspaces=3
2026-08-03T14:54:33.323014Z  INFO herdr::logging: tab focused event="tab.focus" subsystem="tab" outcome="ok" workspace_id="w3" tab_id="w3:t7"
2026-08-03T14:54:38.337165Z  INFO herdr::logging: session saved event="persist.save" subsystem="persist" outcome="ok" path=/Users/vince/.config/herdr/session.json workspaces=3
2026-08-03T14:55:16.261654Z  INFO herdr::app::actions: copied selection to clipboard
2026-08-03T14:57:21.056871Z  INFO herdr::logging: tab focused event="tab.focus" subsystem="tab" outcome="ok" workspace_id="w3" tab_id="w3:t1"
2026-08-03T14:57:26.064911Z  INFO herdr::logging: session saved event="persist.save" subsystem="persist" outcome="ok" path=/Users/vince/.config/herdr/session.json workspaces=3
2026-08-03T14:59:22.095589Z  INFO herdr::logging: tab focused event="tab.focus" subsystem="tab" outcome="ok" workspace_id="w3" tab_id="w3:t7"
2026-08-03T14:59:27.106671Z  INFO herdr::logging: session saved event="persist.save" subsystem="persist" outcome="ok" path=/Users/vince/.config/herdr/session.json workspaces=3
2026-08-03T15:02:18.213675Z  INFO herdr::app::actions: copied selection to clipboard
2026-08-03T15:02:23.453347Z  INFO herdr::app::actions: copied selection to clipboard
2026-08-03T15:02:25.742581Z  INFO herdr::logging: tab focused event="tab.focus" subsystem="tab" outcome="ok" workspace_id="w3" tab_id="w3:t1"
2026-08-03T15:02:27.040057Z  INFO herdr::logging: tab focused event="tab.focus" subsystem="tab" outcome="ok" workspace_id="w3" tab_id="w3:t7"
2026-08-03T15:02:32.048399Z  INFO herdr::logging: session saved event="persist.save" subsystem="persist" outcome="ok" path=/Users/vince/.config/herdr/session.json workspaces=3
2026-08-03T15:02:38.701369Z  INFO herdr::app::actions: copied selection to clipboard
2026-08-03T15:02:40.497440Z  INFO herdr::logging: tab focused event="tab.focus" subsystem="tab" outcome="ok" workspace_id="w3" tab_id="w3:t1"
2026-08-03T15:02:45.506322Z  INFO herdr::logging: session saved event="persist.save" subsystem="persist" outcome="ok" path=/Users/vince/.config/herdr/session.json workspaces=3
2026-08-03T15:03:46.371403Z  INFO herdr::logging: tab focused event="tab.focus" subsystem="tab" outcome="ok" workspace_id="w3" tab_id="w3:t7"
2026-08-03T15:03:47.706278Z  INFO herdr::logging: tab focused event="tab.focus" subsystem="tab" outcome="ok" workspace_id="w3" tab_id="w3:t1"
2026-08-03T15:03:48.344821Z  INFO herdr::logging: tab focused event="tab.focus" subsystem="tab" outcome="ok" workspace_id="w3" tab_id="w3:t2"
2026-08-03T15:03:48.982649Z  INFO herdr::logging: tab focused event="tab.focus" subsystem="tab" outcome="ok" workspace_id="w3" tab_id="w3:t6"
2026-08-03T15:03:49.884854Z  INFO herdr::logging: tab focused event="tab.focus" subsystem="tab" outcome="ok" workspace_id="w3" tab_id="w3:t7"
2026-08-03T15:03:50.666715Z  INFO herdr::logging: tab focused event="tab.focus" subsystem="tab" outcome="ok" workspace_id="w3" tab_id="w3:t1"
2026-08-03T15:03:55.702068Z  INFO herdr::logging: session saved event="persist.save" subsystem="persist" outcome="ok" path=/Users/vince/.config/herdr/session.json workspaces=3
2026-08-03T15:04:14.572194Z  INFO herdr::logging: tab focused event="tab.focus" subsystem="tab" outcome="ok" workspace_id="w3" tab_id="w3:t7"
2026-08-03T15:04:19.585020Z  INFO herdr::logging: session saved event="persist.save" subsystem="persist" outcome="ok" path=/Users/vince/.config/herdr/session.json workspaces=3
2026-08-03T15:04:34.854396Z  INFO herdr::logging: tab focused event="tab.focus" subsystem="tab" outcome="ok" workspace_id="w3" tab_id="w3:t1"
2026-08-03T15:04:39.863580Z  INFO herdr::logging: session saved event="persist.save" subsystem="persist" outcome="ok" path=/Users/vince/.config/herdr/session.json workspaces=3
2026-08-03T15:04:54.487645Z  INFO herdr::logging: checking for updates event="update.check.start" subsystem="update" outcome="started"
2026-08-03T15:05:01.800376Z  INFO herdr::logging: tab focused event="tab.focus" subsystem="tab" outcome="ok" workspace_id="w3" tab_id="w3:t7"
2026-08-03T15:05:06.831411Z  INFO herdr::logging: session saved event="persist.save" subsystem="persist" outcome="ok" path=/Users/vince/.config/herdr/session.json workspaces=3
2026-08-03T15:06:02.087915Z  INFO herdr::app::actions: copied selection to clipboard
2026-08-03T15:06:03.755629Z  INFO herdr::logging: tab focused event="tab.focus" subsystem="tab" outcome="ok" workspace_id="w3" tab_id="w3:t1"
2026-08-03T15:06:08.771474Z  INFO herdr::logging: session saved event="persist.save" subsystem="persist" outcome="ok" path=/Users/vince/.config/herdr/session.json workspaces=3
2026-08-03T15:07:17.214260Z  INFO herdr::logging: tab focused event="tab.focus" subsystem="tab" outcome="ok" workspace_id="w3" tab_id="w3:t7"
2026-08-03T15:07:18.975715Z  INFO herdr::logging: tab focused event="tab.focus" subsystem="tab" outcome="ok" workspace_id="w3" tab_id="w3:t6"
2026-08-03T15:07:19.786893Z  INFO herdr::logging: tab focused event="tab.focus" subsystem="tab" outcome="ok" workspace_id="w3" tab_id="w3:t7"
2026-08-03T15:07:24.126824Z  INFO herdr::logging: tab focused event="tab.focus" subsystem="tab" outcome="ok" workspace_id="w3" tab_id="w3:t1"
2026-08-03T15:07:29.132781Z  INFO herdr::logging: session saved event="persist.save" subsystem="persist" outcome="ok" path=/Users/vince/.config/herdr/session.json workspaces=3
2026-08-03T15:07:34.455977Z  INFO herdr::logging: tab focused event="tab.focus" subsystem="tab" outcome="ok" workspace_id="w3" tab_id="w3:t7"
2026-08-03T15:07:37.324314Z  INFO herdr::logging: tab focused event="tab.focus" subsystem="tab" outcome="ok" workspace_id="w3" tab_id="w3:t1"
2026-08-03T15:07:42.332445Z  INFO herdr::logging: session saved event="persist.save" subsystem="persist" outcome="ok" path=/Users/vince/.config/herdr/session.json workspaces=3
2026-08-03T15:16:22.853931Z  INFO herdr::logging: tab focused event="tab.focus" subsystem="tab" outcome="ok" workspace_id="w3" tab_id="w3:t7"
2026-08-03T15:16:27.883507Z  INFO herdr::logging: session saved event="persist.save" subsystem="persist" outcome="ok" path=/Users/vince/.config/herdr/session.json workspaces=3
2026-08-03T15:16:30.516636Z  INFO herdr::logging: tab focused event="tab.focus" subsystem="tab" outcome="ok" workspace_id="w3" tab_id="w3:t1"
2026-08-03T15:16:35.529084Z  INFO herdr::logging: session saved event="persist.save" subsystem="persist" outcome="ok" path=/Users/vince/.config/herdr/session.json workspaces=3
2026-08-03T15:17:20.242362Z  INFO herdr::logging: tab focused event="tab.focus" subsystem="tab" outcome="ok" workspace_id="w3" tab_id="w3:t7"
2026-08-03T15:17:25.251915Z  INFO herdr::logging: session saved event="persist.save" subsystem="persist" outcome="ok" path=/Users/vince/.config/herdr/session.json workspaces=3
2026-08-03T15:23:40.799013Z  INFO herdr::logging: tab focused event="tab.focus" subsystem="tab" outcome="ok" workspace_id="w3" tab_id="w3:t1"
2026-08-03T15:23:45.841978Z  INFO herdr::logging: session saved event="persist.save" subsystem="persist" outcome="ok" path=/Users/vince/.config/herdr/session.json workspaces=3
2026-08-03T15:24:41.447955Z  INFO herdr::logging: tab focused event="tab.focus" subsystem="tab" outcome="ok" workspace_id="w3" tab_id="w3:t7"
2026-08-03T15:24:46.463700Z  INFO herdr::logging: session saved event="persist.save" subsystem="persist" outcome="ok" path=/Users/vince/.config/herdr/session.json workspaces=3
2026-08-03T15:30:01.618353Z  INFO herdr::logging: tab focused event="tab.focus" subsystem="tab" outcome="ok" workspace_id="w3" tab_id="w3:t1"
2026-08-03T15:30:06.630853Z  INFO herdr::logging: session saved event="persist.save" subsystem="persist" outcome="ok" path=/Users/vince/.config/herdr/session.json workspaces=3
2026-08-03T15:30:10.435840Z  INFO herdr::logging: tab focused event="tab.focus" subsystem="tab" outcome="ok" workspace_id="w3" tab_id="w3:t2"
2026-08-03T15:30:14.442736Z  INFO herdr::logging: tab focused event="tab.focus" subsystem="tab" outcome="ok" workspace_id="w3" tab_id="w3:t1"
2026-08-03T15:30:19.454909Z  INFO herdr::logging: session saved event="persist.save" subsystem="persist" outcome="ok" path=/Users/vince/.config/herdr/session.json workspaces=3
2026-08-03T15:30:23.190295Z  INFO herdr::logging: tab focused event="tab.focus" subsystem="tab" outcome="ok" workspace_id="w3" tab_id="w3:t2"
2026-08-03T15:30:28.202167Z  INFO herdr::logging: session saved event="persist.save" subsystem="persist" outcome="ok" path=/Users/vince/.config/herdr/session.json workspaces=3
2026-08-03T15:34:54.488446Z  INFO herdr::logging: checking for updates event="update.check.start" subsystem="update" outcome="started"
2026-08-03T15:39:12.418694Z  INFO herdr::logging: tab focused event="tab.focus" subsystem="tab" outcome="ok" workspace_id="w3" tab_id="w3:t1"
2026-08-03T15:39:17.337700Z  INFO herdr::logging: tab focused event="tab.focus" subsystem="tab" outcome="ok" workspace_id="w3" tab_id="w3:t2"
2026-08-03T15:39:22.357956Z  INFO herdr::logging: session saved event="persist.save" subsystem="persist" outcome="ok" path=/Users/vince/.config/herdr/session.json workspaces=3
2026-08-03T15:39:24.354806Z  INFO herdr::logging: tab focused event="tab.focus" subsystem="tab" outcome="ok" workspace_id="w3" tab_id="w3:t1"
2026-08-03T15:39:24.380602Z  INFO herdr::logging: tab focused event="tab.focus" subsystem="tab" outcome="ok" workspace_id="w3" tab_id="w3:t7"
2026-08-03T15:39:24.380749Z  INFO herdr::logging: tab focused event="tab.focus" subsystem="tab" outcome="ok" workspace_id="w3" tab_id="w3:t6"
2026-08-03T15:39:24.380798Z  INFO herdr::logging: tab focused event="tab.focus" subsystem="tab" outcome="ok" workspace_id="w3" tab_id="w3:t2"
2026-08-03T15:39:24.395645Z  INFO herdr::logging: tab focused event="tab.focus" subsystem="tab" outcome="ok" workspace_id="w3" tab_id="w3:t1"
2026-08-03T15:39:24.395755Z  INFO herdr::logging: tab focused event="tab.focus" subsystem="tab" outcome="ok" workspace_id="w3" tab_id="w3:t7"
2026-08-03T15:39:24.395808Z  INFO herdr::logging: tab focused event="tab.focus" subsystem="tab" outcome="ok" workspace_id="w3" tab_id="w3:t6"
2026-08-03T15:39:24.406625Z  INFO herdr::logging: tab focused event="tab.focus" subsystem="tab" outcome="ok" workspace_id="w3" tab_id="w3:t2"
2026-08-03T15:39:24.406716Z  INFO herdr::logging: tab focused event="tab.focus" subsystem="tab" outcome="ok" workspace_id="w3" tab_id="w3:t1"
2026-08-03T15:39:24.406760Z  INFO herdr::logging: tab focused event="tab.focus" subsystem="tab" outcome="ok" workspace_id="w3" tab_id="w3:t7"
2026-08-03T15:39:24.415081Z  INFO herdr::logging: tab focused event="tab.focus" subsystem="tab" outcome="ok" workspace_id="w3" tab_id="w3:t6"
2026-08-03T15:39:24.415152Z  INFO herdr::logging: tab focused event="tab.focus" subsystem="tab" outcome="ok" workspace_id="w3" tab_id="w3:t2"
2026-08-03T15:39:24.415193Z  INFO herdr::logging: tab focused event="tab.focus" subsystem="tab" outcome="ok" workspace_id="w3" tab_id="w3:t1"
2026-08-03T15:39:24.427367Z  INFO herdr::logging: tab focused event="tab.focus" subsystem="tab" outcome="ok" workspace_id="w3" tab_id="w3:t7"
2026-08-03T15:39:24.427461Z  INFO herdr::logging: tab focused event="tab.focus" subsystem="tab" outcome="ok" workspace_id="w3" tab_id="w3:t6"
2026-08-03T15:39:24.427502Z  INFO herdr::logging: tab focused event="tab.focus" subsystem="tab" outcome="ok" workspace_id="w3" tab_id="w3:t2"
2026-08-03T15:39:24.439386Z  INFO herdr::logging: tab focused event="tab.focus" subsystem="tab" outcome="ok" workspace_id="w3" tab_id="w3:t1"
2026-08-03T15:39:24.439484Z  INFO herdr::logging: tab focused event="tab.focus" subsystem="tab" outcome="ok" workspace_id="w3" tab_id="w3:t7"
2026-08-03T15:39:24.454669Z  INFO herdr::logging: tab focused event="tab.focus" subsystem="tab" outcome="ok" workspace_id="w3" tab_id="w3:t6"
2026-08-03T15:39:24.475176Z  INFO herdr::logging: tab focused event="tab.focus" subsystem="tab" outcome="ok" workspace_id="w3" tab_id="w3:t2"
2026-08-03T15:39:24.498316Z  INFO herdr::logging: tab focused event="tab.focus" subsystem="tab" outcome="ok" workspace_id="w3" tab_id="w3:t1"
2026-08-03T15:39:24.557488Z  INFO herdr::logging: tab focused event="tab.focus" subsystem="tab" outcome="ok" workspace_id="w3" tab_id="w3:t7"
2026-08-03T15:39:24.588292Z  INFO herdr::logging: tab focused event="tab.focus" subsystem="tab" outcome="ok" workspace_id="w3" tab_id="w3:t6"
2026-08-03T15:39:24.620245Z  INFO herdr::logging: tab focused event="tab.focus" subsystem="tab" outcome="ok" workspace_id="w3" tab_id="w3:t2"
2026-08-03T15:39:24.647864Z  INFO herdr::logging: tab focused event="tab.focus" subsystem="tab" outcome="ok" workspace_id="w3" tab_id="w3:t1"
2026-08-03T15:39:24.919163Z  INFO herdr::logging: tab focused event="tab.focus" subsystem="tab" outcome="ok" workspace_id="w3" tab_id="w3:t2"
2026-08-03T15:39:24.975498Z  INFO herdr::logging: tab focused event="tab.focus" subsystem="tab" outcome="ok" workspace_id="w3" tab_id="w3:t6"
2026-08-03T15:39:25.016359Z  INFO herdr::logging: tab focused event="tab.focus" subsystem="tab" outcome="ok" workspace_id="w3" tab_id="w3:t7"
2026-08-03T15:39:26.024544Z  INFO herdr::app::actions: copied selection to clipboard
2026-08-03T15:39:26.839648Z  INFO herdr::logging: tab focused event="tab.focus" subsystem="tab" outcome="ok" workspace_id="w3" tab_id="w3:t1"
2026-08-03T15:39:28.903408Z  INFO herdr::logging: tab focused event="tab.focus" subsystem="tab" outcome="ok" workspace_id="w3" tab_id="w3:t2"
2026-08-03T15:39:33.412853Z  INFO herdr::logging: tab focused event="tab.focus" subsystem="tab" outcome="ok" workspace_id="w3" tab_id="w3:t1"
2026-08-03T15:39:38.433058Z  INFO herdr::logging: session saved event="persist.save" subsystem="persist" outcome="ok" path=/Users/vince/.config/herdr/session.json workspaces=3
2026-08-03T15:40:08.453853Z  INFO herdr::logging: tab focused event="tab.focus" subsystem="tab" outcome="ok" workspace_id="w3" tab_id="w3:t7"
2026-08-03T15:40:09.035816Z  INFO herdr::logging: tab focused event="tab.focus" subsystem="tab" outcome="ok" workspace_id="w3" tab_id="w3:t2"
2026-08-03T15:40:14.054028Z  INFO herdr::logging: session saved event="persist.save" subsystem="persist" outcome="ok" path=/Users/vince/.config/herdr/session.json workspaces=3
2026-08-03T15:57:29.056382Z  INFO herdr::server::headless: client resize client_id=26 cols=142 rows=48 cell_width_px=0 cell_height_px=0
2026-08-03T15:57:33.089567Z  INFO herdr::server::headless: client resize client_id=26 cols=211 rows=63 cell_width_px=0 cell_height_px=0
2026-08-03T15:57:34.021023Z  INFO herdr::server::headless: client resize client_id=26 cols=142 rows=48 cell_width_px=0 cell_height_px=0
2026-08-03T15:57:38.067742Z  INFO herdr::server::headless: client resize client_id=26 cols=211 rows=63 cell_width_px=0 cell_height_px=0
2026-08-03T15:59:48.071046Z  INFO herdr::logging: tab focused event="tab.focus" subsystem="tab" outcome="ok" workspace_id="w3" tab_id="w3:t1"
2026-08-03T15:59:51.334164Z  INFO herdr::logging: tab focused event="tab.focus" subsystem="tab" outcome="ok" workspace_id="w3" tab_id="w3:t7"
2026-08-03T15:59:56.356725Z  INFO herdr::logging: session saved event="persist.save" subsystem="persist" outcome="ok" path=/Users/vince/.config/herdr/session.json workspaces=3
2026-08-03T16:04:51.891260Z  INFO herdr::logging: tab focused event="tab.focus" subsystem="tab" outcome="ok" workspace_id="w3" tab_id="w3:t1"
2026-08-03T16:04:56.907987Z  INFO herdr::logging: session saved event="persist.save" subsystem="persist" outcome="ok" path=/Users/vince/.config/herdr/session.json workspaces=3
2026-08-03T16:05:07.211478Z  INFO herdr::logging: tab focused event="tab.focus" subsystem="tab" outcome="ok" workspace_id="w3" tab_id="w3:t7"
2026-08-03T16:05:09.952314Z  INFO herdr::logging: tab focused event="tab.focus" subsystem="tab" outcome="ok" workspace_id="w3" tab_id="w3:t1"
2026-08-03T16:05:14.967364Z  INFO herdr::logging: session saved event="persist.save" subsystem="persist" outcome="ok" path=/Users/vince/.config/herdr/session.json workspaces=3
2026-08-03T16:07:49.313885Z  INFO herdr::logging: tab focused event="tab.focus" subsystem="tab" outcome="ok" workspace_id="w3" tab_id="w3:t7"
2026-08-03T16:07:54.351529Z  INFO herdr::logging: session saved event="persist.save" subsystem="persist" outcome="ok" path=/Users/vince/.config/herdr/session.json workspaces=3
2026-08-03T16:08:40.144274Z  INFO herdr::logging: tab focused event="tab.focus" subsystem="tab" outcome="ok" workspace_id="w3" tab_id="w3:t1"
2026-08-03T16:08:45.171169Z  INFO herdr::logging: session saved event="persist.save" subsystem="persist" outcome="ok" path=/Users/vince/.config/herdr/session.json workspaces=3
2026-08-03T16:10:35.539758Z  INFO herdr::logging: checking for updates event="update.check.start" subsystem="update" outcome="started"
2026-08-03T16:13:25.193429Z  INFO herdr::logging: tab focused event="tab.focus" subsystem="tab" outcome="ok" workspace_id="w3" tab_id="w3:t6"
2026-08-03T16:13:27.348324Z  INFO herdr::logging: tab focused event="tab.focus" subsystem="tab" outcome="ok" workspace_id="w3" tab_id="w3:t7"
2026-08-03T16:13:32.359748Z  INFO herdr::logging: session saved event="persist.save" subsystem="persist" outcome="ok" path=/Users/vince/.config/herdr/session.json workspaces=3
2026-08-03T16:16:41.858042Z  INFO herdr::logging: tab focused event="tab.focus" subsystem="tab" outcome="ok" workspace_id="w3" tab_id="w3:t1"
2026-08-03T16:16:46.884482Z  INFO herdr::logging: session saved event="persist.save" subsystem="persist" outcome="ok" path=/Users/vince/.config/herdr/session.json workspaces=3
2026-08-03T16:20:57.610430Z  INFO herdr::logging: tab focused event="tab.focus" subsystem="tab" outcome="ok" workspace_id="w3" tab_id="w3:t7"
2026-08-03T16:21:02.621067Z  INFO herdr::logging: session saved event="persist.save" subsystem="persist" outcome="ok" path=/Users/vince/.config/herdr/session.json workspaces=3
2026-08-03T16:23:22.615152Z  INFO herdr::logging: tab focused event="tab.focus" subsystem="tab" outcome="ok" workspace_id="w3" tab_id="w3:t2"
2026-08-03T16:23:27.637917Z  INFO herdr::logging: session saved event="persist.save" subsystem="persist" outcome="ok" path=/Users/vince/.config/herdr/session.json workspaces=3
2026-08-03T16:23:30.293407Z  INFO herdr::logging: tab focused event="tab.focus" subsystem="tab" outcome="ok" workspace_id="w3" tab_id="w3:t7"
2026-08-03T16:23:32.725508Z  INFO herdr::logging: tab focused event="tab.focus" subsystem="tab" outcome="ok" workspace_id="w3" tab_id="w3:t2"
2026-08-03T16:23:37.740063Z  INFO herdr::logging: session saved event="persist.save" subsystem="persist" outcome="ok" path=/Users/vince/.config/herdr/session.json workspaces=3
2026-08-03T16:23:56.376654Z  INFO herdr::logging: tab focused event="tab.focus" subsystem="tab" outcome="ok" workspace_id="w3" tab_id="w3:t7"
2026-08-03T16:24:01.392925Z  INFO herdr::logging: session saved event="persist.save" subsystem="persist" outcome="ok" path=/Users/vince/.config/herdr/session.json workspaces=3
2026-08-03T16:40:35.582624Z  INFO herdr::logging: checking for updates event="update.check.start" subsystem="update" outcome="started"
2026-08-03T16:48:27.774264Z  INFO herdr::logging: tab focused event="tab.focus" subsystem="tab" outcome="ok" workspace_id="w3" tab_id="w3:t1"
2026-08-03T16:48:32.302077Z  INFO herdr::logging: tab focused event="tab.focus" subsystem="tab" outcome="ok" workspace_id="w3" tab_id="w3:t2"
2026-08-03T16:48:32.781453Z  INFO herdr::logging: tab focused event="tab.focus" subsystem="tab" outcome="ok" workspace_id="w3" tab_id="w3:t1"
2026-08-03T16:48:37.793292Z  INFO herdr::logging: session saved event="persist.save" subsystem="persist" outcome="ok" path=/Users/vince/.config/herdr/session.json workspaces=3
2026-08-03T16:48:38.634152Z  INFO herdr::logging: tab focused event="tab.focus" subsystem="tab" outcome="ok" workspace_id="w3" tab_id="w3:t2"
2026-08-03T16:48:43.646780Z  INFO herdr::logging: session saved event="persist.save" subsystem="persist" outcome="ok" path=/Users/vince/.config/herdr/session.json workspaces=3
2026-08-03T16:50:02.817863Z  INFO herdr::logging: tab focused event="tab.focus" subsystem="tab" outcome="ok" workspace_id="w3" tab_id="w3:t7"
2026-08-03T16:50:07.828696Z  INFO herdr::logging: session saved event="persist.save" subsystem="persist" outcome="ok" path=/Users/vince/.config/herdr/session.json workspaces=3
2026-08-03T16:50:14.353128Z  INFO herdr::logging: tab focused event="tab.focus" subsystem="tab" outcome="ok" workspace_id="w3" tab_id="w3:t1"
2026-08-03T16:50:16.089634Z  INFO herdr::logging: tab focused event="tab.focus" subsystem="tab" outcome="ok" workspace_id="w3" tab_id="w3:t7"
2026-08-03T16:50:18.551182Z  INFO herdr::server::headless: client resize client_id=26 cols=104 rows=63 cell_width_px=0 cell_height_px=0
2026-08-03T16:50:18.653506Z  INFO herdr::server::headless: client connected client_id=48 cols=104 rows=63 cell_width_px=0 cell_height_px=0 render_encoding=SemanticFrame
2026-08-03T16:50:20.290463Z  INFO herdr::logging: workspace focused event="workspace.focus" subsystem="workspace" outcome="ok" workspace_id="w9"
2026-08-03T16:50:20.290505Z  INFO herdr::logging: tab focused event="tab.focus" subsystem="tab" outcome="ok" workspace_id="w9" tab_id="w9:t1"
2026-08-03T16:50:23.212506Z  INFO herdr::server::headless: client resize client_id=26 cols=211 rows=63 cell_width_px=0 cell_height_px=0
2026-08-03T16:50:25.296453Z  INFO herdr::logging: session saved event="persist.save" subsystem="persist" outcome="ok" path=/Users/vince/.config/herdr/session.json workspaces=3
2026-08-03T16:50:26.052649Z  INFO herdr::logging: api request received event="api.request.start" subsystem="api" outcome="started" request_id="cli:tab:focus" method="tab.focus" changes_ui=true
2026-08-03T16:50:26.052727Z  INFO herdr::logging: tab focused event="tab.focus" subsystem="tab" outcome="ok" workspace_id="w9" tab_id="w9:tA"
2026-08-03T16:50:26.052754Z  INFO herdr::logging: api request completed event="api.request.complete" subsystem="api" outcome="ok" request_id="cli:tab:focus" method="tab.focus"
2026-08-03T16:50:28.072977Z  INFO herdr::server::headless: client disconnected client_id=48
2026-08-03T16:50:31.056739Z  INFO herdr::logging: session saved event="persist.save" subsystem="persist" outcome="ok" path=/Users/vince/.config/herdr/session.json workspaces=3
2026-08-03T16:50:33.529388Z  INFO herdr::logging: workspace focused event="workspace.focus" subsystem="workspace" outcome="ok" workspace_id="w3"
2026-08-03T16:50:33.529441Z  INFO herdr::logging: tab focused event="tab.focus" subsystem="tab" outcome="ok" workspace_id="w3" tab_id="w3:t7"
2026-08-03T16:50:38.534464Z  INFO herdr::logging: session saved event="persist.save" subsystem="persist" outcome="ok" path=/Users/vince/.config/herdr/session.json workspaces=3
2026-08-03T17:10:35.602001Z  INFO herdr::logging: checking for updates event="update.check.start" subsystem="update" outcome="started"
2026-08-03T17:16:11.060496Z  INFO herdr::logging: tab focused event="tab.focus" subsystem="tab" outcome="ok" workspace_id="w3" tab_id="w3:t1"
2026-08-03T17:16:16.082263Z  INFO herdr::logging: session saved event="persist.save" subsystem="persist" outcome="ok" path=/Users/vince/.config/herdr/session.json workspaces=3
2026-08-03T17:16:41.033341Z  INFO herdr::logging: tab focused event="tab.focus" subsystem="tab" outcome="ok" workspace_id="w3" tab_id="w3:t7"
2026-08-03T17:16:43.860099Z  INFO herdr::logging: tab focused event="tab.focus" subsystem="tab" outcome="ok" workspace_id="w3" tab_id="w3:t1"
2026-08-03T17:16:48.869530Z  INFO herdr::logging: session saved event="persist.save" subsystem="persist" outcome="ok" path=/Users/vince/.config/herdr/session.json workspaces=3
2026-08-03T17:17:27.418243Z  INFO herdr::logging: tab focused event="tab.focus" subsystem="tab" outcome="ok" workspace_id="w3" tab_id="w3:t7"
2026-08-03T17:17:32.447561Z  INFO herdr::logging: session saved event="persist.save" subsystem="persist" outcome="ok" path=/Users/vince/.config/herdr/session.json workspaces=3
2026-08-03T17:21:37.274852Z  INFO herdr::logging: tab focused event="tab.focus" subsystem="tab" outcome="ok" workspace_id="w3" tab_id="w3:t1"
2026-08-03T17:21:42.288455Z  INFO herdr::logging: session saved event="persist.save" subsystem="persist" outcome="ok" path=/Users/vince/.config/herdr/session.json workspaces=3
2026-08-03T17:21:42.564805Z  INFO herdr::logging: tab focused event="tab.focus" subsystem="tab" outcome="ok" workspace_id="w3" tab_id="w3:t7"
2026-08-03T17:21:47.573257Z  INFO herdr::logging: session saved event="persist.save" subsystem="persist" outcome="ok" path=/Users/vince/.config/herdr/session.json workspaces=3
2026-08-03T17:24:30.902892Z  INFO herdr::logging: tab focused event="tab.focus" subsystem="tab" outcome="ok" workspace_id="w3" tab_id="w3:t2"
2026-08-03T17:24:35.938332Z  INFO herdr::logging: session saved event="persist.save" subsystem="persist" outcome="ok" path=/Users/vince/.config/herdr/session.json workspaces=3
2026-08-03T17:25:12.353933Z  INFO herdr::logging: api request received event="api.request.start" subsystem="api" outcome="started" request_id="cli:tab:focus" method="tab.focus" changes_ui=true
2026-08-03T17:25:12.354029Z  INFO herdr::logging: tab focused event="tab.focus" subsystem="tab" outcome="ok" workspace_id="w3" tab_id="w3:t7"
2026-08-03T17:25:12.354058Z  INFO herdr::logging: api request completed event="api.request.complete" subsystem="api" outcome="ok" request_id="cli:tab:focus" method="tab.focus"
2026-08-03T17:25:17.366454Z  INFO herdr::logging: session saved event="persist.save" subsystem="persist" outcome="ok" path=/Users/vince/.config/herdr/session.json workspaces=3
2026-08-03T17:40:35.632158Z  INFO herdr::logging: checking for updates event="update.check.start" subsystem="update" outcome="started"
2026-08-03T17:41:43.417189Z  INFO herdr::logging: tab focused event="tab.focus" subsystem="tab" outcome="ok" workspace_id="w3" tab_id="w3:t1"
2026-08-03T17:41:48.438742Z  INFO herdr::logging: session saved event="persist.save" subsystem="persist" outcome="ok" path=/Users/vince/.config/herdr/session.json workspaces=3
2026-08-03T17:41:59.981706Z  INFO herdr::logging: tab focused event="tab.focus" subsystem="tab" outcome="ok" workspace_id="w3" tab_id="w3:t7"
2026-08-03T17:42:04.997114Z  INFO herdr::logging: session saved event="persist.save" subsystem="persist" outcome="ok" path=/Users/vince/.config/herdr/session.json workspaces=3
2026-08-03T17:45:31.093191Z  INFO herdr::logging: tab focused event="tab.focus" subsystem="tab" outcome="ok" workspace_id="w3" tab_id="w3:t1"
2026-08-03T17:45:31.801685Z  INFO herdr::logging: tab focused event="tab.focus" subsystem="tab" outcome="ok" workspace_id="w3" tab_id="w3:t2"
2026-08-03T17:45:36.835733Z  INFO herdr::logging: session saved event="persist.save" subsystem="persist" outcome="ok" path=/Users/vince/.config/herdr/session.json workspaces=3
2026-08-03T17:45:37.831369Z  INFO herdr::logging: tab focused event="tab.focus" subsystem="tab" outcome="ok" workspace_id="w3" tab_id="w3:t7"
2026-08-03T17:45:41.407515Z  INFO herdr::logging: tab focused event="tab.focus" subsystem="tab" outcome="ok" workspace_id="w3" tab_id="w3:t1"
2026-08-03T17:45:43.315427Z  INFO herdr::logging: tab focused event="tab.focus" subsystem="tab" outcome="ok" workspace_id="w3" tab_id="w3:t2"
2026-08-03T17:45:48.332566Z  INFO herdr::logging: session saved event="persist.save" subsystem="persist" outcome="ok" path=/Users/vince/.config/herdr/session.json workspaces=3
2026-08-03T17:45:50.963737Z  INFO herdr::logging: tab focused event="tab.focus" subsystem="tab" outcome="ok" workspace_id="w3" tab_id="w3:t7"
2026-08-03T17:45:56.003571Z  INFO herdr::logging: session saved event="persist.save" subsystem="persist" outcome="ok" path=/Users/vince/.config/herdr/session.json workspaces=3
2026-08-03T17:46:26.009662Z  INFO herdr::logging: tab focused event="tab.focus" subsystem="tab" outcome="ok" workspace_id="w3" tab_id="w3:t1"
2026-08-03T17:46:31.038431Z  INFO herdr::logging: session saved event="persist.save" subsystem="persist" outcome="ok" path=/Users/vince/.config/herdr/session.json workspaces=3
2026-08-03T17:56:07.898316Z  INFO herdr::logging: tab focused event="tab.focus" subsystem="tab" outcome="ok" workspace_id="w3" tab_id="w3:t2"
2026-08-03T17:56:12.917777Z  INFO herdr::logging: session saved event="persist.save" subsystem="persist" outcome="ok" path=/Users/vince/.config/herdr/session.json workspaces=3
2026-08-03T18:00:02.217444Z  INFO herdr::logging: tab focused event="tab.focus" subsystem="tab" outcome="ok" workspace_id="w3" tab_id="w3:t1"
2026-08-03T18:00:04.623234Z  INFO herdr::logging: tab focused event="tab.focus" subsystem="tab" outcome="ok" workspace_id="w3" tab_id="w3:t2"
2026-08-03T18:00:09.639349Z  INFO herdr::logging: session saved event="persist.save" subsystem="persist" outcome="ok" path=/Users/vince/.config/herdr/session.json workspaces=3
2026-08-03T18:00:27.348223Z  INFO herdr::logging: tab focused event="tab.focus" subsystem="tab" outcome="ok" workspace_id="w3" tab_id="w3:t1"
2026-08-03T18:00:32.357950Z  INFO herdr::logging: session saved event="persist.save" subsystem="persist" outcome="ok" path=/Users/vince/.config/herdr/session.json workspaces=3
2026-08-03T18:01:25.722966Z  INFO herdr::logging: tab focused event="tab.focus" subsystem="tab" outcome="ok" workspace_id="w3" tab_id="w3:t7"
2026-08-03T18:01:27.480113Z  INFO herdr::logging: tab focused event="tab.focus" subsystem="tab" outcome="ok" workspace_id="w3" tab_id="w3:t2"
2026-08-03T18:01:32.493114Z  INFO herdr::logging: session saved event="persist.save" subsystem="persist" outcome="ok" path=/Users/vince/.config/herdr/session.json workspaces=3
2026-08-03T18:04:36.958546Z  INFO herdr::app::actions: copied double-clicked token to clipboard
2026-08-03T18:04:37.651973Z  INFO herdr::logging: tab focused event="tab.focus" subsystem="tab" outcome="ok" workspace_id="w3" tab_id="w3:t1"
2026-08-03T18:04:41.368933Z  INFO herdr::logging: tab focused event="tab.focus" subsystem="tab" outcome="ok" workspace_id="w3" tab_id="w3:t7"
2026-08-03T18:04:46.384703Z  INFO herdr::logging: session saved event="persist.save" subsystem="persist" outcome="ok" path=/Users/vince/.config/herdr/session.json workspaces=3
2026-08-03T18:10:35.613722Z  INFO herdr::logging: checking for updates event="update.check.start" subsystem="update" outcome="started"
2026-08-03T18:40:35.678790Z  INFO herdr::logging: checking for updates event="update.check.start" subsystem="update" outcome="started"
2026-08-03T19:10:35.682009Z  INFO herdr::logging: checking for updates event="update.check.start" subsystem="update" outcome="started"
2026-08-03T19:40:35.697482Z  INFO herdr::logging: checking for updates event="update.check.start" subsystem="update" outcome="started"
2026-08-03T19:53:09.683875Z  INFO herdr::server::headless: client resize client_id=26 cols=142 rows=48 cell_width_px=0 cell_height_px=0
2026-08-03T19:53:13.689180Z  INFO herdr::server::headless: client resize client_id=26 cols=211 rows=63 cell_width_px=0 cell_height_px=0
2026-08-03T20:10:35.687745Z  INFO herdr::logging: checking for updates event="update.check.start" subsystem="update" outcome="started"
2026-08-03T20:22:02.666932Z  INFO herdr::server::headless: client resize client_id=26 cols=211 rows=48 cell_width_px=0 cell_height_px=0
2026-08-03T20:22:03.018931Z  INFO herdr::server::headless: client resize client_id=26 cols=142 rows=48 cell_width_px=0 cell_height_px=0
2026-08-03T20:22:06.310841Z  INFO herdr::server::headless: client resize client_id=26 cols=211 rows=63 cell_width_px=0 cell_height_px=0
2026-08-03T20:29:04.797153Z  INFO herdr::logging: tab focused event="tab.focus" subsystem="tab" outcome="ok" workspace_id="w3" tab_id="w3:t6"
2026-08-03T20:29:04.813525Z  INFO herdr::logging: tab focused event="tab.focus" subsystem="tab" outcome="ok" workspace_id="w3" tab_id="w3:t2"
2026-08-03T20:29:04.824679Z  INFO herdr::logging: tab focused event="tab.focus" subsystem="tab" outcome="ok" workspace_id="w3" tab_id="w3:t1"
2026-08-03T20:29:04.844215Z  INFO herdr::logging: tab focused event="tab.focus" subsystem="tab" outcome="ok" workspace_id="w3" tab_id="w3:t7"
2026-08-03T20:29:04.844313Z  INFO herdr::logging: tab focused event="tab.focus" subsystem="tab" outcome="ok" workspace_id="w3" tab_id="w3:t6"
2026-08-03T20:29:04.857167Z  INFO herdr::logging: tab focused event="tab.focus" subsystem="tab" outcome="ok" workspace_id="w3" tab_id="w3:t2"
2026-08-03T20:29:04.866754Z  INFO herdr::logging: tab focused event="tab.focus" subsystem="tab" outcome="ok" workspace_id="w3" tab_id="w3:t1"
2026-08-03T20:29:04.878917Z  INFO herdr::logging: tab focused event="tab.focus" subsystem="tab" outcome="ok" workspace_id="w3" tab_id="w3:t7"
2026-08-03T20:29:04.879003Z  INFO herdr::logging: tab focused event="tab.focus" subsystem="tab" outcome="ok" workspace_id="w3" tab_id="w3:t6"
2026-08-03T20:29:04.879723Z  INFO herdr::logging: tab focused event="tab.focus" subsystem="tab" outcome="ok" workspace_id="w3" tab_id="w3:t2"
2026-08-03T20:29:04.887767Z  INFO herdr::logging: tab focused event="tab.focus" subsystem="tab" outcome="ok" workspace_id="w3" tab_id="w3:t1"
2026-08-03T20:29:04.887836Z  INFO herdr::logging: tab focused event="tab.focus" subsystem="tab" outcome="ok" workspace_id="w3" tab_id="w3:t7"
2026-08-03T20:29:04.899230Z  INFO herdr::logging: tab focused event="tab.focus" subsystem="tab" outcome="ok" workspace_id="w3" tab_id="w3:t6"
2026-08-03T20:29:04.899312Z  INFO herdr::logging: tab focused event="tab.focus" subsystem="tab" outcome="ok" workspace_id="w3" tab_id="w3:t2"
2026-08-03T20:29:04.912554Z  INFO herdr::logging: tab focused event="tab.focus" subsystem="tab" outcome="ok" workspace_id="w3" tab_id="w3:t1"
2026-08-03T20:29:04.919384Z  INFO herdr::logging: tab focused event="tab.focus" subsystem="tab" outcome="ok" workspace_id="w3" tab_id="w3:t7"
2026-08-03T20:29:04.928062Z  INFO herdr::logging: tab focused event="tab.focus" subsystem="tab" outcome="ok" workspace_id="w3" tab_id="w3:t6"
2026-08-03T20:29:04.952967Z  INFO herdr::logging: tab focused event="tab.focus" subsystem="tab" outcome="ok" workspace_id="w3" tab_id="w3:t2"
2026-08-03T20:29:04.961032Z  INFO herdr::logging: tab focused event="tab.focus" subsystem="tab" outcome="ok" workspace_id="w3" tab_id="w3:t1"
2026-08-03T20:29:04.988939Z  INFO herdr::logging: tab focused event="tab.focus" subsystem="tab" outcome="ok" workspace_id="w3" tab_id="w3:t7"
2026-08-03T20:29:05.260412Z  INFO herdr::logging: tab focused event="tab.focus" subsystem="tab" outcome="ok" workspace_id="w3" tab_id="w3:t1"
2026-08-03T20:29:06.971573Z  INFO herdr::logging: tab focused event="tab.focus" subsystem="tab" outcome="ok" workspace_id="w3" tab_id="w3:t7"
2026-08-03T20:29:11.981673Z  INFO herdr::logging: session saved event="persist.save" subsystem="persist" outcome="ok" path=/Users/vince/.config/herdr/session.json workspaces=3
2026-08-03T20:40:35.618955Z  INFO herdr::logging: checking for updates event="update.check.start" subsystem="update" outcome="started"
2026-08-03T21:10:35.666472Z  INFO herdr::logging: checking for updates event="update.check.start" subsystem="update" outcome="started"
2026-08-03T21:40:35.689940Z  INFO herdr::logging: checking for updates event="update.check.start" subsystem="update" outcome="started"
2026-08-03T22:11:04.172296Z  INFO herdr::logging: checking for updates event="update.check.start" subsystem="update" outcome="started"
2026-08-03T22:25:20.673144Z  INFO herdr::server::headless: client resize client_id=26 cols=142 rows=48 cell_width_px=0 cell_height_px=0
2026-08-03T22:25:24.519440Z  INFO herdr::server::headless: client resize client_id=26 cols=211 rows=63 cell_width_px=0 cell_height_px=0
2026-08-03T22:25:25.136210Z  INFO herdr::server::headless: client resize client_id=26 cols=142 rows=48 cell_width_px=0 cell_height_px=0
2026-08-03T22:25:29.165527Z  INFO herdr::server::headless: client resize client_id=26 cols=211 rows=63 cell_width_px=0 cell_height_px=0
2026-08-03T22:54:04.380812Z  INFO herdr::server::headless: client resize client_id=26 cols=142 rows=48 cell_width_px=0 cell_height_px=0
2026-08-03T22:54:08.595241Z  INFO herdr::server::headless: client resize client_id=26 cols=211 rows=63 cell_width_px=0 cell_height_px=0
2026-08-03T22:54:09.200208Z  INFO herdr::server::headless: client resize client_id=26 cols=142 rows=48 cell_width_px=0 cell_height_px=0
2026-08-03T22:54:13.349842Z  INFO herdr::server::headless: client resize client_id=26 cols=211 rows=63 cell_width_px=0 cell_height_px=0
2026-08-03T22:55:35.164087Z  INFO herdr::logging: tab focused event="tab.focus" subsystem="tab" outcome="ok" workspace_id="w3" tab_id="w3:t2"
2026-08-03T22:55:40.183800Z  INFO herdr::logging: session saved event="persist.save" subsystem="persist" outcome="ok" path=/Users/vince/.config/herdr/session.json workspaces=3
2026-08-03T22:55:54.063577Z  INFO herdr::logging: tab focused event="tab.focus" subsystem="tab" outcome="ok" workspace_id="w3" tab_id="w3:t7"
2026-08-03T22:55:59.110050Z  INFO herdr::logging: session saved event="persist.save" subsystem="persist" outcome="ok" path=/Users/vince/.config/herdr/session.json workspaces=3
2026-08-03T23:07:25.848885Z  INFO herdr::logging: checking for updates event="update.check.start" subsystem="update" outcome="started"
2026-08-03T23:37:25.900527Z  INFO herdr::logging: checking for updates event="update.check.start" subsystem="update" outcome="started"
2026-08-03T23:38:35.764340Z  INFO herdr::logging: tab focused event="tab.focus" subsystem="tab" outcome="ok" workspace_id="w3" tab_id="w3:t2"
2026-08-03T23:38:40.365691Z  INFO herdr::logging: tab focused event="tab.focus" subsystem="tab" outcome="ok" workspace_id="w3" tab_id="w3:t7"
2026-08-03T23:38:45.381939Z  INFO herdr::logging: session saved event="persist.save" subsystem="persist" outcome="ok" path=/Users/vince/.config/herdr/session.json workspaces=3
2026-08-04T00:07:25.936940Z  INFO herdr::logging: checking for updates event="update.check.start" subsystem="update" outcome="started"
2026-08-04T00:07:25.985515Z  INFO herdr::logging: update available event="update.available" subsystem="update" outcome="ok" version="0.8.0"
2026-08-04T00:07:26.059135Z  INFO herdr::update: auto-update check: v0.8.0 available through Homebrew, waiting for explicit install
2026-08-04T00:09:14.535673Z  INFO herdr::logging: tab focused event="tab.focus" subsystem="tab" outcome="ok" workspace_id="w3" tab_id="w3:t1"
2026-08-04T00:09:16.280769Z  INFO herdr::logging: tab focused event="tab.focus" subsystem="tab" outcome="ok" workspace_id="w3" tab_id="w3:t2"
2026-08-04T00:09:21.333085Z  INFO herdr::logging: session saved event="persist.save" subsystem="persist" outcome="ok" path=/Users/vince/.config/herdr/session.json workspaces=3
2026-08-04T00:09:21.652191Z  INFO herdr::logging: tab focused event="tab.focus" subsystem="tab" outcome="ok" workspace_id="w3" tab_id="w3:t7"
2026-08-04T00:09:26.696747Z  INFO herdr::logging: session saved event="persist.save" subsystem="persist" outcome="ok" path=/Users/vince/.config/herdr/session.json workspaces=3
2026-08-04T00:12:34.487904Z  INFO herdr::logging: tab focused event="tab.focus" subsystem="tab" outcome="ok" workspace_id="w3" tab_id="w3:t2"
2026-08-04T00:12:39.526246Z  INFO herdr::logging: session saved event="persist.save" subsystem="persist" outcome="ok" path=/Users/vince/.config/herdr/session.json workspaces=3
2026-08-04T00:13:08.635169Z  INFO herdr::logging: tab focused event="tab.focus" subsystem="tab" outcome="ok" workspace_id="w3" tab_id="w3:t7"
2026-08-04T00:13:13.651271Z  INFO herdr::logging: session saved event="persist.save" subsystem="persist" outcome="ok" path=/Users/vince/.config/herdr/session.json workspaces=3
2026-08-04T00:13:45.116137Z  INFO herdr::logging: tab focused event="tab.focus" subsystem="tab" outcome="ok" workspace_id="w3" tab_id="w3:t2"
2026-08-04T00:13:46.431823Z  INFO herdr::logging: tab focused event="tab.focus" subsystem="tab" outcome="ok" workspace_id="w3" tab_id="w3:t7"
2026-08-04T00:13:51.447391Z  INFO herdr::logging: session saved event="persist.save" subsystem="persist" outcome="ok" path=/Users/vince/.config/herdr/session.json workspaces=3
2026-08-04T00:15:59.683348Z  INFO herdr::logging: tab focused event="tab.focus" subsystem="tab" outcome="ok" workspace_id="w3" tab_id="w3:t2"
2026-08-04T00:16:04.719274Z  INFO herdr::logging: session saved event="persist.save" subsystem="persist" outcome="ok" path=/Users/vince/.config/herdr/session.json workspaces=3
2026-08-04T14:35:53.389425Z  INFO herdr::server::headless: client resize client_id=26 cols=142 rows=48 cell_width_px=0 cell_height_px=0
2026-08-04T14:35:57.288736Z  INFO herdr::server::headless: client resize client_id=26 cols=211 rows=63 cell_width_px=0 cell_height_px=0
2026-08-04T14:35:58.141899Z  INFO herdr::server::headless: client resize client_id=26 cols=142 rows=48 cell_width_px=0 cell_height_px=0
2026-08-04T14:36:02.285148Z  INFO herdr::server::headless: client resize client_id=26 cols=211 rows=63 cell_width_px=0 cell_height_px=0
2026-08-04T14:37:44.053812Z  INFO herdr::logging: tab focused event="tab.focus" subsystem="tab" outcome="ok" workspace_id="w3" tab_id="w3:t7"
2026-08-04T14:37:49.076546Z  INFO herdr::logging: session saved event="persist.save" subsystem="persist" outcome="ok" path=/Users/vince/.config/herdr/session.json workspaces=3
2026-08-04T14:38:08.980998Z  INFO herdr::server::headless: client connected client_id=50 cols=80 rows=24 cell_width_px=0 cell_height_px=0 render_encoding=SemanticFrame
2026-08-04T14:38:09.012129Z  INFO herdr::server::headless: client disconnected client_id=50
2026-08-04T17:11:37.797556Z  INFO herdr::server::headless: client resize client_id=26 cols=211 rows=48 cell_width_px=0 cell_height_px=0
2026-08-04T17:11:38.156204Z  INFO herdr::server::headless: client resize client_id=26 cols=142 rows=48 cell_width_px=0 cell_height_px=0
2026-08-04T17:11:42.137873Z  INFO herdr::server::headless: client resize client_id=26 cols=211 rows=63 cell_width_px=0 cell_height_px=0
2026-08-04T17:11:43.009787Z  INFO herdr::server::headless: client resize client_id=26 cols=142 rows=48 cell_width_px=0 cell_height_px=0
2026-08-04T17:11:46.997038Z  INFO herdr::server::headless: client resize client_id=26 cols=211 rows=63 cell_width_px=0 cell_height_px=0
2026-08-04T17:31:37.812147Z  INFO herdr::server::headless: client resize client_id=26 cols=142 rows=48 cell_width_px=0 cell_height_px=0
2026-08-04T17:31:41.877461Z  INFO herdr::server::headless: client resize client_id=26 cols=211 rows=63 cell_width_px=0 cell_height_px=0
2026-08-04T17:31:42.696001Z  INFO herdr::server::headless: client resize client_id=26 cols=142 rows=48 cell_width_px=0 cell_height_px=0
2026-08-04T17:31:46.804528Z  INFO herdr::server::headless: client resize client_id=26 cols=211 rows=63 cell_width_px=0 cell_height_px=0
2026-08-04T17:32:27.459314Z  INFO herdr::logging: tab focused event="tab.focus" subsystem="tab" outcome="ok" workspace_id="w3" tab_id="w3:t2"
2026-08-04T17:32:32.473970Z  INFO herdr::logging: session saved event="persist.save" subsystem="persist" outcome="ok" path=/Users/vince/.config/herdr/session.json workspaces=3
2026-08-04T17:33:10.006098Z  INFO herdr::logging: tab focused event="tab.focus" subsystem="tab" outcome="ok" workspace_id="w3" tab_id="w3:t7"
2026-08-04T17:33:15.015712Z  INFO herdr::logging: session saved event="persist.save" subsystem="persist" outcome="ok" path=/Users/vince/.config/herdr/session.json workspaces=3
2026-08-04T17:36:41.206335Z  INFO herdr::logging: api request received event="api.request.start" subsystem="api" outcome="started" request_id="cli:tab:focus" method="tab.focus" changes_ui=true
2026-08-04T17:36:41.206644Z  INFO herdr::logging: tab focused event="tab.focus" subsystem="tab" outcome="ok" workspace_id="w3" tab_id="w3:t1"
2026-08-04T17:36:41.206673Z  INFO herdr::logging: api request completed event="api.request.complete" subsystem="api" outcome="ok" request_id="cli:tab:focus" method="tab.focus"
2026-08-04T17:36:46.216549Z  INFO herdr::logging: session saved event="persist.save" subsystem="persist" outcome="ok" path=/Users/vince/.config/herdr/session.json workspaces=3
2026-08-04T17:36:47.871775Z  INFO herdr::logging: tab focused event="tab.focus" subsystem="tab" outcome="ok" workspace_id="w3" tab_id="w3:t7"
2026-08-04T17:36:52.882890Z  INFO herdr::logging: session saved event="persist.save" subsystem="persist" outcome="ok" path=/Users/vince/.config/herdr/session.json workspaces=3
2026-08-04T17:40:50.794099Z  INFO herdr::logging: tab focused event="tab.focus" subsystem="tab" outcome="ok" workspace_id="w3" tab_id="w3:t1"
2026-08-04T17:40:55.289190Z  INFO herdr::logging: tab focused event="tab.focus" subsystem="tab" outcome="ok" workspace_id="w3" tab_id="w3:t7"
2026-08-04T17:41:00.293582Z  INFO herdr::logging: session saved event="persist.save" subsystem="persist" outcome="ok" path=/Users/vince/.config/herdr/session.json workspaces=3
2026-08-04T17:41:15.269995Z  INFO herdr::logging: tab focused event="tab.focus" subsystem="tab" outcome="ok" workspace_id="w3" tab_id="w3:t1"
2026-08-04T17:41:20.280367Z  INFO herdr::logging: session saved event="persist.save" subsystem="persist" outcome="ok" path=/Users/vince/.config/herdr/session.json workspaces=3
2026-08-04T17:41:38.160799Z  INFO herdr::logging: tab focused event="tab.focus" subsystem="tab" outcome="ok" workspace_id="w3" tab_id="w3:t7"
2026-08-04T17:41:43.169255Z  INFO herdr::logging: session saved event="persist.save" subsystem="persist" outcome="ok" path=/Users/vince/.config/herdr/session.json workspaces=3
2026-08-04T17:42:00.003747Z  INFO herdr::logging: tab focused event="tab.focus" subsystem="tab" outcome="ok" workspace_id="w3" tab_id="w3:t1"
2026-08-04T17:42:05.010913Z  INFO herdr::logging: session saved event="persist.save" subsystem="persist" outcome="ok" path=/Users/vince/.config/herdr/session.json workspaces=3
2026-08-04T17:42:23.484865Z  INFO herdr::logging: tab focused event="tab.focus" subsystem="tab" outcome="ok" workspace_id="w3" tab_id="w3:t7"
2026-08-04T17:42:28.493172Z  INFO herdr::logging: session saved event="persist.save" subsystem="persist" outcome="ok" path=/Users/vince/.config/herdr/session.json workspaces=3
2026-08-04T17:42:42.757557Z  INFO herdr::logging: tab focused event="tab.focus" subsystem="tab" outcome="ok" workspace_id="w3" tab_id="w3:t1"
2026-08-04T17:42:47.775334Z  INFO herdr::logging: session saved event="persist.save" subsystem="persist" outcome="ok" path=/Users/vince/.config/herdr/session.json workspaces=3
2026-08-04T17:43:01.139593Z  INFO herdr::logging: tab focused event="tab.focus" subsystem="tab" outcome="ok" workspace_id="w3" tab_id="w3:t7"
2026-08-04T17:43:06.148246Z  INFO herdr::logging: session saved event="persist.save" subsystem="persist" outcome="ok" path=/Users/vince/.config/herdr/session.json workspaces=3
2026-08-04T17:43:49.003848Z  INFO herdr::app::actions: copied selection to clipboard
2026-08-04T17:43:52.840626Z  INFO herdr::app::actions: copied selection to clipboard
2026-08-04T17:43:54.719364Z  INFO herdr::app::actions: copied selection to clipboard
2026-08-04T17:44:53.963103Z  INFO herdr::logging: tab focused event="tab.focus" subsystem="tab" outcome="ok" workspace_id="w3" tab_id="w3:t1"
2026-08-04T17:44:58.975689Z  INFO herdr::logging: session saved event="persist.save" subsystem="persist" outcome="ok" path=/Users/vince/.config/herdr/session.json workspaces=3
2026-08-04T17:45:42.330041Z  INFO herdr::logging: tab focused event="tab.focus" subsystem="tab" outcome="ok" workspace_id="w3" tab_id="w3:t7"
2026-08-04T17:45:47.344609Z  INFO herdr::logging: session saved event="persist.save" subsystem="persist" outcome="ok" path=/Users/vince/.config/herdr/session.json workspaces=3
2026-08-04T17:45:47.601372Z  INFO herdr::logging: tab focused event="tab.focus" subsystem="tab" outcome="ok" workspace_id="w3" tab_id="w3:t1"
2026-08-04T17:45:48.580572Z  INFO herdr::logging: tab focused event="tab.focus" subsystem="tab" outcome="ok" workspace_id="w3" tab_id="w3:t7"
2026-08-04T17:45:53.046280Z  INFO herdr::logging: tab focused event="tab.focus" subsystem="tab" outcome="ok" workspace_id="w3" tab_id="w3:t1"
2026-08-04T17:45:58.058998Z  INFO herdr::logging: session saved event="persist.save" subsystem="persist" outcome="ok" path=/Users/vince/.config/herdr/session.json workspaces=3
2026-08-04T17:46:04.607807Z  INFO herdr::logging: tab focused event="tab.focus" subsystem="tab" outcome="ok" workspace_id="w3" tab_id="w3:t7"
2026-08-04T17:46:09.613907Z  INFO herdr::logging: session saved event="persist.save" subsystem="persist" outcome="ok" path=/Users/vince/.config/herdr/session.json workspaces=3
2026-08-04T17:47:02.144641Z  INFO herdr::logging: tab focused event="tab.focus" subsystem="tab" outcome="ok" workspace_id="w3" tab_id="w3:t1"
2026-08-04T17:47:07.154925Z  INFO herdr::logging: session saved event="persist.save" subsystem="persist" outcome="ok" path=/Users/vince/.config/herdr/session.json workspaces=3
2026-08-04T17:47:11.670007Z  INFO herdr::logging: tab focused event="tab.focus" subsystem="tab" outcome="ok" workspace_id="w3" tab_id="w3:t7"
2026-08-04T17:47:16.682582Z  INFO herdr::logging: session saved event="persist.save" subsystem="persist" outcome="ok" path=/Users/vince/.config/herdr/session.json workspaces=3
2026-08-04T17:49:17.719171Z  INFO herdr::logging: tab focused event="tab.focus" subsystem="tab" outcome="ok" workspace_id="w3" tab_id="w3:t2"
2026-08-04T17:49:18.576452Z  INFO herdr::logging: tab focused event="tab.focus" subsystem="tab" outcome="ok" workspace_id="w3" tab_id="w3:t1"
2026-08-04T17:49:23.596750Z  INFO herdr::logging: session saved event="persist.save" subsystem="persist" outcome="ok" path=/Users/vince/.config/herdr/session.json workspaces=3
2026-08-04T17:49:31.527867Z  INFO herdr::logging: tab focused event="tab.focus" subsystem="tab" outcome="ok" workspace_id="w3" tab_id="w3:t7"
2026-08-04T17:49:33.335259Z  INFO herdr::logging: tab focused event="tab.focus" subsystem="tab" outcome="ok" workspace_id="w3" tab_id="w3:t1"
2026-08-04T17:49:38.343841Z  INFO herdr::logging: session saved event="persist.save" subsystem="persist" outcome="ok" path=/Users/vince/.config/herdr/session.json workspaces=3
2026-08-04T17:49:39.343455Z  INFO herdr::logging: tab focused event="tab.focus" subsystem="tab" outcome="ok" workspace_id="w3" tab_id="w3:t7"
2026-08-04T17:49:44.350640Z  INFO herdr::logging: session saved event="persist.save" subsystem="persist" outcome="ok" path=/Users/vince/.config/herdr/session.json workspaces=3
2026-08-04T17:50:08.440002Z  INFO herdr::logging: tab focused event="tab.focus" subsystem="tab" outcome="ok" workspace_id="w3" tab_id="w3:t1"
2026-08-04T17:50:13.453795Z  INFO herdr::logging: session saved event="persist.save" subsystem="persist" outcome="ok" path=/Users/vince/.config/herdr/session.json workspaces=3
2026-08-04T17:50:22.099951Z  INFO herdr::logging: tab focused event="tab.focus" subsystem="tab" outcome="ok" workspace_id="w3" tab_id="w3:t7"
2026-08-04T17:50:27.117028Z  INFO herdr::logging: session saved event="persist.save" subsystem="persist" outcome="ok" path=/Users/vince/.config/herdr/session.json workspaces=3
2026-08-04T17:54:48.047776Z  INFO herdr::logging: tab focused event="tab.focus" subsystem="tab" outcome="ok" workspace_id="w3" tab_id="w3:t1"
2026-08-04T17:54:52.254951Z  INFO herdr::logging: tab focused event="tab.focus" subsystem="tab" outcome="ok" workspace_id="w3" tab_id="w3:t7"
2026-08-04T17:54:57.263765Z  INFO herdr::logging: session saved event="persist.save" subsystem="persist" outcome="ok" path=/Users/vince/.config/herdr/session.json workspaces=3
2026-08-04T17:56:08.049834Z  INFO herdr::app::actions: copied selection to clipboard
2026-08-04T18:19:21.456640Z  INFO herdr::logging: tab focused event="tab.focus" subsystem="tab" outcome="ok" workspace_id="w3" tab_id="w3:t2"
2026-08-04T18:19:26.489179Z  INFO herdr::logging: session saved event="persist.save" subsystem="persist" outcome="ok" path=/Users/vince/.config/herdr/session.json workspaces=3
2026-08-04T18:19:26.924786Z  INFO herdr::logging: tab focused event="tab.focus" subsystem="tab" outcome="ok" workspace_id="w3" tab_id="w3:t7"
2026-08-04T18:19:31.955225Z  INFO herdr::logging: session saved event="persist.save" subsystem="persist" outcome="ok" path=/Users/vince/.config/herdr/session.json workspaces=3
2026-08-04T18:48:39.968413Z  INFO herdr::server::headless: client resize client_id=26 cols=142 rows=48 cell_width_px=0 cell_height_px=0
2026-08-04T18:48:44.407083Z  INFO herdr::server::headless: client resize client_id=26 cols=211 rows=63 cell_width_px=0 cell_height_px=0
2026-08-04T18:48:44.846958Z  INFO herdr::server::headless: client resize client_id=26 cols=142 rows=48 cell_width_px=0 cell_height_px=0
2026-08-04T18:48:48.919538Z  INFO herdr::server::headless: client resize client_id=26 cols=211 rows=63 cell_width_px=0 cell_height_px=0
2026-08-04T18:48:53.592706Z  INFO herdr::logging: api request received event="api.request.start" subsystem="api" outcome="started" request_id="cli:tab:focus" method="tab.focus" changes_ui=true
2026-08-04T18:48:53.592803Z  INFO herdr::logging: tab focused event="tab.focus" subsystem="tab" outcome="ok" workspace_id="w3" tab_id="w3:t1"
2026-08-04T18:48:53.592861Z  INFO herdr::logging: api request completed event="api.request.complete" subsystem="api" outcome="ok" request_id="cli:tab:focus" method="tab.focus"
2026-08-04T18:48:58.599455Z  INFO herdr::logging: session saved event="persist.save" subsystem="persist" outcome="ok" path=/Users/vince/.config/herdr/session.json workspaces=3
2026-08-04T18:49:12.750188Z  INFO herdr::logging: tab focused event="tab.focus" subsystem="tab" outcome="ok" workspace_id="w3" tab_id="w3:t7"
2026-08-04T18:49:17.760499Z  INFO herdr::logging: session saved event="persist.save" subsystem="persist" outcome="ok" path=/Users/vince/.config/herdr/session.json workspaces=3
2026-08-04T18:49:25.374955Z  INFO herdr::logging: tab focused event="tab.focus" subsystem="tab" outcome="ok" workspace_id="w3" tab_id="w3:t1"
2026-08-04T18:49:30.396194Z  INFO herdr::logging: session saved event="persist.save" subsystem="persist" outcome="ok" path=/Users/vince/.config/herdr/session.json workspaces=3
2026-08-04T18:49:35.261320Z  INFO herdr::logging: tab focused event="tab.focus" subsystem="tab" outcome="ok" workspace_id="w3" tab_id="w3:t7"
2026-08-04T18:49:40.279231Z  INFO herdr::logging: session saved event="persist.save" subsystem="persist" outcome="ok" path=/Users/vince/.config/herdr/session.json workspaces=3
2026-08-04T19:23:17.510257Z  INFO herdr::server::headless: client resize client_id=26 cols=211 rows=48 cell_width_px=0 cell_height_px=0
2026-08-04T19:23:17.932769Z  INFO herdr::server::headless: client resize client_id=26 cols=142 rows=48 cell_width_px=0 cell_height_px=0
2026-08-04T19:23:21.785006Z  INFO herdr::server::headless: client resize client_id=26 cols=211 rows=63 cell_width_px=0 cell_height_px=0
2026-08-04T19:23:22.726668Z  INFO herdr::server::headless: client resize client_id=26 cols=142 rows=48 cell_width_px=0 cell_height_px=0
2026-08-04T19:23:26.812640Z  INFO herdr::server::headless: client resize client_id=26 cols=211 rows=63 cell_width_px=0 cell_height_px=0
2026-08-04T19:25:01.424830Z  INFO herdr::logging: tab focused event="tab.focus" subsystem="tab" outcome="ok" workspace_id="w3" tab_id="w3:t2"
2026-08-04T19:25:06.446220Z  INFO herdr::logging: session saved event="persist.save" subsystem="persist" outcome="ok" path=/Users/vince/.config/herdr/session.json workspaces=3
2026-08-04T19:27:33.613360Z  INFO herdr::logging: api request received event="api.request.start" subsystem="api" outcome="started" request_id="cli:tab:focus" method="tab.focus" changes_ui=true
2026-08-04T19:27:33.613689Z  INFO herdr::logging: tab focused event="tab.focus" subsystem="tab" outcome="ok" workspace_id="w3" tab_id="w3:t1"
2026-08-04T19:27:33.613723Z  INFO herdr::logging: api request completed event="api.request.complete" subsystem="api" outcome="ok" request_id="cli:tab:focus" method="tab.focus"
2026-08-04T19:27:33.716428Z  INFO herdr::logging: api request received event="api.request.start" subsystem="api" outcome="started" request_id="cli:tab:focus" method="tab.focus" changes_ui=true
2026-08-04T19:27:33.716525Z  INFO herdr::logging: tab focused event="tab.focus" subsystem="tab" outcome="ok" workspace_id="w3" tab_id="w3:t2"
2026-08-04T19:27:33.716572Z  INFO herdr::logging: api request completed event="api.request.complete" subsystem="api" outcome="ok" request_id="cli:tab:focus" method="tab.focus"
2026-08-04T19:27:33.874334Z  INFO herdr::logging: api request received event="api.request.start" subsystem="api" outcome="started" request_id="cli:tab:focus" method="tab.focus" changes_ui=true
2026-08-04T19:27:33.874426Z  INFO herdr::logging: tab focused event="tab.focus" subsystem="tab" outcome="ok" workspace_id="w3" tab_id="w3:t6"
2026-08-04T19:27:33.874458Z  INFO herdr::logging: api request completed event="api.request.complete" subsystem="api" outcome="ok" request_id="cli:tab:focus" method="tab.focus"
2026-08-04T19:27:33.879089Z  INFO herdr::logging: api request received event="api.request.start" subsystem="api" outcome="started" request_id="cli:tab:focus" method="tab.focus" changes_ui=true
2026-08-04T19:27:33.882535Z  INFO herdr::logging: tab focused event="tab.focus" subsystem="tab" outcome="ok" workspace_id="w3" tab_id="w3:t7"
2026-08-04T19:27:33.882588Z  INFO herdr::logging: api request completed event="api.request.complete" subsystem="api" outcome="ok" request_id="cli:tab:focus" method="tab.focus"
2026-08-04T19:27:34.474858Z  INFO herdr::logging: api request received event="api.request.start" subsystem="api" outcome="started" request_id="cli:tab:focus" method="tab.focus" changes_ui=true
2026-08-04T19:27:34.474948Z  INFO herdr::logging: tab focused event="tab.focus" subsystem="tab" outcome="ok" workspace_id="w3" tab_id="w3:t1"
2026-08-04T19:27:34.474982Z  INFO herdr::logging: api request completed event="api.request.complete" subsystem="api" outcome="ok" request_id="cli:tab:focus" method="tab.focus"
2026-08-04T19:27:34.482222Z  INFO herdr::logging: api request received event="api.request.start" subsystem="api" outcome="started" request_id="cli:tab:focus" method="tab.focus" changes_ui=true
2026-08-04T19:27:34.482307Z  INFO herdr::logging: tab focused event="tab.focus" subsystem="tab" outcome="ok" workspace_id="w3" tab_id="w3:t2"
2026-08-04T19:27:34.482338Z  INFO herdr::logging: api request completed event="api.request.complete" subsystem="api" outcome="ok" request_id="cli:tab:focus" method="tab.focus"
2026-08-04T19:27:34.595742Z  INFO herdr::logging: api request received event="api.request.start" subsystem="api" outcome="started" request_id="cli:tab:focus" method="tab.focus" changes_ui=true
2026-08-04T19:27:34.595850Z  INFO herdr::logging: tab focused event="tab.focus" subsystem="tab" outcome="ok" workspace_id="w3" tab_id="w3:t6"
2026-08-04T19:27:34.595892Z  INFO herdr::logging: api request completed event="api.request.complete" subsystem="api" outcome="ok" request_id="cli:tab:focus" method="tab.focus"
2026-08-04T19:27:34.783065Z  INFO herdr::logging: api request received event="api.request.start" subsystem="api" outcome="started" request_id="cli:tab:focus" method="tab.focus" changes_ui=true
2026-08-04T19:27:34.783158Z  INFO herdr::logging: tab focused event="tab.focus" subsystem="tab" outcome="ok" workspace_id="w3" tab_id="w3:t7"
2026-08-04T19:27:34.783192Z  INFO herdr::logging: api request completed event="api.request.complete" subsystem="api" outcome="ok" request_id="cli:tab:focus" method="tab.focus"
2026-08-04T19:27:35.115687Z  INFO herdr::logging: api request received event="api.request.start" subsystem="api" outcome="started" request_id="cli:tab:focus" method="tab.focus" changes_ui=true
2026-08-04T19:27:35.115810Z  INFO herdr::logging: tab focused event="tab.focus" subsystem="tab" outcome="ok" workspace_id="w3" tab_id="w3:t1"
2026-08-04T19:27:35.115883Z  INFO herdr::logging: api request completed event="api.request.complete" subsystem="api" outcome="ok" request_id="cli:tab:focus" method="tab.focus"
2026-08-04T19:27:35.134535Z  INFO herdr::logging: api request received event="api.request.start" subsystem="api" outcome="started" request_id="cli:tab:focus" method="tab.focus" changes_ui=true
2026-08-04T19:27:35.134632Z  INFO herdr::logging: tab focused event="tab.focus" subsystem="tab" outcome="ok" workspace_id="w3" tab_id="w3:t2"
2026-08-04T19:27:35.134669Z  INFO herdr::logging: api request completed event="api.request.complete" subsystem="api" outcome="ok" request_id="cli:tab:focus" method="tab.focus"
2026-08-04T19:27:35.220220Z  INFO herdr::logging: api request received event="api.request.start" subsystem="api" outcome="started" request_id="cli:tab:focus" method="tab.focus" changes_ui=true
2026-08-04T19:27:35.220310Z  INFO herdr::logging: tab focused event="tab.focus" subsystem="tab" outcome="ok" workspace_id="w3" tab_id="w3:t6"
2026-08-04T19:27:35.220357Z  INFO herdr::logging: api request completed event="api.request.complete" subsystem="api" outcome="ok" request_id="cli:tab:focus" method="tab.focus"
2026-08-04T19:27:35.452861Z  INFO herdr::logging: api request received event="api.request.start" subsystem="api" outcome="started" request_id="cli:tab:focus" method="tab.focus" changes_ui=true
2026-08-04T19:27:35.452955Z  INFO herdr::logging: tab focused event="tab.focus" subsystem="tab" outcome="ok" workspace_id="w3" tab_id="w3:t7"
2026-08-04T19:27:35.452990Z  INFO herdr::logging: api request completed event="api.request.complete" subsystem="api" outcome="ok" request_id="cli:tab:focus" method="tab.focus"
2026-08-04T19:27:35.738663Z  INFO herdr::logging: api request received event="api.request.start" subsystem="api" outcome="started" request_id="cli:tab:focus" method="tab.focus" changes_ui=true
2026-08-04T19:27:35.738787Z  INFO herdr::logging: tab focused event="tab.focus" subsystem="tab" outcome="ok" workspace_id="w3" tab_id="w3:t1"
2026-08-04T19:27:35.738841Z  INFO herdr::logging: api request completed event="api.request.complete" subsystem="api" outcome="ok" request_id="cli:tab:focus" method="tab.focus"
2026-08-04T19:27:35.793040Z  INFO herdr::logging: api request received event="api.request.start" subsystem="api" outcome="started" request_id="cli:tab:focus" method="tab.focus" changes_ui=true
2026-08-04T19:27:35.793151Z  INFO herdr::logging: tab focused event="tab.focus" subsystem="tab" outcome="ok" workspace_id="w3" tab_id="w3:t2"
2026-08-04T19:27:35.793189Z  INFO herdr::logging: api request completed event="api.request.complete" subsystem="api" outcome="ok" request_id="cli:tab:focus" method="tab.focus"
2026-08-04T19:27:35.978997Z  INFO herdr::logging: api request received event="api.request.start" subsystem="api" outcome="started" request_id="cli:tab:focus" method="tab.focus" changes_ui=true
2026-08-04T19:27:35.979093Z  INFO herdr::logging: tab focused event="tab.focus" subsystem="tab" outcome="ok" workspace_id="w3" tab_id="w3:t6"
2026-08-04T19:27:35.979127Z  INFO herdr::logging: api request completed event="api.request.complete" subsystem="api" outcome="ok" request_id="cli:tab:focus" method="tab.focus"
2026-08-04T19:27:37.057443Z  INFO herdr::logging: api request received event="api.request.start" subsystem="api" outcome="started" request_id="cli:tab:focus" method="tab.focus" changes_ui=true
2026-08-04T19:27:37.058918Z  INFO herdr::logging: tab focused event="tab.focus" subsystem="tab" outcome="ok" workspace_id="w3" tab_id="w3:t7"
2026-08-04T19:27:37.058980Z  INFO herdr::logging: api request completed event="api.request.complete" subsystem="api" outcome="ok" request_id="cli:tab:focus" method="tab.focus"
2026-08-04T19:27:37.460472Z  INFO herdr::logging: api request received event="api.request.start" subsystem="api" outcome="started" request_id="cli:tab:focus" method="tab.focus" changes_ui=true
2026-08-04T19:27:37.460604Z  INFO herdr::logging: tab focused event="tab.focus" subsystem="tab" outcome="ok" workspace_id="w3" tab_id="w3:t1"
2026-08-04T19:27:37.460659Z  INFO herdr::logging: api request completed event="api.request.complete" subsystem="api" outcome="ok" request_id="cli:tab:focus" method="tab.focus"
2026-08-04T19:27:37.974628Z  INFO herdr::logging: api request received event="api.request.start" subsystem="api" outcome="started" request_id="cli:tab:focus" method="tab.focus" changes_ui=true
2026-08-04T19:27:37.974838Z  INFO herdr::logging: tab focused event="tab.focus" subsystem="tab" outcome="ok" workspace_id="w3" tab_id="w3:t2"
2026-08-04T19:27:37.974893Z  INFO herdr::logging: api request completed event="api.request.complete" subsystem="api" outcome="ok" request_id="cli:tab:focus" method="tab.focus"
2026-08-04T19:27:38.305800Z  INFO herdr::logging: api request received event="api.request.start" subsystem="api" outcome="started" request_id="cli:tab:focus" method="tab.focus" changes_ui=true
2026-08-04T19:27:38.305914Z  INFO herdr::logging: tab focused event="tab.focus" subsystem="tab" outcome="ok" workspace_id="w3" tab_id="w3:t6"
2026-08-04T19:27:38.305957Z  INFO herdr::logging: api request completed event="api.request.complete" subsystem="api" outcome="ok" request_id="cli:tab:focus" method="tab.focus"
2026-08-04T19:27:38.512133Z  INFO herdr::logging: api request received event="api.request.start" subsystem="api" outcome="started" request_id="cli:tab:focus" method="tab.focus" changes_ui=true
2026-08-04T19:27:38.512253Z  INFO herdr::logging: tab focused event="tab.focus" subsystem="tab" outcome="ok" workspace_id="w3" tab_id="w3:t7"
2026-08-04T19:27:38.512302Z  INFO herdr::logging: api request completed event="api.request.complete" subsystem="api" outcome="ok" request_id="cli:tab:focus" method="tab.focus"
2026-08-04T19:27:39.011961Z  INFO herdr::logging: api request received event="api.request.start" subsystem="api" outcome="started" request_id="cli:tab:focus" method="tab.focus" changes_ui=true
2026-08-04T19:27:39.012083Z  INFO herdr::logging: tab focused event="tab.focus" subsystem="tab" outcome="ok" workspace_id="w3" tab_id="w3:t1"
2026-08-04T19:27:39.012138Z  INFO herdr::logging: api request completed event="api.request.complete" subsystem="api" outcome="ok" request_id="cli:tab:focus" method="tab.focus"
2026-08-04T19:27:40.691239Z  INFO herdr::logging: api request received event="api.request.start" subsystem="api" outcome="started" request_id="cli:tab:focus" method="tab.focus" changes_ui=true
2026-08-04T19:27:40.691359Z  INFO herdr::logging: tab focused event="tab.focus" subsystem="tab" outcome="ok" workspace_id="w3" tab_id="w3:t2"
2026-08-04T19:27:40.691419Z  INFO herdr::logging: api request completed event="api.request.complete" subsystem="api" outcome="ok" request_id="cli:tab:focus" method="tab.focus"
2026-08-04T19:27:45.706339Z  INFO herdr::logging: session saved event="persist.save" subsystem="persist" outcome="ok" path=/Users/vince/.config/herdr/session.json workspaces=3
2026-08-04T19:35:04.572612Z  INFO herdr::logging: tab focused event="tab.focus" subsystem="tab" outcome="ok" workspace_id="w3" tab_id="w3:t7"
2026-08-04T19:35:09.610657Z  INFO herdr::logging: session saved event="persist.save" subsystem="persist" outcome="ok" path=/Users/vince/.config/herdr/session.json workspaces=3
2026-08-04T19:57:38.566985Z  INFO herdr::logging: tab focused event="tab.focus" subsystem="tab" outcome="ok" workspace_id="w3" tab_id="w3:t2"
2026-08-04T19:57:43.602752Z  INFO herdr::logging: session saved event="persist.save" subsystem="persist" outcome="ok" path=/Users/vince/.config/herdr/session.json workspaces=3
2026-08-04T20:00:44.601788Z  INFO herdr::app::worktrees: opening worktree dialog ws_idx=1 repo_root=/Users/vince/Documents/projects/ramverk branch="worktree/green-stone-40b3" checkout_path=/Users/vince/.herdr/worktrees/ramverk/worktree-green-stone-40b3
2026-08-04T20:00:51.249686Z  INFO herdr::logging: workspace closed event="workspace.close" subsystem="workspace" outcome="ok" workspace_id="w3"
2026-08-04T20:00:51.264574Z  INFO herdr::logging: pane child exited event="pane.exit" subsystem="pane" outcome="completed" pane_id=7 status="ExitStatus { code: 1, signal: None }"
2026-08-04T20:00:51.280821Z  INFO herdr::pane: pane session terminated pane=7 pid=67795 signal=Hangup
2026-08-04T20:00:51.285513Z  INFO herdr::logging: pane child exited event="pane.exit" subsystem="pane" outcome="completed" pane_id=17 status="ExitStatus { code: 1, signal: None }"
2026-08-04T20:00:51.302175Z  INFO herdr::pane: pane session terminated pane=17 pid=80189 signal=Hangup
2026-08-04T20:00:51.318122Z  INFO herdr::logging: pane child exited event="pane.exit" subsystem="pane" outcome="completed" pane_id=25 status="ExitStatus { code: 1, signal: None }"
2026-08-04T20:00:51.352005Z  INFO herdr::pane: pane session terminated pane=25 pid=81073 signal=Hangup
2026-08-04T20:00:51.356202Z  INFO herdr::logging: pane child exited event="pane.exit" subsystem="pane" outcome="completed" pane_id=26 status="ExitStatus { code: 1, signal: None }"
2026-08-04T20:00:51.377485Z  INFO herdr::pane: pane session terminated pane=26 pid=81161 signal=Hangup
2026-08-04T20:00:51.377895Z  WARN herdr::app::actions: PaneDied for unknown pane pane=7
2026-08-04T20:00:51.377907Z  WARN herdr::app::actions: PaneDied for unknown pane pane=17
2026-08-04T20:00:51.377912Z  WARN herdr::app::actions: PaneDied for unknown pane pane=25
2026-08-04T20:00:51.377916Z  WARN herdr::app::actions: PaneDied for unknown pane pane=26
2026-08-04T20:00:54.160750Z  INFO herdr::logging: spawning pane terminal event="pane.spawn.start" subsystem="pane" outcome="started" pane_id=53 rows=47 cols=145 scrollback_limit_bytes=10000000
2026-08-04T20:00:54.172997Z  INFO herdr::logging: pane child spawned event="pane.spawned" subsystem="pane" outcome="ok" pane_id=53 pid=25148
2026-08-04T20:00:56.264716Z  INFO herdr::logging: pane child exited event="pane.exit" subsystem="pane" outcome="completed" pane_id=53 status="ExitStatus { code: 0, signal: None }"
2026-08-04T20:00:56.265773Z  INFO herdr::pane: pane session terminated pane=53 pid=25148 signal=Hangup
2026-08-04T20:00:56.385879Z  INFO herdr::logging: session saved event="persist.save" subsystem="persist" outcome="ok" path=/Users/vince/.config/herdr/session.json workspaces=2
2026-08-04T20:00:58.287048Z  INFO herdr::logging: spawning pane terminal event="pane.spawn.start" subsystem="pane" outcome="started" pane_id=54 rows=47 cols=145 scrollback_limit_bytes=10000000
2026-08-04T20:00:58.296714Z  INFO herdr::logging: pane child spawned event="pane.spawned" subsystem="pane" outcome="ok" pane_id=54 pid=25174
2026-08-04T20:00:59.822203Z  INFO herdr::logging: api request received event="api.request.start" subsystem="api" outcome="started" request_id="cli:workspace:create" method="workspace.create" changes_ui=true
2026-08-04T20:00:59.822595Z  INFO herdr::logging: spawning pane terminal event="pane.spawn.start" subsystem="pane" outcome="started" pane_id=55 rows=62 cols=185 scrollback_limit_bytes=10000000
2026-08-04T20:00:59.830969Z  INFO herdr::logging: pane child spawned event="pane.spawned" subsystem="pane" outcome="ok" pane_id=55 pid=25196
2026-08-04T20:00:59.831432Z  INFO herdr::logging: workspace created event="workspace.create" subsystem="workspace" outcome="ok" workspace_id="wA" pane_id=55
2026-08-04T20:00:59.831445Z  INFO herdr::logging: workspace focused event="workspace.focus" subsystem="workspace" outcome="ok" workspace_id="wA"
2026-08-04T20:00:59.831509Z  INFO herdr::logging: tab focused event="tab.focus" subsystem="tab" outcome="ok" workspace_id="wA" tab_id="wA:t1"
2026-08-04T20:00:59.831526Z  INFO herdr::logging: workspace renamed event="workspace.rename" subsystem="workspace" outcome="ok" workspace_id="wA"
2026-08-04T20:00:59.832404Z  INFO herdr::logging: api request completed event="api.request.complete" subsystem="api" outcome="ok" request_id="cli:workspace:create" method="workspace.create"
2026-08-04T20:00:59.833479Z  INFO herdr::logging: pane child exited event="pane.exit" subsystem="pane" outcome="completed" pane_id=54 status="ExitStatus { code: 0, signal: None }"
2026-08-04T20:00:59.838097Z  INFO herdr::pane: pane session terminated pane=54 pid=25174 signal=Hangup
2026-08-04T20:01:03.454272Z  INFO herdr::logging: spawning pane terminal event="pane.spawn.start" subsystem="pane" outcome="started" pane_id=56 rows=62 cols=185 scrollback_limit_bytes=10000000
2026-08-04T20:01:03.469534Z  INFO herdr::logging: pane child spawned event="pane.spawned" subsystem="pane" outcome="ok" pane_id=56 pid=25267
2026-08-04T20:01:03.470691Z  INFO herdr::logging: tab focused event="tab.focus" subsystem="tab" outcome="ok" workspace_id="wA" tab_id="wA:t2"
2026-08-04T20:01:03.791723Z  INFO herdr::logging: spawning pane terminal event="pane.spawn.start" subsystem="pane" outcome="started" pane_id=57 rows=62 cols=185 scrollback_limit_bytes=10000000
2026-08-04T20:01:03.795676Z  INFO herdr::logging: pane child spawned event="pane.spawned" subsystem="pane" outcome="ok" pane_id=57 pid=25329
2026-08-04T20:01:03.795860Z  INFO herdr::logging: tab focused event="tab.focus" subsystem="tab" outcome="ok" workspace_id="wA" tab_id="wA:t3"
2026-08-04T20:01:04.475732Z  INFO herdr::logging: spawning pane terminal event="pane.spawn.start" subsystem="pane" outcome="started" pane_id=58 rows=62 cols=185 scrollback_limit_bytes=10000000
2026-08-04T20:01:04.493055Z  INFO herdr::logging: pane child spawned event="pane.spawned" subsystem="pane" outcome="ok" pane_id=58 pid=25398
2026-08-04T20:01:04.493449Z  INFO herdr::logging: tab focused event="tab.focus" subsystem="tab" outcome="ok" workspace_id="wA" tab_id="wA:t4"
2026-08-04T20:01:07.062118Z  INFO herdr::pane: agent changed pane=58 previous_agent=None agent=Some(Codex) process=codex pgid=Some(25471)
2026-08-04T20:01:08.533732Z  INFO herdr::logging: api request received event="api.request.start" subsystem="api" outcome="started" request_id="cli:tab:focus" method="tab.focus" changes_ui=true
2026-08-04T20:01:08.533854Z  INFO herdr::logging: tab focused event="tab.focus" subsystem="tab" outcome="ok" workspace_id="wA" tab_id="wA:t3"
2026-08-04T20:01:08.533897Z  INFO herdr::logging: api request completed event="api.request.complete" subsystem="api" outcome="ok" request_id="cli:tab:focus" method="tab.focus"
2026-08-04T20:01:13.541574Z  INFO herdr::logging: session saved event="persist.save" subsystem="persist" outcome="ok" path=/Users/vince/.config/herdr/session.json workspaces=3
2026-08-04T20:01:21.977975Z  INFO herdr::logging: api request received event="api.request.start" subsystem="api" outcome="started" request_id="cli:tab:focus" method="tab.focus" changes_ui=true
2026-08-04T20:01:21.978387Z  INFO herdr::logging: tab focused event="tab.focus" subsystem="tab" outcome="ok" workspace_id="wA" tab_id="wA:t2"
2026-08-04T20:01:21.978959Z  INFO herdr::logging: api request completed event="api.request.complete" subsystem="api" outcome="ok" request_id="cli:tab:focus" method="tab.focus"
2026-08-04T20:01:23.086189Z  INFO herdr::logging: api request received event="api.request.start" subsystem="api" outcome="started" request_id="cli:tab:focus" method="tab.focus" changes_ui=true
2026-08-04T20:01:23.086305Z  INFO herdr::logging: tab focused event="tab.focus" subsystem="tab" outcome="ok" workspace_id="wA" tab_id="wA:t1"
2026-08-04T20:01:23.086356Z  INFO herdr::logging: api request completed event="api.request.complete" subsystem="api" outcome="ok" request_id="cli:tab:focus" method="tab.focus"
2026-08-04T20:01:28.096830Z  INFO herdr::logging: session saved event="persist.save" subsystem="persist" outcome="ok" path=/Users/vince/.config/herdr/session.json workspaces=3
2026-08-04T20:08:00.226780Z  INFO herdr::logging: api request received event="api.request.start" subsystem="api" outcome="started" request_id="cli:tab:focus" method="tab.focus" changes_ui=true
2026-08-04T20:08:00.227052Z  INFO herdr::logging: tab focused event="tab.focus" subsystem="tab" outcome="ok" workspace_id="wA" tab_id="wA:t2"
2026-08-04T20:08:00.227081Z  INFO herdr::logging: api request completed event="api.request.complete" subsystem="api" outcome="ok" request_id="cli:tab:focus" method="tab.focus"
2026-08-04T20:08:00.702091Z  INFO herdr::logging: api request received event="api.request.start" subsystem="api" outcome="started" request_id="cli:tab:focus" method="tab.focus" changes_ui=true
2026-08-04T20:08:00.702238Z  INFO herdr::logging: tab focused event="tab.focus" subsystem="tab" outcome="ok" workspace_id="wA" tab_id="wA:t3"
2026-08-04T20:08:00.702321Z  INFO herdr::logging: api request completed event="api.request.complete" subsystem="api" outcome="ok" request_id="cli:tab:focus" method="tab.focus"
2026-08-04T20:08:01.169675Z  INFO herdr::logging: api request received event="api.request.start" subsystem="api" outcome="started" request_id="cli:tab:focus" method="tab.focus" changes_ui=true
2026-08-04T20:08:01.169783Z  INFO herdr::logging: tab focused event="tab.focus" subsystem="tab" outcome="ok" workspace_id="wA" tab_id="wA:t4"
2026-08-04T20:08:01.169827Z  INFO herdr::logging: api request completed event="api.request.complete" subsystem="api" outcome="ok" request_id="cli:tab:focus" method="tab.focus"
2026-08-04T20:08:06.181343Z  INFO herdr::logging: session saved event="persist.save" subsystem="persist" outcome="ok" path=/Users/vince/.config/herdr/session.json workspaces=3
2026-08-04T20:08:53.491423Z  INFO herdr::logging: api request received event="api.request.start" subsystem="api" outcome="started" request_id="cli:tab:focus" method="tab.focus" changes_ui=true
2026-08-04T20:08:53.491539Z  INFO herdr::logging: tab focused event="tab.focus" subsystem="tab" outcome="ok" workspace_id="wA" tab_id="wA:t1"
2026-08-04T20:08:53.491582Z  INFO herdr::logging: api request completed event="api.request.complete" subsystem="api" outcome="ok" request_id="cli:tab:focus" method="tab.focus"
2026-08-04T20:08:53.888711Z  INFO herdr::logging: api request received event="api.request.start" subsystem="api" outcome="started" request_id="cli:tab:focus" method="tab.focus" changes_ui=true
2026-08-04T20:08:53.888832Z  INFO herdr::logging: tab focused event="tab.focus" subsystem="tab" outcome="ok" workspace_id="wA" tab_id="wA:t2"
2026-08-04T20:08:53.888882Z  INFO herdr::logging: api request completed event="api.request.complete" subsystem="api" outcome="ok" request_id="cli:tab:focus" method="tab.focus"
2026-08-04T20:08:54.121655Z  INFO herdr::logging: api request received event="api.request.start" subsystem="api" outcome="started" request_id="cli:tab:focus" method="tab.focus" changes_ui=true
2026-08-04T20:08:54.121766Z  INFO herdr::logging: tab focused event="tab.focus" subsystem="tab" outcome="ok" workspace_id="wA" tab_id="wA:t3"
2026-08-04T20:08:54.121818Z  INFO herdr::logging: api request completed event="api.request.complete" subsystem="api" outcome="ok" request_id="cli:tab:focus" method="tab.focus"
2026-08-04T20:08:54.335373Z  INFO herdr::logging: api request received event="api.request.start" subsystem="api" outcome="started" request_id="cli:tab:focus" method="tab.focus" changes_ui=true
2026-08-04T20:08:54.335515Z  INFO herdr::logging: tab focused event="tab.focus" subsystem="tab" outcome="ok" workspace_id="wA" tab_id="wA:t4"
2026-08-04T20:08:54.335570Z  INFO herdr::logging: api request completed event="api.request.complete" subsystem="api" outcome="ok" request_id="cli:tab:focus" method="tab.focus"
2026-08-04T20:08:59.341547Z  INFO herdr::logging: session saved event="persist.save" subsystem="persist" outcome="ok" path=/Users/vince/.config/herdr/session.json workspaces=3
2026-08-04T20:09:08.891404Z  INFO herdr::logging: tab focused event="tab.focus" subsystem="tab" outcome="ok" workspace_id="wA" tab_id="wA:t1"
2026-08-04T20:09:13.896054Z  INFO herdr::logging: session saved event="persist.save" subsystem="persist" outcome="ok" path=/Users/vince/.config/herdr/session.json workspaces=3
2026-08-04T20:09:13.934540Z  INFO herdr::logging: api request received event="api.request.start" subsystem="api" outcome="started" request_id="cli:tab:focus" method="tab.focus" changes_ui=true
2026-08-04T20:09:13.934649Z  INFO herdr::logging: tab focused event="tab.focus" subsystem="tab" outcome="ok" workspace_id="wA" tab_id="wA:t2"
2026-08-04T20:09:13.934700Z  INFO herdr::logging: api request completed event="api.request.complete" subsystem="api" outcome="ok" request_id="cli:tab:focus" method="tab.focus"
2026-08-04T20:09:18.945146Z  INFO herdr::logging: session saved event="persist.save" subsystem="persist" outcome="ok" path=/Users/vince/.config/herdr/session.json workspaces=3
2026-08-04T20:09:49.568750Z  INFO herdr::logging: tab focused event="tab.focus" subsystem="tab" outcome="ok" workspace_id="wA" tab_id="wA:t3"
2026-08-04T20:09:50.083506Z  INFO herdr::logging: tab focused event="tab.focus" subsystem="tab" outcome="ok" workspace_id="wA" tab_id="wA:t4"
2026-08-04T20:09:55.093445Z  INFO herdr::logging: session saved event="persist.save" subsystem="persist" outcome="ok" path=/Users/vince/.config/herdr/session.json workspaces=3
2026-08-04T20:14:23.697756Z  INFO herdr::server::headless: client connected client_id=52 cols=80 rows=24 cell_width_px=0 cell_height_px=0 render_encoding=SemanticFrame
2026-08-04T20:14:23.756197Z  INFO herdr::server::headless: client disconnected client_id=52
2026-08-04T20:14:26.365462Z  INFO herdr::server::headless: client resize client_id=26 cols=104 rows=63 cell_width_px=0 cell_height_px=0
2026-08-04T20:16:25.973920Z  INFO herdr::server::headless: client resize client_id=26 cols=211 rows=63 cell_width_px=0 cell_height_px=0
2026-08-04T20:16:36.851529Z  INFO herdr::pane: agent changed pane=58 previous_agent=Some(Codex) agent=None pgid=Some(25398)
2026-08-04T20:16:41.389286Z  INFO herdr::pane: agent changed pane=58 previous_agent=None agent=Some(Codex) process=codex pgid=Some(31517)
2026-08-04T20:17:02.372724Z  INFO herdr::pane: agent changed pane=58 previous_agent=Some(Codex) agent=None pgid=Some(25398)
2026-08-04T20:17:04.901574Z  INFO herdr::pane: agent changed pane=58 previous_agent=None agent=Some(Codex) process=codex pgid=Some(32588)
2026-08-04T20:18:24.359603Z  INFO herdr::logging: tab focused event="tab.focus" subsystem="tab" outcome="ok" workspace_id="wA" tab_id="wA:t3"
2026-08-04T20:18:29.370001Z  INFO herdr::logging: session saved event="persist.save" subsystem="persist" outcome="ok" path=/Users/vince/.config/herdr/session.json workspaces=3
2026-08-04T20:19:20.983298Z  INFO herdr::logging: api request received event="api.request.start" subsystem="api" outcome="started" request_id="cli:tab:focus" method="tab.focus" changes_ui=true
2026-08-04T20:19:20.983578Z  INFO herdr::logging: tab focused event="tab.focus" subsystem="tab" outcome="ok" workspace_id="wA" tab_id="wA:t2"
2026-08-04T20:19:20.983604Z  INFO herdr::logging: api request completed event="api.request.complete" subsystem="api" outcome="ok" request_id="cli:tab:focus" method="tab.focus"
2026-08-04T20:19:25.985584Z  INFO herdr::logging: session saved event="persist.save" subsystem="persist" outcome="ok" path=/Users/vince/.config/herdr/session.json workspaces=3
2026-08-04T20:20:56.403693Z  INFO herdr::server::headless: client resize client_id=26 cols=144 rows=63 cell_width_px=0 cell_height_px=0
2026-08-04T20:20:56.506450Z  INFO herdr::server::headless: client resize client_id=26 cols=104 rows=63 cell_width_px=0 cell_height_px=0
2026-08-04T20:20:58.511832Z  INFO herdr::server::headless: client resize client_id=26 cols=211 rows=63 cell_width_px=0 cell_height_px=0
2026-08-04T20:21:04.636502Z  INFO herdr::server::headless: client resize client_id=26 cols=104 rows=63 cell_width_px=0 cell_height_px=0
2026-08-04T20:21:13.079045Z  INFO herdr::server::headless: client resize client_id=26 cols=211 rows=63 cell_width_px=0 cell_height_px=0
2026-08-04T20:24:31.240703Z  INFO herdr::logging: tab focused event="tab.focus" subsystem="tab" outcome="ok" workspace_id="wA" tab_id="wA:t4"
2026-08-04T20:24:36.277364Z  INFO herdr::logging: session saved event="persist.save" subsystem="persist" outcome="ok" path=/Users/vince/.config/herdr/session.json workspaces=3
2026-08-04T20:25:12.676104Z  INFO herdr::logging: tab focused event="tab.focus" subsystem="tab" outcome="ok" workspace_id="wA" tab_id="wA:t1"
2026-08-04T20:25:17.678254Z  INFO herdr::logging: session saved event="persist.save" subsystem="persist" outcome="ok" path=/Users/vince/.config/herdr/session.json workspaces=3
2026-08-04T20:26:00.841448Z  INFO herdr::logging: workspace focused event="workspace.focus" subsystem="workspace" outcome="ok" workspace_id="wA"
2026-08-04T20:26:00.841778Z  INFO herdr::logging: tab focused event="tab.focus" subsystem="tab" outcome="ok" workspace_id="wA" tab_id="wA:t1"
2026-08-04T20:26:02.878143Z  INFO herdr::logging: tab focused event="tab.focus" subsystem="tab" outcome="ok" workspace_id="wA" tab_id="wA:t4"
2026-08-04T20:26:07.888100Z  INFO herdr::logging: session saved event="persist.save" subsystem="persist" outcome="ok" path=/Users/vince/.config/herdr/session.json workspaces=3
2026-08-04T20:31:37.315865Z  INFO herdr::logging: tab focused event="tab.focus" subsystem="tab" outcome="ok" workspace_id="wA" tab_id="wA:t1"
2026-08-04T20:31:42.320431Z  INFO herdr::logging: session saved event="persist.save" subsystem="persist" outcome="ok" path=/Users/vince/.config/herdr/session.json workspaces=3
2026-08-04T20:32:27.832627Z  INFO herdr::logging: tab focused event="tab.focus" subsystem="tab" outcome="ok" workspace_id="wA" tab_id="wA:t4"
2026-08-04T20:32:32.845588Z  INFO herdr::logging: session saved event="persist.save" subsystem="persist" outcome="ok" path=/Users/vince/.config/herdr/session.json workspaces=3
2026-08-04T20:32:38.781637Z  INFO herdr::server::headless: client resize client_id=26 cols=104 rows=63 cell_width_px=0 cell_height_px=0
2026-08-04T20:33:16.140668Z  INFO herdr::server::headless: client resize client_id=26 cols=211 rows=63 cell_width_px=0 cell_height_px=0
2026-08-04T20:34:04.539343Z  INFO herdr::logging: tab focused event="tab.focus" subsystem="tab" outcome="ok" workspace_id="wA" tab_id="wA:t1"
2026-08-04T20:34:09.545385Z  INFO herdr::logging: session saved event="persist.save" subsystem="persist" outcome="ok" path=/Users/vince/.config/herdr/session.json workspaces=3
2026-08-04T20:37:19.265016Z  INFO herdr::logging: tab focused event="tab.focus" subsystem="tab" outcome="ok" workspace_id="wA" tab_id="wA:t4"
2026-08-04T20:37:24.281754Z  INFO herdr::logging: session saved event="persist.save" subsystem="persist" outcome="ok" path=/Users/vince/.config/herdr/session.json workspaces=3
2026-08-04T20:37:26.809796Z  INFO herdr::pane: agent changed pane=58 previous_agent=Some(Codex) agent=None pgid=Some(25398)
2026-08-04T20:37:27.824130Z  INFO herdr::pane: agent changed pane=58 previous_agent=None agent=Some(Codex) process=codex pgid=Some(40107)
2026-08-04T20:37:41.347012Z  INFO herdr::app::actions: copied selection to clipboard
2026-08-04T20:37:47.735597Z  INFO herdr::server::headless: client resize client_id=26 cols=104 rows=63 cell_width_px=0 cell_height_px=0
2026-08-04T20:38:10.172456Z  INFO herdr::server::headless: client resize client_id=26 cols=211 rows=63 cell_width_px=0 cell_height_px=0
2026-08-04T20:38:19.978996Z  INFO herdr::logging: tab focused event="tab.focus" subsystem="tab" outcome="ok" workspace_id="wA" tab_id="wA:t2"
2026-08-04T20:38:20.560619Z  INFO herdr::logging: tab focused event="tab.focus" subsystem="tab" outcome="ok" workspace_id="wA" tab_id="wA:t3"
2026-08-04T20:38:21.133065Z  INFO herdr::logging: tab focused event="tab.focus" subsystem="tab" outcome="ok" workspace_id="wA" tab_id="wA:t1"
2026-08-04T20:38:26.146621Z  INFO herdr::logging: session saved event="persist.save" subsystem="persist" outcome="ok" path=/Users/vince/.config/herdr/session.json workspaces=3
2026-08-04T20:46:01.308872Z  INFO herdr::logging: tab focused event="tab.focus" subsystem="tab" outcome="ok" workspace_id="wA" tab_id="wA:t4"
2026-08-04T20:46:06.333878Z  INFO herdr::logging: session saved event="persist.save" subsystem="persist" outcome="ok" path=/Users/vince/.config/herdr/session.json workspaces=3
2026-08-04T20:50:13.529220Z  INFO herdr::logging: tab focused event="tab.focus" subsystem="tab" outcome="ok" workspace_id="wA" tab_id="wA:t1"
2026-08-04T20:50:18.551569Z  INFO herdr::logging: session saved event="persist.save" subsystem="persist" outcome="ok" path=/Users/vince/.config/herdr/session.json workspaces=3
2026-08-04T20:50:25.946150Z  INFO herdr::logging: tab focused event="tab.focus" subsystem="tab" outcome="ok" workspace_id="wA" tab_id="wA:t4"
2026-08-04T20:50:30.962873Z  INFO herdr::logging: session saved event="persist.save" subsystem="persist" outcome="ok" path=/Users/vince/.config/herdr/session.json workspaces=3
2026-08-04T20:54:57.338754Z  INFO herdr::app::actions: copied selection to clipboard
2026-08-04T21:07:02.100225Z  INFO herdr::app::actions: copied selection to clipboard
2026-08-04T21:07:19.139264Z  INFO herdr::app::actions: copied selection to clipboard
2026-08-04T21:07:21.839717Z  INFO herdr::app::actions: copied selection to clipboard
2026-08-04T21:07:24.418050Z  INFO herdr::app::actions: copied selection to clipboard
2026-08-04T21:07:26.637689Z  INFO herdr::logging: api request received event="api.request.start" subsystem="api" outcome="started" request_id="cli:tab:focus" method="tab.focus" changes_ui=true
2026-08-04T21:07:26.637813Z  INFO herdr::logging: tab focused event="tab.focus" subsystem="tab" outcome="ok" workspace_id="wA" tab_id="wA:t1"
2026-08-04T21:07:26.637853Z  INFO herdr::logging: api request completed event="api.request.complete" subsystem="api" outcome="ok" request_id="cli:tab:focus" method="tab.focus"
2026-08-04T21:07:27.054261Z  INFO herdr::logging: api request received event="api.request.start" subsystem="api" outcome="started" request_id="cli:tab:focus" method="tab.focus" changes_ui=true
2026-08-04T21:07:27.054380Z  INFO herdr::logging: tab focused event="tab.focus" subsystem="tab" outcome="ok" workspace_id="wA" tab_id="wA:t2"
2026-08-04T21:07:27.054429Z  INFO herdr::logging: api request completed event="api.request.complete" subsystem="api" outcome="ok" request_id="cli:tab:focus" method="tab.focus"
2026-08-04T21:07:27.125124Z  INFO herdr::logging: api request received event="api.request.start" subsystem="api" outcome="started" request_id="cli:tab:focus" method="tab.focus" changes_ui=true
2026-08-04T21:07:27.125221Z  INFO herdr::logging: tab focused event="tab.focus" subsystem="tab" outcome="ok" workspace_id="wA" tab_id="wA:t3"
2026-08-04T21:07:27.125258Z  INFO herdr::logging: api request completed event="api.request.complete" subsystem="api" outcome="ok" request_id="cli:tab:focus" method="tab.focus"
2026-08-04T21:07:27.598605Z  INFO herdr::logging: api request received event="api.request.start" subsystem="api" outcome="started" request_id="cli:tab:focus" method="tab.focus" changes_ui=true
2026-08-04T21:07:27.598721Z  INFO herdr::logging: tab focused event="tab.focus" subsystem="tab" outcome="ok" workspace_id="wA" tab_id="wA:t4"
2026-08-04T21:07:27.598770Z  INFO herdr::logging: api request completed event="api.request.complete" subsystem="api" outcome="ok" request_id="cli:tab:focus" method="tab.focus"
2026-08-04T21:07:27.874646Z  INFO herdr::logging: api request received event="api.request.start" subsystem="api" outcome="started" request_id="cli:tab:focus" method="tab.focus" changes_ui=true
2026-08-04T21:07:27.874730Z  INFO herdr::logging: tab focused event="tab.focus" subsystem="tab" outcome="ok" workspace_id="wA" tab_id="wA:t1"
2026-08-04T21:07:27.874766Z  INFO herdr::logging: api request completed event="api.request.complete" subsystem="api" outcome="ok" request_id="cli:tab:focus" method="tab.focus"
2026-08-04T21:07:27.986038Z  INFO herdr::logging: api request received event="api.request.start" subsystem="api" outcome="started" request_id="cli:tab:focus" method="tab.focus" changes_ui=true
2026-08-04T21:07:27.986142Z  INFO herdr::logging: tab focused event="tab.focus" subsystem="tab" outcome="ok" workspace_id="wA" tab_id="wA:t2"
2026-08-04T21:07:27.986175Z  INFO herdr::logging: api request completed event="api.request.complete" subsystem="api" outcome="ok" request_id="cli:tab:focus" method="tab.focus"
2026-08-04T21:07:28.110399Z  INFO herdr::logging: api request received event="api.request.start" subsystem="api" outcome="started" request_id="cli:tab:focus" method="tab.focus" changes_ui=true
2026-08-04T21:07:28.110527Z  INFO herdr::logging: tab focused event="tab.focus" subsystem="tab" outcome="ok" workspace_id="wA" tab_id="wA:t3"
2026-08-04T21:07:28.110572Z  INFO herdr::logging: api request completed event="api.request.complete" subsystem="api" outcome="ok" request_id="cli:tab:focus" method="tab.focus"
2026-08-04T21:07:28.338958Z  INFO herdr::logging: api request received event="api.request.start" subsystem="api" outcome="started" request_id="cli:tab:focus" method="tab.focus" changes_ui=true
2026-08-04T21:07:28.339077Z  INFO herdr::logging: tab focused event="tab.focus" subsystem="tab" outcome="ok" workspace_id="wA" tab_id="wA:t4"
2026-08-04T21:07:28.339123Z  INFO herdr::logging: api request completed event="api.request.complete" subsystem="api" outcome="ok" request_id="cli:tab:focus" method="tab.focus"
2026-08-04T21:07:28.522387Z  INFO herdr::logging: api request received event="api.request.start" subsystem="api" outcome="started" request_id="cli:tab:focus" method="tab.focus" changes_ui=true
2026-08-04T21:07:28.522512Z  INFO herdr::logging: tab focused event="tab.focus" subsystem="tab" outcome="ok" workspace_id="wA" tab_id="wA:t1"
2026-08-04T21:07:28.522580Z  INFO herdr::logging: api request completed event="api.request.complete" subsystem="api" outcome="ok" request_id="cli:tab:focus" method="tab.focus"
2026-08-04T21:07:28.617965Z  INFO herdr::logging: api request received event="api.request.start" subsystem="api" outcome="started" request_id="cli:tab:focus" method="tab.focus" changes_ui=true
2026-08-04T21:07:28.618072Z  INFO herdr::logging: tab focused event="tab.focus" subsystem="tab" outcome="ok" workspace_id="wA" tab_id="wA:t2"
2026-08-04T21:07:28.618106Z  INFO herdr::logging: api request completed event="api.request.complete" subsystem="api" outcome="ok" request_id="cli:tab:focus" method="tab.focus"
2026-08-04T21:07:28.701263Z  INFO herdr::logging: api request received event="api.request.start" subsystem="api" outcome="started" request_id="cli:tab:focus" method="tab.focus" changes_ui=true
2026-08-04T21:07:28.701356Z  INFO herdr::logging: tab focused event="tab.focus" subsystem="tab" outcome="ok" workspace_id="wA" tab_id="wA:t3"
2026-08-04T21:07:28.701387Z  INFO herdr::logging: api request completed event="api.request.complete" subsystem="api" outcome="ok" request_id="cli:tab:focus" method="tab.focus"
2026-08-04T21:07:28.964849Z  INFO herdr::logging: api request received event="api.request.start" subsystem="api" outcome="started" request_id="cli:tab:focus" method="tab.focus" changes_ui=true
2026-08-04T21:07:28.964947Z  INFO herdr::logging: tab focused event="tab.focus" subsystem="tab" outcome="ok" workspace_id="wA" tab_id="wA:t4"
2026-08-04T21:07:28.964982Z  INFO herdr::logging: api request completed event="api.request.complete" subsystem="api" outcome="ok" request_id="cli:tab:focus" method="tab.focus"
2026-08-04T21:07:29.485522Z  INFO herdr::logging: api request received event="api.request.start" subsystem="api" outcome="started" request_id="cli:tab:focus" method="tab.focus" changes_ui=true
2026-08-04T21:07:29.485635Z  INFO herdr::logging: tab focused event="tab.focus" subsystem="tab" outcome="ok" workspace_id="wA" tab_id="wA:t2"
2026-08-04T21:07:29.485682Z  INFO herdr::logging: api request completed event="api.request.complete" subsystem="api" outcome="ok" request_id="cli:tab:focus" method="tab.focus"
2026-08-04T21:07:34.488159Z  INFO herdr::logging: session saved event="persist.save" subsystem="persist" outcome="ok" path=/Users/vince/.config/herdr/session.json workspaces=3
2026-08-04T21:08:03.060636Z  INFO herdr::logging: tab focused event="tab.focus" subsystem="tab" outcome="ok" workspace_id="wA" tab_id="wA:t1"
2026-08-04T21:08:08.063576Z  INFO herdr::logging: session saved event="persist.save" subsystem="persist" outcome="ok" path=/Users/vince/.config/herdr/session.json workspaces=3
2026-08-04T21:09:47.528814Z  INFO herdr::logging: tab focused event="tab.focus" subsystem="tab" outcome="ok" workspace_id="wA" tab_id="wA:t4"
2026-08-04T21:09:52.535736Z  INFO herdr::logging: session saved event="persist.save" subsystem="persist" outcome="ok" path=/Users/vince/.config/herdr/session.json workspaces=3
2026-08-04T22:36:31.735294Z  INFO herdr::app::actions: copied selection to clipboard
2026-08-04T22:36:34.421328Z  INFO herdr::app::actions: copied selection to clipboard
2026-08-04T22:36:38.335901Z  INFO herdr::app::actions: copied selection to clipboard
2026-08-04T22:36:48.923769Z  INFO herdr::app::actions: copied selection to clipboard
2026-08-04T22:44:14.768027Z  INFO herdr::logging: tab focused event="tab.focus" subsystem="tab" outcome="ok" workspace_id="wA" tab_id="wA:t1"
2026-08-04T22:44:19.786188Z  INFO herdr::logging: session saved event="persist.save" subsystem="persist" outcome="ok" path=/Users/vince/.config/herdr/session.json workspaces=3
2026-08-04T22:44:32.321218Z  INFO herdr::logging: tab focused event="tab.focus" subsystem="tab" outcome="ok" workspace_id="wA" tab_id="wA:t4"
2026-08-04T22:44:37.351993Z  INFO herdr::logging: session saved event="persist.save" subsystem="persist" outcome="ok" path=/Users/vince/.config/herdr/session.json workspaces=3
2026-08-04T23:05:56.554771Z  INFO herdr::app::actions: copied selection to clipboard
2026-08-04T23:05:58.738741Z  INFO herdr::app::actions: copied selection to clipboard
2026-08-04T23:06:13.942046Z  INFO herdr::logging: api request received event="api.request.start" subsystem="api" outcome="started" request_id="cli:tab:focus" method="tab.focus" changes_ui=true
2026-08-04T23:06:13.942364Z  INFO herdr::logging: tab focused event="tab.focus" subsystem="tab" outcome="ok" workspace_id="wA" tab_id="wA:t1"
2026-08-04T23:06:13.942397Z  INFO herdr::logging: api request completed event="api.request.complete" subsystem="api" outcome="ok" request_id="cli:tab:focus" method="tab.focus"
2026-08-04T23:06:18.390486Z  INFO herdr::logging: api request received event="api.request.start" subsystem="api" outcome="started" request_id="cli:tab:focus" method="tab.focus" changes_ui=true
2026-08-04T23:06:18.390624Z  INFO herdr::logging: tab focused event="tab.focus" subsystem="tab" outcome="ok" workspace_id="wA" tab_id="wA:t2"
2026-08-04T23:06:18.390688Z  INFO herdr::logging: api request completed event="api.request.complete" subsystem="api" outcome="ok" request_id="cli:tab:focus" method="tab.focus"
2026-08-04T23:06:23.400658Z  INFO herdr::logging: session saved event="persist.save" subsystem="persist" outcome="ok" path=/Users/vince/.config/herdr/session.json workspaces=3
2026-08-04T23:06:34.750242Z  INFO herdr::logging: api request received event="api.request.start" subsystem="api" outcome="started" request_id="cli:tab:focus" method="tab.focus" changes_ui=true
2026-08-04T23:06:34.750547Z  INFO herdr::logging: tab focused event="tab.focus" subsystem="tab" outcome="ok" workspace_id="wA" tab_id="wA:t4"
2026-08-04T23:06:34.750585Z  INFO herdr::logging: api request completed event="api.request.complete" subsystem="api" outcome="ok" request_id="cli:tab:focus" method="tab.focus"
2026-08-04T23:06:35.533012Z  INFO herdr::logging: api request received event="api.request.start" subsystem="api" outcome="started" request_id="cli:tab:focus" method="tab.focus" changes_ui=true
2026-08-04T23:06:35.533123Z  INFO herdr::logging: tab focused event="tab.focus" subsystem="tab" outcome="ok" workspace_id="wA" tab_id="wA:t1"
2026-08-04T23:06:35.533170Z  INFO herdr::logging: api request completed event="api.request.complete" subsystem="api" outcome="ok" request_id="cli:tab:focus" method="tab.focus"
2026-08-04T23:06:40.537493Z  INFO herdr::logging: session saved event="persist.save" subsystem="persist" outcome="ok" path=/Users/vince/.config/herdr/session.json workspaces=3
2026-08-04T23:06:55.416237Z  INFO herdr::logging: api request received event="api.request.start" subsystem="api" outcome="started" request_id="cli:tab:focus" method="tab.focus" changes_ui=true
2026-08-04T23:06:55.416512Z  INFO herdr::logging: tab focused event="tab.focus" subsystem="tab" outcome="ok" workspace_id="wA" tab_id="wA:t4"
2026-08-04T23:06:55.416535Z  INFO herdr::logging: api request completed event="api.request.complete" subsystem="api" outcome="ok" request_id="cli:tab:focus" method="tab.focus"
2026-08-04T23:06:59.071390Z  INFO herdr::app::actions: copied selection to clipboard
2026-08-04T23:07:00.425227Z  INFO herdr::logging: session saved event="persist.save" subsystem="persist" outcome="ok" path=/Users/vince/.config/herdr/session.json workspaces=3
2026-08-04T23:07:18.479324Z  INFO herdr::logging: api request received event="api.request.start" subsystem="api" outcome="started" request_id="cli:tab:focus" method="tab.focus" changes_ui=true
2026-08-04T23:07:18.479449Z  INFO herdr::logging: tab focused event="tab.focus" subsystem="tab" outcome="ok" workspace_id="wA" tab_id="wA:t1"
2026-08-04T23:07:18.479517Z  INFO herdr::logging: api request completed event="api.request.complete" subsystem="api" outcome="ok" request_id="cli:tab:focus" method="tab.focus"
2026-08-04T23:07:22.798739Z  INFO herdr::logging: tab focused event="tab.focus" subsystem="tab" outcome="ok" workspace_id="wA" tab_id="wA:t4"
2026-08-04T23:07:27.805417Z  INFO herdr::logging: session saved event="persist.save" subsystem="persist" outcome="ok" path=/Users/vince/.config/herdr/session.json workspaces=3
2026-08-04T23:07:32.486672Z  INFO herdr::logging: tab focused event="tab.focus" subsystem="tab" outcome="ok" workspace_id="wA" tab_id="wA:t1"
2026-08-04T23:07:37.508797Z  INFO herdr::logging: session saved event="persist.save" subsystem="persist" outcome="ok" path=/Users/vince/.config/herdr/session.json workspaces=3
2026-08-04T23:07:54.879168Z  INFO herdr::logging: api request received event="api.request.start" subsystem="api" outcome="started" request_id="cli:tab:focus" method="tab.focus" changes_ui=true
2026-08-04T23:07:54.879455Z  INFO herdr::logging: tab focused event="tab.focus" subsystem="tab" outcome="ok" workspace_id="wA" tab_id="wA:t3"
2026-08-04T23:07:54.879499Z  INFO herdr::logging: api request completed event="api.request.complete" subsystem="api" outcome="ok" request_id="cli:tab:focus" method="tab.focus"
2026-08-04T23:07:55.695838Z  INFO herdr::logging: api request received event="api.request.start" subsystem="api" outcome="started" request_id="cli:tab:focus" method="tab.focus" changes_ui=true
2026-08-04T23:07:55.695935Z  INFO herdr::logging: tab focused event="tab.focus" subsystem="tab" outcome="ok" workspace_id="wA" tab_id="wA:t2"
2026-08-04T23:07:55.695964Z  INFO herdr::logging: api request completed event="api.request.complete" subsystem="api" outcome="ok" request_id="cli:tab:focus" method="tab.focus"
2026-08-04T23:07:57.169179Z  INFO herdr::logging: api request received event="api.request.start" subsystem="api" outcome="started" request_id="cli:tab:focus" method="tab.focus" changes_ui=true
2026-08-04T23:07:57.169262Z  INFO herdr::logging: tab focused event="tab.focus" subsystem="tab" outcome="ok" workspace_id="wA" tab_id="wA:t4"
2026-08-04T23:07:57.169310Z  INFO herdr::logging: api request completed event="api.request.complete" subsystem="api" outcome="ok" request_id="cli:tab:focus" method="tab.focus"
2026-08-04T23:08:02.180847Z  INFO herdr::logging: session saved event="persist.save" subsystem="persist" outcome="ok" path=/Users/vince/.config/herdr/session.json workspaces=3
2026-08-04T23:08:04.354005Z  INFO herdr::app::actions: copied selection to clipboard
2026-08-04T23:08:05.624378Z  INFO herdr::logging: tab focused event="tab.focus" subsystem="tab" outcome="ok" workspace_id="wA" tab_id="wA:t1"
2026-08-04T23:08:10.645212Z  INFO herdr::logging: session saved event="persist.save" subsystem="persist" outcome="ok" path=/Users/vince/.config/herdr/session.json workspaces=3
2026-08-04T23:08:11.580658Z  INFO herdr::logging: tab focused event="tab.focus" subsystem="tab" outcome="ok" workspace_id="wA" tab_id="wA:t4"
2026-08-04T23:08:16.598968Z  INFO herdr::logging: session saved event="persist.save" subsystem="persist" outcome="ok" path=/Users/vince/.config/herdr/session.json workspaces=3
2026-08-04T23:14:18.310542Z  INFO herdr::app::actions: copied selection to clipboard
2026-08-04T23:14:42.663566Z  INFO herdr::app::actions: copied selection to clipboard
2026-08-04T23:15:48.233693Z  INFO herdr::logging: tab focused event="tab.focus" subsystem="tab" outcome="ok" workspace_id="wA" tab_id="wA:t1"
2026-08-04T23:15:50.111291Z  INFO herdr::logging: api request received event="api.request.start" subsystem="api" outcome="started" request_id="cli:tab:focus" method="tab.focus" changes_ui=true
2026-08-04T23:15:50.114090Z  INFO herdr::logging: tab focused event="tab.focus" subsystem="tab" outcome="ok" workspace_id="wA" tab_id="wA:t2"
2026-08-04T23:15:50.114119Z  INFO herdr::logging: api request completed event="api.request.complete" subsystem="api" outcome="ok" request_id="cli:tab:focus" method="tab.focus"
2026-08-04T23:15:55.119518Z  INFO herdr::logging: session saved event="persist.save" subsystem="persist" outcome="ok" path=/Users/vince/.config/herdr/session.json workspaces=3
2026-08-04T23:18:06.270318Z  INFO herdr::logging: tab focused event="tab.focus" subsystem="tab" outcome="ok" workspace_id="wA" tab_id="wA:t1"
2026-08-04T23:18:11.292985Z  INFO herdr::logging: session saved event="persist.save" subsystem="persist" outcome="ok" path=/Users/vince/.config/herdr/session.json workspaces=3
2026-08-04T23:18:19.855809Z  INFO herdr::logging: tab focused event="tab.focus" subsystem="tab" outcome="ok" workspace_id="wA" tab_id="wA:t4"
2026-08-04T23:18:24.876356Z  INFO herdr::logging: session saved event="persist.save" subsystem="persist" outcome="ok" path=/Users/vince/.config/herdr/session.json workspaces=3
2026-08-04T23:18:35.883814Z  INFO herdr::logging: tab focused event="tab.focus" subsystem="tab" outcome="ok" workspace_id="wA" tab_id="wA:t2"
2026-08-04T23:18:36.620884Z  INFO herdr::logging: tab focused event="tab.focus" subsystem="tab" outcome="ok" workspace_id="wA" tab_id="wA:t1"
2026-08-04T23:18:40.390891Z  INFO herdr::logging: tab focused event="tab.focus" subsystem="tab" outcome="ok" workspace_id="wA" tab_id="wA:t3"
2026-08-04T23:18:41.183262Z  INFO herdr::logging: tab focused event="tab.focus" subsystem="tab" outcome="ok" workspace_id="wA" tab_id="wA:t4"
2026-08-04T23:18:43.090646Z  INFO herdr::logging: tab focused event="tab.focus" subsystem="tab" outcome="ok" workspace_id="wA" tab_id="wA:t2"
2026-08-04T23:18:48.114243Z  INFO herdr::logging: session saved event="persist.save" subsystem="persist" outcome="ok" path=/Users/vince/.config/herdr/session.json workspaces=3
2026-08-04T23:18:56.983928Z  INFO herdr::logging: tab focused event="tab.focus" subsystem="tab" outcome="ok" workspace_id="wA" tab_id="wA:t1"
2026-08-04T23:19:02.004744Z  INFO herdr::logging: session saved event="persist.save" subsystem="persist" outcome="ok" path=/Users/vince/.config/herdr/session.json workspaces=3
2026-08-04T23:19:26.008037Z  INFO herdr::logging: api request received event="api.request.start" subsystem="api" outcome="started" request_id="cli:tab:focus" method="tab.focus" changes_ui=true
2026-08-04T23:19:26.008351Z  INFO herdr::logging: tab focused event="tab.focus" subsystem="tab" outcome="ok" workspace_id="wA" tab_id="wA:t2"
2026-08-04T23:19:26.008376Z  INFO herdr::logging: api request completed event="api.request.complete" subsystem="api" outcome="ok" request_id="cli:tab:focus" method="tab.focus"
2026-08-04T23:19:31.019561Z  INFO herdr::logging: session saved event="persist.save" subsystem="persist" outcome="ok" path=/Users/vince/.config/herdr/session.json workspaces=3
2026-08-04T23:20:59.071598Z  INFO herdr::logging: api request received event="api.request.start" subsystem="api" outcome="started" request_id="cli:tab:focus" method="tab.focus" changes_ui=true
2026-08-04T23:20:59.071923Z  INFO herdr::logging: tab focused event="tab.focus" subsystem="tab" outcome="ok" workspace_id="wA" tab_id="wA:t4"
2026-08-04T23:20:59.071973Z  INFO herdr::logging: api request completed event="api.request.complete" subsystem="api" outcome="ok" request_id="cli:tab:focus" method="tab.focus"
2026-08-04T23:21:04.080642Z  INFO herdr::logging: session saved event="persist.save" subsystem="persist" outcome="ok" path=/Users/vince/.config/herdr/session.json workspaces=3
2026-08-04T23:21:06.824781Z  INFO herdr::app::actions: copied selection to clipboard
2026-08-04T23:22:10.601789Z  INFO herdr::app::actions: copied selection to clipboard
2026-08-04T23:22:13.901603Z  INFO herdr::app::actions: copied selection to clipboard
2026-08-04T23:22:56.339201Z  INFO herdr::logging: api request received event="api.request.start" subsystem="api" outcome="started" request_id="cli:tab:focus" method="tab.focus" changes_ui=true
2026-08-04T23:22:56.339477Z  INFO herdr::logging: tab focused event="tab.focus" subsystem="tab" outcome="ok" workspace_id="wA" tab_id="wA:t2"
2026-08-04T23:22:56.339518Z  INFO herdr::logging: api request completed event="api.request.complete" subsystem="api" outcome="ok" request_id="cli:tab:focus" method="tab.focus"
2026-08-04T23:23:01.345233Z  INFO herdr::logging: session saved event="persist.save" subsystem="persist" outcome="ok" path=/Users/vince/.config/herdr/session.json workspaces=3
2026-08-04T23:29:39.697522Z  INFO herdr::logging: tab focused event="tab.focus" subsystem="tab" outcome="ok" workspace_id="wA" tab_id="wA:t4"
2026-08-04T23:29:44.739593Z  INFO herdr::logging: session saved event="persist.save" subsystem="persist" outcome="ok" path=/Users/vince/.config/herdr/session.json workspaces=3
2026-08-04T23:33:58.249184Z  INFO herdr::logging: api request received event="api.request.start" subsystem="api" outcome="started" request_id="cli:tab:focus" method="tab.focus" changes_ui=true
2026-08-04T23:33:58.249614Z  INFO herdr::logging: tab focused event="tab.focus" subsystem="tab" outcome="ok" workspace_id="wA" tab_id="wA:t1"
2026-08-04T23:33:58.249659Z  INFO herdr::logging: api request completed event="api.request.complete" subsystem="api" outcome="ok" request_id="cli:tab:focus" method="tab.focus"
2026-08-04T23:33:58.887837Z  INFO herdr::logging: api request received event="api.request.start" subsystem="api" outcome="started" request_id="cli:tab:focus" method="tab.focus" changes_ui=true
2026-08-04T23:33:58.887992Z  INFO herdr::logging: tab focused event="tab.focus" subsystem="tab" outcome="ok" workspace_id="wA" tab_id="wA:t2"
2026-08-04T23:33:58.888045Z  INFO herdr::logging: api request completed event="api.request.complete" subsystem="api" outcome="ok" request_id="cli:tab:focus" method="tab.focus"
2026-08-04T23:34:03.898541Z  INFO herdr::logging: session saved event="persist.save" subsystem="persist" outcome="ok" path=/Users/vince/.config/herdr/session.json workspaces=3
2026-08-04T23:34:07.437771Z  INFO herdr::logging: tab focused event="tab.focus" subsystem="tab" outcome="ok" workspace_id="wA" tab_id="wA:t4"
2026-08-04T23:34:12.453318Z  INFO herdr::logging: session saved event="persist.save" subsystem="persist" outcome="ok" path=/Users/vince/.config/herdr/session.json workspaces=3
2026-08-04T23:48:55.433239Z  INFO herdr::logging: tab focused event="tab.focus" subsystem="tab" outcome="ok" workspace_id="wA" tab_id="wA:t1"
2026-08-04T23:48:57.795134Z  INFO herdr::logging: api request received event="api.request.start" subsystem="api" outcome="started" request_id="cli:tab:focus" method="tab.focus" changes_ui=true
2026-08-04T23:48:57.795237Z  INFO herdr::logging: tab focused event="tab.focus" subsystem="tab" outcome="ok" workspace_id="wA" tab_id="wA:t2"
2026-08-04T23:48:57.795271Z  INFO herdr::logging: api request completed event="api.request.complete" subsystem="api" outcome="ok" request_id="cli:tab:focus" method="tab.focus"
2026-08-04T23:49:02.807721Z  INFO herdr::logging: session saved event="persist.save" subsystem="persist" outcome="ok" path=/Users/vince/.config/herdr/session.json workspaces=3
2026-08-04T23:49:18.416229Z  INFO herdr::app::actions: copied selection to clipboard
2026-08-04T23:49:19.622098Z  INFO herdr::app::actions: copied selection to clipboard
2026-08-04T23:49:22.038937Z  INFO herdr::app::actions: copied selection to clipboard
2026-08-04T23:49:23.320397Z  INFO herdr::logging: tab focused event="tab.focus" subsystem="tab" outcome="ok" workspace_id="wA" tab_id="wA:t4"
2026-08-04T23:49:28.352955Z  INFO herdr::logging: session saved event="persist.save" subsystem="persist" outcome="ok" path=/Users/vince/.config/herdr/session.json workspaces=3
2026-08-04T23:53:19.869384Z  INFO herdr::logging: tab focused event="tab.focus" subsystem="tab" outcome="ok" workspace_id="wA" tab_id="wA:t2"
2026-08-04T23:53:24.888302Z  INFO herdr::logging: session saved event="persist.save" subsystem="persist" outcome="ok" path=/Users/vince/.config/herdr/session.json workspaces=3
2026-08-04T23:54:15.930195Z  INFO herdr::logging: api request received event="api.request.start" subsystem="api" outcome="started" request_id="cli:tab:focus" method="tab.focus" changes_ui=true
2026-08-04T23:54:15.930621Z  INFO herdr::logging: tab focused event="tab.focus" subsystem="tab" outcome="ok" workspace_id="wA" tab_id="wA:t1"
2026-08-04T23:54:15.930667Z  INFO herdr::logging: api request completed event="api.request.complete" subsystem="api" outcome="ok" request_id="cli:tab:focus" method="tab.focus"
2026-08-04T23:54:20.943905Z  INFO herdr::logging: session saved event="persist.save" subsystem="persist" outcome="ok" path=/Users/vince/.config/herdr/session.json workspaces=3
2026-08-04T23:54:45.951503Z  INFO herdr::logging: api request received event="api.request.start" subsystem="api" outcome="started" request_id="cli:tab:focus" method="tab.focus" changes_ui=true
2026-08-04T23:54:45.951684Z  INFO herdr::logging: tab focused event="tab.focus" subsystem="tab" outcome="ok" workspace_id="wA" tab_id="wA:t2"
2026-08-04T23:54:45.951714Z  INFO herdr::logging: api request completed event="api.request.complete" subsystem="api" outcome="ok" request_id="cli:tab:focus" method="tab.focus"
2026-08-04T23:54:50.958420Z  INFO herdr::logging: session saved event="persist.save" subsystem="persist" outcome="ok" path=/Users/vince/.config/herdr/session.json workspaces=3
2026-08-04T23:57:13.591602Z  INFO herdr::logging: tab focused event="tab.focus" subsystem="tab" outcome="ok" workspace_id="wA" tab_id="wA:t1"
2026-08-04T23:57:13.607415Z  INFO herdr::logging: tab focused event="tab.focus" subsystem="tab" outcome="ok" workspace_id="wA" tab_id="wA:t4"
2026-08-04T23:57:13.607708Z  INFO herdr::logging: tab focused event="tab.focus" subsystem="tab" outcome="ok" workspace_id="wA" tab_id="wA:t3"
2026-08-04T23:57:13.618797Z  INFO herdr::logging: tab focused event="tab.focus" subsystem="tab" outcome="ok" workspace_id="wA" tab_id="wA:t2"
2026-08-04T23:57:13.630990Z  INFO herdr::logging: tab focused event="tab.focus" subsystem="tab" outcome="ok" workspace_id="wA" tab_id="wA:t1"
2026-08-04T23:57:13.631076Z  INFO herdr::logging: tab focused event="tab.focus" subsystem="tab" outcome="ok" workspace_id="wA" tab_id="wA:t4"
2026-08-04T23:57:13.631119Z  INFO herdr::logging: tab focused event="tab.focus" subsystem="tab" outcome="ok" workspace_id="wA" tab_id="wA:t3"
2026-08-04T23:57:13.694394Z  INFO herdr::logging: tab focused event="tab.focus" subsystem="tab" outcome="ok" workspace_id="wA" tab_id="wA:t2"
2026-08-04T23:57:13.708217Z  INFO herdr::logging: tab focused event="tab.focus" subsystem="tab" outcome="ok" workspace_id="wA" tab_id="wA:t1"
2026-08-04T23:57:13.708320Z  INFO herdr::logging: tab focused event="tab.focus" subsystem="tab" outcome="ok" workspace_id="wA" tab_id="wA:t4"
2026-08-04T23:57:13.714948Z  INFO herdr::logging: tab focused event="tab.focus" subsystem="tab" outcome="ok" workspace_id="wA" tab_id="wA:t3"
2026-08-04T23:57:13.721845Z  INFO herdr::logging: tab focused event="tab.focus" subsystem="tab" outcome="ok" workspace_id="wA" tab_id="wA:t2"
2026-08-04T23:57:13.721940Z  INFO herdr::logging: tab focused event="tab.focus" subsystem="tab" outcome="ok" workspace_id="wA" tab_id="wA:t1"
2026-08-04T23:57:13.734889Z  INFO herdr::logging: tab focused event="tab.focus" subsystem="tab" outcome="ok" workspace_id="wA" tab_id="wA:t4"
2026-08-04T23:57:13.741118Z  INFO herdr::logging: tab focused event="tab.focus" subsystem="tab" outcome="ok" workspace_id="wA" tab_id="wA:t3"
2026-08-04T23:57:13.753162Z  INFO herdr::logging: tab focused event="tab.focus" subsystem="tab" outcome="ok" workspace_id="wA" tab_id="wA:t2"
2026-08-04T23:57:13.757905Z  INFO herdr::logging: tab focused event="tab.focus" subsystem="tab" outcome="ok" workspace_id="wA" tab_id="wA:t1"
2026-08-04T23:57:13.774070Z  INFO herdr::logging: tab focused event="tab.focus" subsystem="tab" outcome="ok" workspace_id="wA" tab_id="wA:t4"
2026-08-04T23:57:13.794994Z  INFO herdr::logging: tab focused event="tab.focus" subsystem="tab" outcome="ok" workspace_id="wA" tab_id="wA:t3"
2026-08-04T23:57:13.808826Z  INFO herdr::logging: tab focused event="tab.focus" subsystem="tab" outcome="ok" workspace_id="wA" tab_id="wA:t2"
2026-08-04T23:57:13.822797Z  INFO herdr::logging: tab focused event="tab.focus" subsystem="tab" outcome="ok" workspace_id="wA" tab_id="wA:t1"
2026-08-04T23:57:13.850404Z  INFO herdr::logging: tab focused event="tab.focus" subsystem="tab" outcome="ok" workspace_id="wA" tab_id="wA:t4"
2026-08-04T23:57:13.872520Z  INFO herdr::logging: tab focused event="tab.focus" subsystem="tab" outcome="ok" workspace_id="wA" tab_id="wA:t3"
2026-08-04T23:57:13.896519Z  INFO herdr::logging: tab focused event="tab.focus" subsystem="tab" outcome="ok" workspace_id="wA" tab_id="wA:t2"
2026-08-04T23:57:13.896668Z  INFO herdr::logging: tab focused event="tab.focus" subsystem="tab" outcome="ok" workspace_id="wA" tab_id="wA:t1"
2026-08-04T23:57:13.913623Z  INFO herdr::logging: tab focused event="tab.focus" subsystem="tab" outcome="ok" workspace_id="wA" tab_id="wA:t4"
2026-08-04T23:57:13.952204Z  INFO herdr::logging: tab focused event="tab.focus" subsystem="tab" outcome="ok" workspace_id="wA" tab_id="wA:t3"
2026-08-04T23:57:14.476131Z  INFO herdr::logging: tab focused event="tab.focus" subsystem="tab" outcome="ok" workspace_id="wA" tab_id="wA:t4"
2026-08-04T23:57:14.500260Z  INFO herdr::logging: tab focused event="tab.focus" subsystem="tab" outcome="ok" workspace_id="wA" tab_id="wA:t1"
2026-08-04T23:57:14.529691Z  INFO herdr::logging: tab focused event="tab.focus" subsystem="tab" outcome="ok" workspace_id="wA" tab_id="wA:t2"
2026-08-04T23:57:15.356256Z  INFO herdr::logging: tab focused event="tab.focus" subsystem="tab" outcome="ok" workspace_id="wA" tab_id="wA:t1"
2026-08-04T23:57:16.628335Z  INFO herdr::logging: tab focused event="tab.focus" subsystem="tab" outcome="ok" workspace_id="wA" tab_id="wA:t2"
2026-08-04T23:57:21.638289Z  INFO herdr::logging: session saved event="persist.save" subsystem="persist" outcome="ok" path=/Users/vince/.config/herdr/session.json workspaces=3
2026-08-04T23:57:54.286855Z  INFO herdr::logging: tab focused event="tab.focus" subsystem="tab" outcome="ok" workspace_id="wA" tab_id="wA:t4"
2026-08-04T23:57:59.331072Z  INFO herdr::logging: session saved event="persist.save" subsystem="persist" outcome="ok" path=/Users/vince/.config/herdr/session.json workspaces=3
2026-08-04T23:58:26.938236Z  INFO herdr::logging: api request received event="api.request.start" subsystem="api" outcome="started" request_id="cli:tab:focus" method="tab.focus" changes_ui=true
2026-08-04T23:58:26.940106Z  INFO herdr::logging: tab focused event="tab.focus" subsystem="tab" outcome="ok" workspace_id="wA" tab_id="wA:t2"
2026-08-04T23:58:26.940151Z  INFO herdr::logging: api request completed event="api.request.complete" subsystem="api" outcome="ok" request_id="cli:tab:focus" method="tab.focus"
2026-08-04T23:58:31.947131Z  INFO herdr::logging: session saved event="persist.save" subsystem="persist" outcome="ok" path=/Users/vince/.config/herdr/session.json workspaces=3
2026-08-04T23:59:23.150650Z  INFO herdr::logging: api request received event="api.request.start" subsystem="api" outcome="started" request_id="cli:tab:focus" method="tab.focus" changes_ui=true
2026-08-04T23:59:23.150758Z  INFO herdr::logging: tab focused event="tab.focus" subsystem="tab" outcome="ok" workspace_id="wA" tab_id="wA:t4"
2026-08-04T23:59:23.150799Z  INFO herdr::logging: api request completed event="api.request.complete" subsystem="api" outcome="ok" request_id="cli:tab:focus" method="tab.focus"
2026-08-04T23:59:28.164858Z  INFO herdr::logging: session saved event="persist.save" subsystem="persist" outcome="ok" path=/Users/vince/.config/herdr/session.json workspaces=3
2026-08-05T01:06:40.195981Z  INFO herdr::server::headless: client resize client_id=26 cols=211 rows=48 cell_width_px=0 cell_height_px=0
2026-08-05T01:06:41.023714Z  INFO herdr::server::headless: client resize client_id=26 cols=142 rows=48 cell_width_px=0 cell_height_px=0
2026-08-05T01:06:44.360826Z  INFO herdr::server::headless: client resize client_id=26 cols=211 rows=63 cell_width_px=0 cell_height_px=0
2026-08-05T01:06:44.897772Z  INFO herdr::server::headless: client resize client_id=26 cols=142 rows=48 cell_width_px=0 cell_height_px=0
2026-08-05T01:06:48.903799Z  INFO herdr::server::headless: client resize client_id=26 cols=211 rows=63 cell_width_px=0 cell_height_px=0
2026-08-05T01:08:43.024703Z  INFO herdr::logging: tab focused event="tab.focus" subsystem="tab" outcome="ok" workspace_id="wA" tab_id="wA:t1"
2026-08-05T01:08:44.302908Z  INFO herdr::logging: tab focused event="tab.focus" subsystem="tab" outcome="ok" workspace_id="wA" tab_id="wA:t2"
2026-08-05T01:08:49.318784Z  INFO herdr::logging: session saved event="persist.save" subsystem="persist" outcome="ok" path=/Users/vince/.config/herdr/session.json workspaces=3
2026-08-05T01:09:01.804855Z  INFO herdr::logging: tab focused event="tab.focus" subsystem="tab" outcome="ok" workspace_id="wA" tab_id="wA:t4"
2026-08-05T01:09:06.819339Z  INFO herdr::logging: session saved event="persist.save" subsystem="persist" outcome="ok" path=/Users/vince/.config/herdr/session.json workspaces=3
2026-08-05T07:43:15.888844Z  INFO herdr::server::headless: client resize client_id=26 cols=142 rows=48 cell_width_px=0 cell_height_px=0
2026-08-05T08:51:13.719372Z  INFO herdr::server::headless: client resize client_id=26 cols=142 rows=47 cell_width_px=0 cell_height_px=0
2026-08-05T08:51:36.038768Z  INFO herdr::server::headless: client resize client_id=26 cols=158 rows=47 cell_width_px=0 cell_height_px=0
2026-08-05T08:52:08.763838Z  INFO herdr::logging: workspace focused event="workspace.focus" subsystem="workspace" outcome="ok" workspace_id="w2"
2026-08-05T08:52:08.765118Z  INFO herdr::logging: tab focused event="tab.focus" subsystem="tab" outcome="ok" workspace_id="w2" tab_id="w2:t3"
2026-08-05T08:52:10.078551Z  INFO herdr::logging: workspace focused event="workspace.focus" subsystem="workspace" outcome="ok" workspace_id="wA"
2026-08-05T08:52:10.078610Z  INFO herdr::logging: tab focused event="tab.focus" subsystem="tab" outcome="ok" workspace_id="wA" tab_id="wA:t4"
2026-08-05T08:52:10.490845Z  INFO herdr::logging: api request received event="api.request.start" subsystem="api" outcome="started" request_id="cli:tab:focus" method="tab.focus" changes_ui=true
2026-08-05T08:52:10.490941Z  INFO herdr::logging: tab focused event="tab.focus" subsystem="tab" outcome="ok" workspace_id="wA" tab_id="wA:t1"
2026-08-05T08:52:10.490968Z  INFO herdr::logging: api request completed event="api.request.complete" subsystem="api" outcome="ok" request_id="cli:tab:focus" method="tab.focus"
2026-08-05T08:52:10.584104Z  INFO herdr::logging: api request received event="api.request.start" subsystem="api" outcome="started" request_id="cli:tab:focus" method="tab.focus" changes_ui=true
2026-08-05T08:52:10.584216Z  INFO herdr::logging: tab focused event="tab.focus" subsystem="tab" outcome="ok" workspace_id="wA" tab_id="wA:t2"
2026-08-05T08:52:10.584259Z  INFO herdr::logging: api request completed event="api.request.complete" subsystem="api" outcome="ok" request_id="cli:tab:focus" method="tab.focus"
2026-08-05T08:52:10.667370Z  INFO herdr::logging: api request received event="api.request.start" subsystem="api" outcome="started" request_id="cli:tab:focus" method="tab.focus" changes_ui=true
2026-08-05T08:52:10.667469Z  INFO herdr::logging: tab focused event="tab.focus" subsystem="tab" outcome="ok" workspace_id="wA" tab_id="wA:t3"
2026-08-05T08:52:10.667506Z  INFO herdr::logging: api request completed event="api.request.complete" subsystem="api" outcome="ok" request_id="cli:tab:focus" method="tab.focus"
2026-08-05T08:52:11.017861Z  INFO herdr::logging: api request received event="api.request.start" subsystem="api" outcome="started" request_id="cli:tab:focus" method="tab.focus" changes_ui=true
2026-08-05T08:52:11.017982Z  INFO herdr::logging: tab focused event="tab.focus" subsystem="tab" outcome="ok" workspace_id="wA" tab_id="wA:t4"
2026-08-05T08:52:11.018056Z  INFO herdr::logging: api request completed event="api.request.complete" subsystem="api" outcome="ok" request_id="cli:tab:focus" method="tab.focus"
2026-08-05T08:52:11.385532Z  INFO herdr::logging: api request received event="api.request.start" subsystem="api" outcome="started" request_id="cli:tab:focus" method="tab.focus" changes_ui=true
2026-08-05T08:52:11.385630Z  INFO herdr::logging: tab focused event="tab.focus" subsystem="tab" outcome="ok" workspace_id="wA" tab_id="wA:t1"
2026-08-05T08:52:11.385676Z  INFO herdr::logging: api request completed event="api.request.complete" subsystem="api" outcome="ok" request_id="cli:tab:focus" method="tab.focus"
2026-08-05T08:52:11.405415Z  INFO herdr::logging: api request received event="api.request.start" subsystem="api" outcome="started" request_id="cli:tab:focus" method="tab.focus" changes_ui=true
2026-08-05T08:52:11.405514Z  INFO herdr::logging: tab focused event="tab.focus" subsystem="tab" outcome="ok" workspace_id="wA" tab_id="wA:t2"
2026-08-05T08:52:11.405551Z  INFO herdr::logging: api request completed event="api.request.complete" subsystem="api" outcome="ok" request_id="cli:tab:focus" method="tab.focus"
2026-08-05T08:52:11.477920Z  INFO herdr::logging: api request received event="api.request.start" subsystem="api" outcome="started" request_id="cli:tab:focus" method="tab.focus" changes_ui=true
2026-08-05T08:52:11.478016Z  INFO herdr::logging: tab focused event="tab.focus" subsystem="tab" outcome="ok" workspace_id="wA" tab_id="wA:t3"
2026-08-05T08:52:11.478047Z  INFO herdr::logging: api request completed event="api.request.complete" subsystem="api" outcome="ok" request_id="cli:tab:focus" method="tab.focus"
2026-08-05T08:52:11.886375Z  INFO herdr::logging: api request received event="api.request.start" subsystem="api" outcome="started" request_id="cli:tab:focus" method="tab.focus" changes_ui=true
2026-08-05T08:52:11.886492Z  INFO herdr::logging: tab focused event="tab.focus" subsystem="tab" outcome="ok" workspace_id="wA" tab_id="wA:t4"
2026-08-05T08:52:11.886546Z  INFO herdr::logging: api request completed event="api.request.complete" subsystem="api" outcome="ok" request_id="cli:tab:focus" method="tab.focus"
2026-08-05T08:52:13.176719Z  INFO herdr::logging: workspace focused event="workspace.focus" subsystem="workspace" outcome="ok" workspace_id="w2"
2026-08-05T08:52:13.176935Z  INFO herdr::logging: tab focused event="tab.focus" subsystem="tab" outcome="ok" workspace_id="w2" tab_id="w2:t3"
2026-08-05T08:52:13.744442Z  INFO herdr::logging: workspace focused event="workspace.focus" subsystem="workspace" outcome="ok" workspace_id="wA"
2026-08-05T08:52:13.744638Z  INFO herdr::logging: tab focused event="tab.focus" subsystem="tab" outcome="ok" workspace_id="wA" tab_id="wA:t4"
2026-08-05T08:52:14.920668Z  INFO herdr::logging: spawning pane terminal event="pane.spawn.start" subsystem="pane" outcome="started" pane_id=59 rows=34 cols=102 scrollback_limit_bytes=10000000
2026-08-05T08:52:14.940514Z  INFO herdr::logging: pane child spawned event="pane.spawned" subsystem="pane" outcome="ok" pane_id=59 pid=47281
2026-08-05T08:52:17.315070Z  INFO herdr::logging: api request received event="api.request.start" subsystem="api" outcome="started" request_id="cli:workspace:focus" method="workspace.focus" changes_ui=true
2026-08-05T08:52:17.315641Z  INFO herdr::logging: workspace focused event="workspace.focus" subsystem="workspace" outcome="ok" workspace_id="w9"
2026-08-05T08:52:17.315683Z  INFO herdr::logging: tab focused event="tab.focus" subsystem="tab" outcome="ok" workspace_id="w9" tab_id="w9:tA"
2026-08-05T08:52:17.315735Z  INFO herdr::logging: api request completed event="api.request.complete" subsystem="api" outcome="ok" request_id="cli:workspace:focus" method="workspace.focus"
2026-08-05T08:52:17.316784Z  INFO herdr::logging: pane child exited event="pane.exit" subsystem="pane" outcome="completed" pane_id=59 status="ExitStatus { code: 0, signal: None }"
2026-08-05T08:52:17.320707Z  INFO herdr::pane: pane session terminated pane=59 pid=47281 signal=Hangup
2026-08-05T08:52:19.922591Z  INFO herdr::logging: spawning pane terminal event="pane.spawn.start" subsystem="pane" outcome="started" pane_id=60 rows=46 cols=132 scrollback_limit_bytes=10000000
2026-08-05T08:52:19.931871Z  INFO herdr::logging: pane child spawned event="pane.spawned" subsystem="pane" outcome="ok" pane_id=60 pid=47316
2026-08-05T08:52:19.932542Z  INFO herdr::logging: tab focused event="tab.focus" subsystem="tab" outcome="ok" workspace_id="w9" tab_id="w9:tB"
2026-08-05T08:52:21.440110Z  INFO herdr::logging: pane child exited event="pane.exit" subsystem="pane" outcome="completed" pane_id=60 status="ExitStatus { code: 1, signal: None }"
2026-08-05T08:52:21.463764Z  INFO herdr::pane: pane session terminated pane=60 pid=47316 signal=Hangup
2026-08-05T08:52:21.465911Z  WARN herdr::app::actions: PaneDied for unknown pane pane=60
2026-08-05T08:52:22.573804Z  INFO herdr::logging: api request received event="api.request.start" subsystem="api" outcome="started" request_id="cli:tab:focus" method="tab.focus" changes_ui=true
2026-08-05T08:52:22.573936Z  INFO herdr::logging: tab focused event="tab.focus" subsystem="tab" outcome="ok" workspace_id="w9" tab_id="w9:t1"
2026-08-05T08:52:22.573991Z  INFO herdr::logging: api request completed event="api.request.complete" subsystem="api" outcome="ok" request_id="cli:tab:focus" method="tab.focus"
2026-08-05T08:52:22.622510Z  INFO herdr::logging: api request received event="api.request.start" subsystem="api" outcome="started" request_id="cli:tab:focus" method="tab.focus" changes_ui=true
2026-08-05T08:52:22.622608Z  INFO herdr::logging: tab focused event="tab.focus" subsystem="tab" outcome="ok" workspace_id="w9" tab_id="w9:t2"
2026-08-05T08:52:22.622635Z  INFO herdr::logging: api request completed event="api.request.complete" subsystem="api" outcome="ok" request_id="cli:tab:focus" method="tab.focus"
2026-08-05T08:52:22.699625Z  INFO herdr::logging: api request received event="api.request.start" subsystem="api" outcome="started" request_id="cli:tab:focus" method="tab.focus" changes_ui=true
2026-08-05T08:52:22.699709Z  INFO herdr::logging: tab focused event="tab.focus" subsystem="tab" outcome="ok" workspace_id="w9" tab_id="w9:t3"
2026-08-05T08:52:22.699759Z  INFO herdr::logging: api request completed event="api.request.complete" subsystem="api" outcome="ok" request_id="cli:tab:focus" method="tab.focus"
2026-08-05T08:52:22.944308Z  INFO herdr::logging: api request received event="api.request.start" subsystem="api" outcome="started" request_id="cli:tab:focus" method="tab.focus" changes_ui=true
2026-08-05T08:52:22.944403Z  INFO herdr::logging: tab focused event="tab.focus" subsystem="tab" outcome="ok" workspace_id="w9" tab_id="w9:tA"
2026-08-05T08:52:22.944440Z  INFO herdr::logging: api request completed event="api.request.complete" subsystem="api" outcome="ok" request_id="cli:tab:focus" method="tab.focus"
2026-08-05T08:52:23.273371Z  INFO herdr::logging: api request received event="api.request.start" subsystem="api" outcome="started" request_id="cli:tab:focus" method="tab.focus" changes_ui=true
2026-08-05T08:52:23.273516Z  INFO herdr::logging: tab focused event="tab.focus" subsystem="tab" outcome="ok" workspace_id="w9" tab_id="w9:t1"
2026-08-05T08:52:23.273568Z  INFO herdr::logging: api request completed event="api.request.complete" subsystem="api" outcome="ok" request_id="cli:tab:focus" method="tab.focus"
2026-08-05T08:52:23.318226Z  INFO herdr::logging: api request received event="api.request.start" subsystem="api" outcome="started" request_id="cli:tab:focus" method="tab.focus" changes_ui=true
2026-08-05T08:52:23.318312Z  INFO herdr::logging: tab focused event="tab.focus" subsystem="tab" outcome="ok" workspace_id="w9" tab_id="w9:t2"
2026-08-05T08:52:23.318344Z  INFO herdr::logging: api request completed event="api.request.complete" subsystem="api" outcome="ok" request_id="cli:tab:focus" method="tab.focus"
2026-08-05T08:52:23.418770Z  INFO herdr::logging: api request received event="api.request.start" subsystem="api" outcome="started" request_id="cli:tab:focus" method="tab.focus" changes_ui=true
2026-08-05T08:52:23.418855Z  INFO herdr::logging: tab focused event="tab.focus" subsystem="tab" outcome="ok" workspace_id="w9" tab_id="w9:t3"
2026-08-05T08:52:23.418885Z  INFO herdr::logging: api request completed event="api.request.complete" subsystem="api" outcome="ok" request_id="cli:tab:focus" method="tab.focus"
2026-08-05T08:52:23.643120Z  INFO herdr::logging: api request received event="api.request.start" subsystem="api" outcome="started" request_id="cli:tab:focus" method="tab.focus" changes_ui=true
2026-08-05T08:52:23.643215Z  INFO herdr::logging: tab focused event="tab.focus" subsystem="tab" outcome="ok" workspace_id="w9" tab_id="w9:tA"
2026-08-05T08:52:23.643245Z  INFO herdr::logging: api request completed event="api.request.complete" subsystem="api" outcome="ok" request_id="cli:tab:focus" method="tab.focus"
2026-08-05T08:52:23.961288Z  INFO herdr::logging: api request received event="api.request.start" subsystem="api" outcome="started" request_id="cli:tab:focus" method="tab.focus" changes_ui=true
2026-08-05T08:52:23.961401Z  INFO herdr::logging: tab focused event="tab.focus" subsystem="tab" outcome="ok" workspace_id="w9" tab_id="w9:t1"
2026-08-05T08:52:23.961452Z  INFO herdr::logging: api request completed event="api.request.complete" subsystem="api" outcome="ok" request_id="cli:tab:focus" method="tab.focus"
2026-08-05T08:52:23.980200Z  INFO herdr::logging: api request received event="api.request.start" subsystem="api" outcome="started" request_id="cli:tab:focus" method="tab.focus" changes_ui=true
2026-08-05T08:52:23.980274Z  INFO herdr::logging: tab focused event="tab.focus" subsystem="tab" outcome="ok" workspace_id="w9" tab_id="w9:t2"
2026-08-05T08:52:23.980301Z  INFO herdr::logging: api request completed event="api.request.complete" subsystem="api" outcome="ok" request_id="cli:tab:focus" method="tab.focus"
2026-08-05T08:52:24.081521Z  INFO herdr::logging: api request received event="api.request.start" subsystem="api" outcome="started" request_id="cli:tab:focus" method="tab.focus" changes_ui=true
2026-08-05T08:52:24.081607Z  INFO herdr::logging: tab focused event="tab.focus" subsystem="tab" outcome="ok" workspace_id="w9" tab_id="w9:t3"
2026-08-05T08:52:24.081635Z  INFO herdr::logging: api request completed event="api.request.complete" subsystem="api" outcome="ok" request_id="cli:tab:focus" method="tab.focus"
2026-08-05T08:52:24.348060Z  INFO herdr::logging: api request received event="api.request.start" subsystem="api" outcome="started" request_id="cli:tab:focus" method="tab.focus" changes_ui=true
2026-08-05T08:52:24.348165Z  INFO herdr::logging: tab focused event="tab.focus" subsystem="tab" outcome="ok" workspace_id="w9" tab_id="w9:tA"
2026-08-05T08:52:24.348210Z  INFO herdr::logging: api request completed event="api.request.complete" subsystem="api" outcome="ok" request_id="cli:tab:focus" method="tab.focus"
2026-08-05T08:52:24.953275Z  INFO herdr::logging: api request received event="api.request.start" subsystem="api" outcome="started" request_id="cli:tab:focus" method="tab.focus" changes_ui=true
2026-08-05T08:52:24.953367Z  INFO herdr::logging: tab focused event="tab.focus" subsystem="tab" outcome="ok" workspace_id="w9" tab_id="w9:t1"
2026-08-05T08:52:24.953403Z  INFO herdr::logging: api request completed event="api.request.complete" subsystem="api" outcome="ok" request_id="cli:tab:focus" method="tab.focus"
2026-08-05T08:52:25.388961Z  INFO herdr::logging: api request received event="api.request.start" subsystem="api" outcome="started" request_id="cli:tab:focus" method="tab.focus" changes_ui=true
2026-08-05T08:52:25.389074Z  INFO herdr::logging: tab focused event="tab.focus" subsystem="tab" outcome="ok" workspace_id="w9" tab_id="w9:t2"
2026-08-05T08:52:25.389117Z  INFO herdr::logging: api request completed event="api.request.complete" subsystem="api" outcome="ok" request_id="cli:tab:focus" method="tab.focus"
2026-08-05T08:52:26.190761Z  INFO herdr::logging: api request received event="api.request.start" subsystem="api" outcome="started" request_id="cli:tab:focus" method="tab.focus" changes_ui=true
2026-08-05T08:52:26.190880Z  INFO herdr::logging: tab focused event="tab.focus" subsystem="tab" outcome="ok" workspace_id="w9" tab_id="w9:t3"
2026-08-05T08:52:26.190931Z  INFO herdr::logging: api request completed event="api.request.complete" subsystem="api" outcome="ok" request_id="cli:tab:focus" method="tab.focus"
2026-08-05T08:52:26.845574Z  INFO herdr::logging: api request received event="api.request.start" subsystem="api" outcome="started" request_id="cli:tab:focus" method="tab.focus" changes_ui=true
2026-08-05T08:52:26.845675Z  INFO herdr::logging: tab focused event="tab.focus" subsystem="tab" outcome="ok" workspace_id="w9" tab_id="w9:tA"
2026-08-05T08:52:26.845712Z  INFO herdr::logging: api request completed event="api.request.complete" subsystem="api" outcome="ok" request_id="cli:tab:focus" method="tab.focus"
2026-08-05T08:52:30.087650Z  INFO herdr::logging: api request received event="api.request.start" subsystem="api" outcome="started" request_id="cli:tab:focus" method="tab.focus" changes_ui=true
2026-08-05T08:52:30.087820Z  INFO herdr::logging: tab focused event="tab.focus" subsystem="tab" outcome="ok" workspace_id="w9" tab_id="w9:t3"
2026-08-05T08:52:30.087881Z  INFO herdr::logging: api request completed event="api.request.complete" subsystem="api" outcome="ok" request_id="cli:tab:focus" method="tab.focus"
2026-08-05T08:52:30.856391Z  INFO herdr::logging: api request received event="api.request.start" subsystem="api" outcome="started" request_id="cli:tab:focus" method="tab.focus" changes_ui=true
2026-08-05T08:52:30.856529Z  INFO herdr::logging: tab focused event="tab.focus" subsystem="tab" outcome="ok" workspace_id="w9" tab_id="w9:t2"
2026-08-05T08:52:30.856592Z  INFO herdr::logging: api request completed event="api.request.complete" subsystem="api" outcome="ok" request_id="cli:tab:focus" method="tab.focus"
2026-08-05T08:52:31.810870Z  INFO herdr::logging: api request received event="api.request.start" subsystem="api" outcome="started" request_id="cli:tab:focus" method="tab.focus" changes_ui=true
2026-08-05T08:52:31.810976Z  INFO herdr::logging: tab focused event="tab.focus" subsystem="tab" outcome="ok" workspace_id="w9" tab_id="w9:t1"
2026-08-05T08:52:31.811015Z  INFO herdr::logging: api request completed event="api.request.complete" subsystem="api" outcome="ok" request_id="cli:tab:focus" method="tab.focus"
2026-08-05T08:52:33.229287Z  INFO herdr::logging: api request received event="api.request.start" subsystem="api" outcome="started" request_id="cli:tab:focus" method="tab.focus" changes_ui=true
2026-08-05T08:52:33.229390Z  INFO herdr::logging: tab focused event="tab.focus" subsystem="tab" outcome="ok" workspace_id="w9" tab_id="w9:t2"
2026-08-05T08:52:33.229434Z  INFO herdr::logging: api request completed event="api.request.complete" subsystem="api" outcome="ok" request_id="cli:tab:focus" method="tab.focus"
2026-08-05T08:52:36.268730Z  INFO herdr::logging: api request received event="api.request.start" subsystem="api" outcome="started" request_id="cli:tab:focus" method="tab.focus" changes_ui=true
2026-08-05T08:52:36.268823Z  INFO herdr::logging: tab focused event="tab.focus" subsystem="tab" outcome="ok" workspace_id="w9" tab_id="w9:t1"
2026-08-05T08:52:36.268876Z  INFO herdr::logging: api request completed event="api.request.complete" subsystem="api" outcome="ok" request_id="cli:tab:focus" method="tab.focus"
2026-08-05T08:52:36.294223Z  INFO herdr::logging: api request received event="api.request.start" subsystem="api" outcome="started" request_id="cli:tab:focus" method="tab.focus" changes_ui=true
2026-08-05T08:52:36.294330Z  INFO herdr::logging: tab focused event="tab.focus" subsystem="tab" outcome="ok" workspace_id="w9" tab_id="w9:t2"
2026-08-05T08:52:36.294391Z  INFO herdr::logging: api request completed event="api.request.complete" subsystem="api" outcome="ok" request_id="cli:tab:focus" method="tab.focus"
2026-08-05T08:52:36.407433Z  INFO herdr::logging: api request received event="api.request.start" subsystem="api" outcome="started" request_id="cli:tab:focus" method="tab.focus" changes_ui=true
2026-08-05T08:52:36.407519Z  INFO herdr::logging: tab focused event="tab.focus" subsystem="tab" outcome="ok" workspace_id="w9" tab_id="w9:t3"
2026-08-05T08:52:36.407550Z  INFO herdr::logging: api request completed event="api.request.complete" subsystem="api" outcome="ok" request_id="cli:tab:focus" method="tab.focus"
2026-08-05T08:52:36.618716Z  INFO herdr::logging: api request received event="api.request.start" subsystem="api" outcome="started" request_id="cli:tab:focus" method="tab.focus" changes_ui=true
2026-08-05T08:52:36.618801Z  INFO herdr::logging: tab focused event="tab.focus" subsystem="tab" outcome="ok" workspace_id="w9" tab_id="w9:tA"
2026-08-05T08:52:36.618837Z  INFO herdr::logging: api request completed event="api.request.complete" subsystem="api" outcome="ok" request_id="cli:tab:focus" method="tab.focus"
2026-08-05T08:52:37.057735Z  INFO herdr::logging: api request received event="api.request.start" subsystem="api" outcome="started" request_id="cli:tab:focus" method="tab.focus" changes_ui=true
2026-08-05T08:52:37.057865Z  INFO herdr::logging: tab focused event="tab.focus" subsystem="tab" outcome="ok" workspace_id="w9" tab_id="w9:t1"
2026-08-05T08:52:37.057910Z  INFO herdr::logging: api request completed event="api.request.complete" subsystem="api" outcome="ok" request_id="cli:tab:focus" method="tab.focus"
2026-08-05T08:52:37.099705Z  INFO herdr::logging: api request received event="api.request.start" subsystem="api" outcome="started" request_id="cli:tab:focus" method="tab.focus" changes_ui=true
2026-08-05T08:52:37.099793Z  INFO herdr::logging: tab focused event="tab.focus" subsystem="tab" outcome="ok" workspace_id="w9" tab_id="w9:t2"
2026-08-05T08:52:37.099818Z  INFO herdr::logging: api request completed event="api.request.complete" subsystem="api" outcome="ok" request_id="cli:tab:focus" method="tab.focus"
2026-08-05T08:52:37.193579Z  INFO herdr::logging: api request received event="api.request.start" subsystem="api" outcome="started" request_id="cli:tab:focus" method="tab.focus" changes_ui=true
2026-08-05T08:52:37.193651Z  INFO herdr::logging: tab focused event="tab.focus" subsystem="tab" outcome="ok" workspace_id="w9" tab_id="w9:t3"
2026-08-05T08:52:37.193681Z  INFO herdr::logging: api request completed event="api.request.complete" subsystem="api" outcome="ok" request_id="cli:tab:focus" method="tab.focus"
2026-08-05T08:52:37.431030Z  INFO herdr::logging: api request received event="api.request.start" subsystem="api" outcome="started" request_id="cli:tab:focus" method="tab.focus" changes_ui=true
2026-08-05T08:52:37.431133Z  INFO herdr::logging: tab focused event="tab.focus" subsystem="tab" outcome="ok" workspace_id="w9" tab_id="w9:tA"
2026-08-05T08:52:37.431169Z  INFO herdr::logging: api request completed event="api.request.complete" subsystem="api" outcome="ok" request_id="cli:tab:focus" method="tab.focus"
2026-08-05T08:52:42.443308Z  INFO herdr::logging: session saved event="persist.save" subsystem="persist" outcome="ok" path=/Users/vince/.config/herdr/session.json workspaces=3
2026-08-05T08:55:36.220758Z  INFO herdr::server::headless: client resize client_id=26 cols=158 rows=46 cell_width_px=0 cell_height_px=0
2026-08-05T08:55:38.047219Z  INFO herdr::logging: api request received event="api.request.start" subsystem="api" outcome="started" request_id="cli:tab:focus" method="tab.focus" changes_ui=true
2026-08-05T08:55:38.047339Z  INFO herdr::logging: tab focused event="tab.focus" subsystem="tab" outcome="ok" workspace_id="w9" tab_id="w9:t1"
2026-08-05T08:55:38.047373Z  INFO herdr::logging: api request completed event="api.request.complete" subsystem="api" outcome="ok" request_id="cli:tab:focus" method="tab.focus"
2026-08-05T08:55:41.440997Z  INFO herdr::logging: workspace focused event="workspace.focus" subsystem="workspace" outcome="ok" workspace_id="wA"
2026-08-05T08:55:41.441091Z  INFO herdr::logging: tab focused event="tab.focus" subsystem="tab" outcome="ok" workspace_id="wA" tab_id="wA:t4"
2026-08-05T08:55:42.218308Z  INFO herdr::logging: workspace focused event="workspace.focus" subsystem="workspace" outcome="ok" workspace_id="w2"
2026-08-05T08:55:42.218474Z  INFO herdr::logging: tab focused event="tab.focus" subsystem="tab" outcome="ok" workspace_id="w2" tab_id="w2:t3"
2026-08-05T08:55:43.131177Z  INFO herdr::logging: workspace focused event="workspace.focus" subsystem="workspace" outcome="ok" workspace_id="wA"
2026-08-05T08:55:43.131387Z  INFO herdr::logging: tab focused event="tab.focus" subsystem="tab" outcome="ok" workspace_id="wA" tab_id="wA:t4"
2026-08-05T08:55:44.271823Z  INFO herdr::logging: workspace focused event="workspace.focus" subsystem="workspace" outcome="ok" workspace_id="w2"
2026-08-05T08:55:44.272019Z  INFO herdr::logging: tab focused event="tab.focus" subsystem="tab" outcome="ok" workspace_id="w2" tab_id="w2:t3"
2026-08-05T08:55:45.465279Z  INFO herdr::logging: spawning pane terminal event="pane.spawn.start" subsystem="pane" outcome="started" pane_id=61 rows=34 cols=102 scrollback_limit_bytes=10000000
2026-08-05T08:55:45.472079Z  INFO herdr::logging: pane child spawned event="pane.spawned" subsystem="pane" outcome="ok" pane_id=61 pid=48206
2026-08-05T08:55:46.341491Z  INFO herdr::logging: api request received event="api.request.start" subsystem="api" outcome="started" request_id="cli:workspace:focus" method="workspace.focus" changes_ui=true
2026-08-05T08:55:46.341674Z  INFO herdr::logging: workspace focused event="workspace.focus" subsystem="workspace" outcome="ok" workspace_id="w9"
2026-08-05T08:55:46.341719Z  INFO herdr::logging: tab focused event="tab.focus" subsystem="tab" outcome="ok" workspace_id="w9" tab_id="w9:t1"
2026-08-05T08:55:46.341773Z  INFO herdr::logging: api request completed event="api.request.complete" subsystem="api" outcome="ok" request_id="cli:workspace:focus" method="workspace.focus"
2026-08-05T08:55:46.342833Z  INFO herdr::logging: pane child exited event="pane.exit" subsystem="pane" outcome="completed" pane_id=61 status="ExitStatus { code: 0, signal: None }"
2026-08-05T08:55:46.346751Z  INFO herdr::pane: pane session terminated pane=61 pid=48206 signal=Hangup
2026-08-05T08:55:47.532053Z  INFO herdr::logging: api request received event="api.request.start" subsystem="api" outcome="started" request_id="cli:tab:focus" method="tab.focus" changes_ui=true
2026-08-05T08:55:47.532142Z  INFO herdr::logging: tab focused event="tab.focus" subsystem="tab" outcome="ok" workspace_id="w9" tab_id="w9:t1"
2026-08-05T08:55:47.532167Z  INFO herdr::logging: api request completed event="api.request.complete" subsystem="api" outcome="ok" request_id="cli:tab:focus" method="tab.focus"
2026-08-05T08:55:47.536971Z  INFO herdr::logging: api request received event="api.request.start" subsystem="api" outcome="started" request_id="cli:tab:focus" method="tab.focus" changes_ui=true
2026-08-05T08:55:47.537064Z  INFO herdr::logging: tab focused event="tab.focus" subsystem="tab" outcome="ok" workspace_id="w9" tab_id="w9:t2"
2026-08-05T08:55:47.537110Z  INFO herdr::logging: api request completed event="api.request.complete" subsystem="api" outcome="ok" request_id="cli:tab:focus" method="tab.focus"
2026-08-05T08:55:47.648494Z  INFO herdr::logging: api request received event="api.request.start" subsystem="api" outcome="started" request_id="cli:tab:focus" method="tab.focus" changes_ui=true
2026-08-05T08:55:47.648589Z  INFO herdr::logging: tab focused event="tab.focus" subsystem="tab" outcome="ok" workspace_id="w9" tab_id="w9:t3"
2026-08-05T08:55:47.648638Z  INFO herdr::logging: api request completed event="api.request.complete" subsystem="api" outcome="ok" request_id="cli:tab:focus" method="tab.focus"
2026-08-05T08:55:47.929210Z  INFO herdr::logging: api request received event="api.request.start" subsystem="api" outcome="started" request_id="cli:tab:focus" method="tab.focus" changes_ui=true
2026-08-05T08:55:47.929292Z  INFO herdr::logging: tab focused event="tab.focus" subsystem="tab" outcome="ok" workspace_id="w9" tab_id="w9:tA"
2026-08-05T08:55:47.929325Z  INFO herdr::logging: api request completed event="api.request.complete" subsystem="api" outcome="ok" request_id="cli:tab:focus" method="tab.focus"
2026-08-05T08:55:48.318732Z  INFO herdr::logging: api request received event="api.request.start" subsystem="api" outcome="started" request_id="cli:tab:focus" method="tab.focus" changes_ui=true
2026-08-05T08:55:48.318871Z  INFO herdr::logging: tab focused event="tab.focus" subsystem="tab" outcome="ok" workspace_id="w9" tab_id="w9:t2"
2026-08-05T08:55:48.318909Z  INFO herdr::logging: api request completed event="api.request.complete" subsystem="api" outcome="ok" request_id="cli:tab:focus" method="tab.focus"
2026-08-05T08:55:49.087584Z  INFO herdr::logging: api request received event="api.request.start" subsystem="api" outcome="started" request_id="cli:tab:focus" method="tab.focus" changes_ui=true
2026-08-05T08:55:49.087714Z  INFO herdr::logging: tab focused event="tab.focus" subsystem="tab" outcome="ok" workspace_id="w9" tab_id="w9:t1"
2026-08-05T08:55:49.087757Z  INFO herdr::logging: api request completed event="api.request.complete" subsystem="api" outcome="ok" request_id="cli:tab:focus" method="tab.focus"
2026-08-05T08:55:54.107212Z  INFO herdr::logging: session saved event="persist.save" subsystem="persist" outcome="ok" path=/Users/vince/.config/herdr/session.json workspaces=3
2026-08-05T08:58:45.458835Z  INFO herdr::logging: api request received event="api.request.start" subsystem="api" outcome="started" request_id="cli:tab:focus" method="tab.focus" changes_ui=true
2026-08-05T08:58:45.459155Z  INFO herdr::logging: tab focused event="tab.focus" subsystem="tab" outcome="ok" workspace_id="w9" tab_id="w9:t1"
2026-08-05T08:58:45.459208Z  INFO herdr::logging: api request completed event="api.request.complete" subsystem="api" outcome="ok" request_id="cli:tab:focus" method="tab.focus"
2026-08-05T08:58:45.555057Z  INFO herdr::logging: api request received event="api.request.start" subsystem="api" outcome="started" request_id="cli:tab:focus" method="tab.focus" changes_ui=true
2026-08-05T08:58:45.555152Z  INFO herdr::logging: tab focused event="tab.focus" subsystem="tab" outcome="ok" workspace_id="w9" tab_id="w9:t2"
2026-08-05T08:58:45.555185Z  INFO herdr::logging: api request completed event="api.request.complete" subsystem="api" outcome="ok" request_id="cli:tab:focus" method="tab.focus"
2026-08-05T08:58:45.685908Z  INFO herdr::logging: api request received event="api.request.start" subsystem="api" outcome="started" request_id="cli:tab:focus" method="tab.focus" changes_ui=true
2026-08-05T08:58:45.686002Z  INFO herdr::logging: tab focused event="tab.focus" subsystem="tab" outcome="ok" workspace_id="w9" tab_id="w9:t3"
2026-08-05T08:58:45.686045Z  INFO herdr::logging: api request completed event="api.request.complete" subsystem="api" outcome="ok" request_id="cli:tab:focus" method="tab.focus"
2026-08-05T08:58:46.013194Z  INFO herdr::logging: api request received event="api.request.start" subsystem="api" outcome="started" request_id="cli:tab:focus" method="tab.focus" changes_ui=true
2026-08-05T08:58:46.013297Z  INFO herdr::logging: tab focused event="tab.focus" subsystem="tab" outcome="ok" workspace_id="w9" tab_id="w9:tA"
2026-08-05T08:58:46.013341Z  INFO herdr::logging: api request completed event="api.request.complete" subsystem="api" outcome="ok" request_id="cli:tab:focus" method="tab.focus"
2026-08-05T08:58:46.502142Z  INFO herdr::logging: api request received event="api.request.start" subsystem="api" outcome="started" request_id="cli:tab:focus" method="tab.focus" changes_ui=true
2026-08-05T08:58:46.502285Z  INFO herdr::logging: tab focused event="tab.focus" subsystem="tab" outcome="ok" workspace_id="w9" tab_id="w9:t1"
2026-08-05T08:58:46.502327Z  INFO herdr::logging: api request completed event="api.request.complete" subsystem="api" outcome="ok" request_id="cli:tab:focus" method="tab.focus"
2026-08-05T08:58:49.619031Z  INFO herdr::logging: workspace focused event="workspace.focus" subsystem="workspace" outcome="ok" workspace_id="w2"
2026-08-05T08:58:49.619259Z  INFO herdr::logging: tab focused event="tab.focus" subsystem="tab" outcome="ok" workspace_id="w2" tab_id="w2:t3"
2026-08-05T08:58:54.632867Z  INFO herdr::logging: session saved event="persist.save" subsystem="persist" outcome="ok" path=/Users/vince/.config/herdr/session.json workspaces=3
2026-08-05T09:14:02.598318Z  INFO herdr::server::headless: client connected client_id=54 cols=80 rows=24 cell_width_px=0 cell_height_px=0 render_encoding=SemanticFrame
2026-08-05T09:14:02.660280Z  INFO herdr::server::headless: client disconnected client_id=54
2026-08-05T09:21:37.270194Z  INFO herdr::logging: workspace focused event="workspace.focus" subsystem="workspace" outcome="ok" workspace_id="w9"
2026-08-05T09:21:37.272066Z  INFO herdr::logging: tab focused event="tab.focus" subsystem="tab" outcome="ok" workspace_id="w9" tab_id="w9:t1"
2026-08-05T09:21:42.296595Z  INFO herdr::logging: session saved event="persist.save" subsystem="persist" outcome="ok" path=/Users/vince/.config/herdr/session.json workspaces=3
2026-08-05T09:28:17.773315Z  INFO herdr::logging: tab focused event="tab.focus" subsystem="tab" outcome="ok" workspace_id="w9" tab_id="w9:t3"
2026-08-05T09:28:18.032719Z  INFO herdr::logging: tab focused event="tab.focus" subsystem="tab" outcome="ok" workspace_id="w9" tab_id="w9:t3"
2026-08-05T09:28:19.289797Z  INFO herdr::logging: tab focused event="tab.focus" subsystem="tab" outcome="ok" workspace_id="w9" tab_id="w9:t2"
2026-08-05T09:28:24.335711Z  INFO herdr::logging: session saved event="persist.save" subsystem="persist" outcome="ok" path=/Users/vince/.config/herdr/session.json workspaces=3
2026-08-05T09:28:25.609000Z  INFO herdr::pane: agent changed pane=34 previous_agent=None agent=Some(Cursor) process=cursor pgid=Some(55211)
2026-08-05T09:28:27.130171Z  INFO herdr::pane: agent changed pane=34 previous_agent=Some(Cursor) agent=None pgid=Some(14483)
2026-08-05T09:28:27.746548Z  INFO herdr::server::headless: client resize client_id=26 cols=78 rows=46 cell_width_px=0 cell_height_px=0
2026-08-05T09:52:00.704374Z  INFO herdr::logging: tab focused event="tab.focus" subsystem="tab" outcome="ok" workspace_id="w9" tab_id="w9:tA"
2026-08-05T09:52:05.740413Z  INFO herdr::logging: session saved event="persist.save" subsystem="persist" outcome="ok" path=/Users/vince/.config/herdr/session.json workspaces=3
2026-08-05T09:52:07.579361Z  INFO herdr::logging: tab focused event="tab.focus" subsystem="tab" outcome="ok" workspace_id="w9" tab_id="w9:t2"
2026-08-05T09:52:08.629975Z  INFO herdr::logging: tab focused event="tab.focus" subsystem="tab" outcome="ok" workspace_id="w9" tab_id="w9:tA"
2026-08-05T09:52:13.653330Z  INFO herdr::logging: session saved event="persist.save" subsystem="persist" outcome="ok" path=/Users/vince/.config/herdr/session.json workspaces=3
2026-08-05T09:57:04.952459Z  INFO herdr::server::headless: client resize client_id=26 cols=142 rows=47 cell_width_px=0 cell_height_px=0
2026-08-05T09:57:05.821633Z  INFO herdr::server::headless: client resize client_id=26 cols=78 rows=46 cell_width_px=0 cell_height_px=0
2026-08-05T09:57:08.211923Z  INFO herdr::server::headless: client resize client_id=26 cols=142 rows=48 cell_width_px=0 cell_height_px=0
2026-08-05T09:57:09.446299Z  INFO herdr::server::headless: client resize client_id=26 cols=70 rows=48 cell_width_px=0 cell_height_px=0
2026-08-05T12:40:20.008469Z  INFO herdr::server::headless: client resize client_id=26 cols=78 rows=46 cell_width_px=0 cell_height_px=0
2026-08-05T12:53:26.054506Z  INFO herdr::server::headless: client resize client_id=26 cols=158 rows=46 cell_width_px=0 cell_height_px=0
2026-08-05T12:53:30.334700Z  INFO herdr::app::actions: copied selection to clipboard
2026-08-05T13:13:23.485609Z  INFO herdr::logging: workspace focused event="workspace.focus" subsystem="workspace" outcome="ok" workspace_id="wA"
2026-08-05T13:13:23.486182Z  INFO herdr::logging: tab focused event="tab.focus" subsystem="tab" outcome="ok" workspace_id="wA" tab_id="wA:t4"
2026-08-05T13:13:28.496856Z  INFO herdr::logging: session saved event="persist.save" subsystem="persist" outcome="ok" path=/Users/vince/.config/herdr/session.json workspaces=3
2026-08-05T13:22:50.666053Z  INFO herdr::app::actions: copied selection to clipboard
2026-08-05T13:22:54.582900Z  INFO herdr::app::actions: copied selection to clipboard
2026-08-05T13:22:56.516671Z  INFO herdr::app::actions: copied selection to clipboard
2026-08-05T13:22:58.235056Z  INFO herdr::app::actions: copied selection to clipboard
2026-08-05T13:23:00.030046Z  INFO herdr::app::actions: copied selection to clipboard
2026-08-05T13:23:02.047470Z  INFO herdr::app::actions: copied selection to clipboard
2026-08-05T16:12:25.853355Z  INFO herdr::logging: workspace focused event="workspace.focus" subsystem="workspace" outcome="ok" workspace_id="w9"
2026-08-05T16:12:25.856519Z  INFO herdr::logging: tab focused event="tab.focus" subsystem="tab" outcome="ok" workspace_id="w9" tab_id="w9:tA"
2026-08-05T16:12:26.352660Z  INFO herdr::logging: workspace focused event="workspace.focus" subsystem="workspace" outcome="ok" workspace_id="wA"
2026-08-05T16:12:26.353694Z  INFO herdr::logging: tab focused event="tab.focus" subsystem="tab" outcome="ok" workspace_id="wA" tab_id="wA:t4"
2026-08-05T16:12:31.366499Z  INFO herdr::logging: session saved event="persist.save" subsystem="persist" outcome="ok" path=/Users/vince/.config/herdr/session.json workspaces=3
2026-08-05T16:19:16.953885Z  INFO herdr::logging: tab focused event="tab.focus" subsystem="tab" outcome="ok" workspace_id="wA" tab_id="wA:t1"
2026-08-05T16:19:17.537066Z  INFO herdr::logging: tab focused event="tab.focus" subsystem="tab" outcome="ok" workspace_id="wA" tab_id="wA:t2"
2026-08-05T16:19:22.569061Z  INFO herdr::logging: session saved event="persist.save" subsystem="persist" outcome="ok" path=/Users/vince/.config/herdr/session.json workspaces=3
2026-08-05T16:19:25.722959Z  INFO herdr::logging: workspace focused event="workspace.focus" subsystem="workspace" outcome="ok" workspace_id="w9"
2026-08-05T16:19:25.723598Z  INFO herdr::logging: tab focused event="tab.focus" subsystem="tab" outcome="ok" workspace_id="w9" tab_id="w9:tA"
2026-08-05T16:19:28.174696Z  INFO herdr::logging: api request received event="api.request.start" subsystem="api" outcome="started" request_id="cli:tab:focus" method="tab.focus" changes_ui=true
2026-08-05T16:19:28.174828Z  INFO herdr::logging: tab focused event="tab.focus" subsystem="tab" outcome="ok" workspace_id="w9" tab_id="w9:t2"
2026-08-05T16:19:28.174871Z  INFO herdr::logging: api request completed event="api.request.complete" subsystem="api" outcome="ok" request_id="cli:tab:focus" method="tab.focus"
2026-08-05T16:19:33.194956Z  INFO herdr::logging: session saved event="persist.save" subsystem="persist" outcome="ok" path=/Users/vince/.config/herdr/session.json workspaces=3
2026-08-05T16:54:20.116497Z  INFO herdr::server::headless: client resize client_id=26 cols=78 rows=23 cell_width_px=0 cell_height_px=0
2026-08-05T16:54:20.718241Z  INFO herdr::server::headless: client resize client_id=26 cols=70 rows=48 cell_width_px=0 cell_height_px=0
2026-08-05T17:08:05.096129Z  INFO herdr::server::headless: client resize client_id=26 cols=142 rows=48 cell_width_px=0 cell_height_px=0
2026-08-05T17:08:06.402017Z  INFO herdr::logging: workspace focused event="workspace.focus" subsystem="workspace" outcome="ok" workspace_id="wA"
2026-08-05T17:08:06.402092Z  INFO herdr::logging: tab focused event="tab.focus" subsystem="tab" outcome="ok" workspace_id="wA" tab_id="wA:t2"
2026-08-05T17:08:11.433396Z  INFO herdr::logging: session saved event="persist.save" subsystem="persist" outcome="ok" path=/Users/vince/.config/herdr/session.json workspaces=3
2026-08-05T17:08:29.544075Z  INFO herdr::logging: tab focused event="tab.focus" subsystem="tab" outcome="ok" workspace_id="wA" tab_id="wA:t4"
2026-08-05T17:08:32.890385Z  INFO herdr::logging: tab focused event="tab.focus" subsystem="tab" outcome="ok" workspace_id="wA" tab_id="wA:t2"
2026-08-05T17:08:34.633981Z  INFO herdr::logging: tab focused event="tab.focus" subsystem="tab" outcome="ok" workspace_id="wA" tab_id="wA:t4"
2026-08-05T17:08:34.952239Z  INFO herdr::logging: tab focused event="tab.focus" subsystem="tab" outcome="ok" workspace_id="wA" tab_id="wA:t4"
2026-08-05T17:08:39.956483Z  INFO herdr::logging: session saved event="persist.save" subsystem="persist" outcome="ok" path=/Users/vince/.config/herdr/session.json workspaces=3
2026-08-05T17:09:27.074050Z  INFO herdr::logging: tab focused event="tab.focus" subsystem="tab" outcome="ok" workspace_id="wA" tab_id="wA:t4"
2026-08-05T17:09:32.080644Z  INFO herdr::logging: session saved event="persist.save" subsystem="persist" outcome="ok" path=/Users/vince/.config/herdr/session.json workspaces=3
2026-08-05T17:10:54.569861Z  INFO herdr::logging: tab focused event="tab.focus" subsystem="tab" outcome="ok" workspace_id="wA" tab_id="wA:t2"
2026-08-05T17:10:57.303268Z  INFO herdr::logging: tab focused event="tab.focus" subsystem="tab" outcome="ok" workspace_id="wA" tab_id="wA:t3"
2026-08-05T17:10:57.688200Z  INFO herdr::logging: tab focused event="tab.focus" subsystem="tab" outcome="ok" workspace_id="wA" tab_id="wA:t4"
2026-08-05T17:11:02.710221Z  INFO herdr::logging: session saved event="persist.save" subsystem="persist" outcome="ok" path=/Users/vince/.config/herdr/session.json workspaces=3
2026-08-05T17:12:06.837405Z  INFO herdr::logging: spawning pane terminal event="pane.spawn.start" subsystem="pane" outcome="started" pane_id=62 rows=47 cols=116 scrollback_limit_bytes=10000000
2026-08-05T17:12:06.852091Z  INFO herdr::logging: pane child spawned event="pane.spawned" subsystem="pane" outcome="ok" pane_id=62 pid=52951
2026-08-05T17:12:06.852354Z  INFO herdr::logging: tab focused event="tab.focus" subsystem="tab" outcome="ok" workspace_id="wA" tab_id="wA:t5"
2026-08-05T17:12:08.926300Z  INFO herdr::pane: agent changed pane=62 previous_agent=None agent=Some(Codex) process=codex pgid=Some(53018)
2026-08-05T17:12:11.861123Z  INFO herdr::logging: session saved event="persist.save" subsystem="persist" outcome="ok" path=/Users/vince/.config/herdr/session.json workspaces=3
2026-08-05T17:12:32.606108Z  INFO herdr::logging: tab focused event="tab.focus" subsystem="tab" outcome="ok" workspace_id="wA" tab_id="wA:t1"
2026-08-05T17:12:37.615205Z  INFO herdr::logging: session saved event="persist.save" subsystem="persist" outcome="ok" path=/Users/vince/.config/herdr/session.json workspaces=3
2026-08-05T17:12:51.686586Z  INFO herdr::logging: tab focused event="tab.focus" subsystem="tab" outcome="ok" workspace_id="wA" tab_id="wA:t2"
2026-08-05T17:12:56.713901Z  INFO herdr::logging: session saved event="persist.save" subsystem="persist" outcome="ok" path=/Users/vince/.config/herdr/session.json workspaces=3
2026-08-05T17:13:02.024976Z  INFO herdr::logging: tab focused event="tab.focus" subsystem="tab" outcome="ok" workspace_id="wA" tab_id="wA:t3"
2026-08-05T17:13:02.050053Z  INFO herdr::logging: tab focused event="tab.focus" subsystem="tab" outcome="ok" workspace_id="wA" tab_id="wA:t4"
2026-08-05T17:13:02.084309Z  INFO herdr::logging: tab focused event="tab.focus" subsystem="tab" outcome="ok" workspace_id="wA" tab_id="wA:t5"
2026-08-05T17:13:02.117441Z  INFO herdr::logging: tab focused event="tab.focus" subsystem="tab" outcome="ok" workspace_id="wA" tab_id="wA:t1"
2026-08-05T17:13:02.159211Z  INFO herdr::logging: tab focused event="tab.focus" subsystem="tab" outcome="ok" workspace_id="wA" tab_id="wA:t2"
2026-08-05T17:13:02.208979Z  INFO herdr::logging: tab focused event="tab.focus" subsystem="tab" outcome="ok" workspace_id="wA" tab_id="wA:t3"
2026-08-05T17:13:02.276564Z  INFO herdr::logging: tab focused event="tab.focus" subsystem="tab" outcome="ok" workspace_id="wA" tab_id="wA:t4"
2026-08-05T17:13:02.358513Z  INFO herdr::logging: tab focused event="tab.focus" subsystem="tab" outcome="ok" workspace_id="wA" tab_id="wA:t5"
2026-08-05T17:13:02.517088Z  INFO herdr::logging: tab focused event="tab.focus" subsystem="tab" outcome="ok" workspace_id="wA" tab_id="wA:t1"
2026-08-05T17:13:03.483215Z  INFO herdr::logging: tab focused event="tab.focus" subsystem="tab" outcome="ok" workspace_id="wA" tab_id="wA:t2"
2026-08-05T17:13:03.954911Z  INFO herdr::logging: tab focused event="tab.focus" subsystem="tab" outcome="ok" workspace_id="wA" tab_id="wA:t3"
2026-08-05T17:13:03.971028Z  INFO herdr::logging: tab focused event="tab.focus" subsystem="tab" outcome="ok" workspace_id="wA" tab_id="wA:t4"
2026-08-05T17:13:03.987641Z  INFO herdr::logging: tab focused event="tab.focus" subsystem="tab" outcome="ok" workspace_id="wA" tab_id="wA:t5"
2026-08-05T17:13:04.004275Z  INFO herdr::logging: tab focused event="tab.focus" subsystem="tab" outcome="ok" workspace_id="wA" tab_id="wA:t1"
2026-08-05T17:13:04.012424Z  INFO herdr::logging: tab focused event="tab.focus" subsystem="tab" outcome="ok" workspace_id="wA" tab_id="wA:t2"
2026-08-05T17:13:04.020873Z  INFO herdr::logging: tab focused event="tab.focus" subsystem="tab" outcome="ok" workspace_id="wA" tab_id="wA:t3"
2026-08-05T17:13:04.029840Z  INFO herdr::logging: tab focused event="tab.focus" subsystem="tab" outcome="ok" workspace_id="wA" tab_id="wA:t4"
2026-08-05T17:13:04.037692Z  INFO herdr::logging: tab focused event="tab.focus" subsystem="tab" outcome="ok" workspace_id="wA" tab_id="wA:t5"
2026-08-05T17:13:04.046465Z  INFO herdr::logging: tab focused event="tab.focus" subsystem="tab" outcome="ok" workspace_id="wA" tab_id="wA:t1"
2026-08-05T17:13:04.054806Z  INFO herdr::logging: tab focused event="tab.focus" subsystem="tab" outcome="ok" workspace_id="wA" tab_id="wA:t2"
2026-08-05T17:13:04.062581Z  INFO herdr::logging: tab focused event="tab.focus" subsystem="tab" outcome="ok" workspace_id="wA" tab_id="wA:t3"
2026-08-05T17:13:04.070853Z  INFO herdr::logging: tab focused event="tab.focus" subsystem="tab" outcome="ok" workspace_id="wA" tab_id="wA:t4"
2026-08-05T17:13:04.079278Z  INFO herdr::logging: tab focused event="tab.focus" subsystem="tab" outcome="ok" workspace_id="wA" tab_id="wA:t5"
2026-08-05T17:13:04.088314Z  INFO herdr::logging: tab focused event="tab.focus" subsystem="tab" outcome="ok" workspace_id="wA" tab_id="wA:t1"
2026-08-05T17:13:04.104307Z  INFO herdr::logging: tab focused event="tab.focus" subsystem="tab" outcome="ok" workspace_id="wA" tab_id="wA:t2"
2026-08-05T17:13:04.120899Z  INFO herdr::logging: tab focused event="tab.focus" subsystem="tab" outcome="ok" workspace_id="wA" tab_id="wA:t3"
2026-08-05T17:13:04.137535Z  INFO herdr::logging: tab focused event="tab.focus" subsystem="tab" outcome="ok" workspace_id="wA" tab_id="wA:t4"
2026-08-05T17:13:04.154153Z  INFO herdr::logging: tab focused event="tab.focus" subsystem="tab" outcome="ok" workspace_id="wA" tab_id="wA:t5"
2026-08-05T17:13:04.170859Z  INFO herdr::logging: tab focused event="tab.focus" subsystem="tab" outcome="ok" workspace_id="wA" tab_id="wA:t1"
2026-08-05T17:13:04.187571Z  INFO herdr::logging: tab focused event="tab.focus" subsystem="tab" outcome="ok" workspace_id="wA" tab_id="wA:t2"
2026-08-05T17:13:04.204220Z  INFO herdr::logging: tab focused event="tab.focus" subsystem="tab" outcome="ok" workspace_id="wA" tab_id="wA:t3"
2026-08-05T17:13:04.224656Z  INFO herdr::logging: tab focused event="tab.focus" subsystem="tab" outcome="ok" workspace_id="wA" tab_id="wA:t4"
2026-08-05T17:13:04.238644Z  INFO herdr::logging: tab focused event="tab.focus" subsystem="tab" outcome="ok" workspace_id="wA" tab_id="wA:t5"
2026-08-05T17:13:04.262569Z  INFO herdr::logging: tab focused event="tab.focus" subsystem="tab" outcome="ok" workspace_id="wA" tab_id="wA:t1"
2026-08-05T17:13:04.287500Z  INFO herdr::logging: tab focused event="tab.focus" subsystem="tab" outcome="ok" workspace_id="wA" tab_id="wA:t2"
2026-08-05T17:13:04.315051Z  INFO herdr::logging: tab focused event="tab.focus" subsystem="tab" outcome="ok" workspace_id="wA" tab_id="wA:t3"
2026-08-05T17:13:04.349463Z  INFO herdr::logging: tab focused event="tab.focus" subsystem="tab" outcome="ok" workspace_id="wA" tab_id="wA:t4"
2026-08-05T17:13:04.388148Z  INFO herdr::logging: tab focused event="tab.focus" subsystem="tab" outcome="ok" workspace_id="wA" tab_id="wA:t5"
2026-08-05T17:13:04.438461Z  INFO herdr::logging: tab focused event="tab.focus" subsystem="tab" outcome="ok" workspace_id="wA" tab_id="wA:t1"
2026-08-05T17:13:04.504782Z  INFO herdr::logging: tab focused event="tab.focus" subsystem="tab" outcome="ok" workspace_id="wA" tab_id="wA:t2"
2026-08-05T17:13:04.588927Z  INFO herdr::logging: tab focused event="tab.focus" subsystem="tab" outcome="ok" workspace_id="wA" tab_id="wA:t3"
2026-08-05T17:13:04.745543Z  INFO herdr::logging: tab focused event="tab.focus" subsystem="tab" outcome="ok" workspace_id="wA" tab_id="wA:t4"
2026-08-05T17:13:05.404229Z  INFO herdr::logging: tab focused event="tab.focus" subsystem="tab" outcome="ok" workspace_id="wA" tab_id="wA:t5"
2026-08-05T17:13:05.521513Z  INFO herdr::logging: tab focused event="tab.focus" subsystem="tab" outcome="ok" workspace_id="wA" tab_id="wA:t1"
2026-08-05T17:13:05.647550Z  INFO herdr::logging: tab focused event="tab.focus" subsystem="tab" outcome="ok" workspace_id="wA" tab_id="wA:t2"
2026-08-05T17:13:08.508060Z  INFO herdr::logging: tab focused event="tab.focus" subsystem="tab" outcome="ok" workspace_id="wA" tab_id="wA:t1"
2026-08-05T17:13:13.547512Z  INFO herdr::logging: session saved event="persist.save" subsystem="persist" outcome="ok" path=/Users/vince/.config/herdr/session.json workspaces=3
2026-08-05T17:13:21.940883Z  INFO herdr::logging: tab focused event="tab.focus" subsystem="tab" outcome="ok" workspace_id="wA" tab_id="wA:t2"
2026-08-05T17:13:22.620277Z  INFO herdr::logging: tab focused event="tab.focus" subsystem="tab" outcome="ok" workspace_id="wA" tab_id="wA:t1"
2026-08-05T17:13:27.649954Z  INFO herdr::logging: session saved event="persist.save" subsystem="persist" outcome="ok" path=/Users/vince/.config/herdr/session.json workspaces=3
2026-08-05T17:13:55.972052Z  INFO herdr::logging: tab focused event="tab.focus" subsystem="tab" outcome="ok" workspace_id="wA" tab_id="wA:t5"
2026-08-05T17:14:00.976335Z  INFO herdr::logging: session saved event="persist.save" subsystem="persist" outcome="ok" path=/Users/vince/.config/herdr/session.json workspaces=3
2026-08-05T17:14:45.165700Z  INFO herdr::logging: tab focused event="tab.focus" subsystem="tab" outcome="ok" workspace_id="wA" tab_id="wA:t4"
2026-08-05T17:14:50.171161Z  INFO herdr::logging: session saved event="persist.save" subsystem="persist" outcome="ok" path=/Users/vince/.config/herdr/session.json workspaces=3
2026-08-05T17:17:34.006361Z  INFO herdr::logging: tab focused event="tab.focus" subsystem="tab" outcome="ok" workspace_id="wA" tab_id="wA:t5"
2026-08-05T17:17:39.027085Z  INFO herdr::logging: session saved event="persist.save" subsystem="persist" outcome="ok" path=/Users/vince/.config/herdr/session.json workspaces=3
2026-08-05T17:17:41.780654Z  INFO herdr::logging: tab focused event="tab.focus" subsystem="tab" outcome="ok" workspace_id="wA" tab_id="wA:t4"
2026-08-05T17:17:42.440572Z  INFO herdr::logging: tab focused event="tab.focus" subsystem="tab" outcome="ok" workspace_id="wA" tab_id="wA:t5"
2026-08-05T17:17:47.451747Z  INFO herdr::logging: session saved event="persist.save" subsystem="persist" outcome="ok" path=/Users/vince/.config/herdr/session.json workspaces=3
2026-08-05T17:17:50.498449Z  INFO herdr::logging: tab focused event="tab.focus" subsystem="tab" outcome="ok" workspace_id="wA" tab_id="wA:t4"
2026-08-05T17:17:55.510076Z  INFO herdr::logging: session saved event="persist.save" subsystem="persist" outcome="ok" path=/Users/vince/.config/herdr/session.json workspaces=3
2026-08-05T17:18:30.461014Z  INFO herdr::logging: tab focused event="tab.focus" subsystem="tab" outcome="ok" workspace_id="wA" tab_id="wA:t5"
2026-08-05T17:18:30.986541Z  INFO herdr::logging: tab focused event="tab.focus" subsystem="tab" outcome="ok" workspace_id="wA" tab_id="wA:t4"
2026-08-05T17:18:36.012032Z  INFO herdr::logging: session saved event="persist.save" subsystem="persist" outcome="ok" path=/Users/vince/.config/herdr/session.json workspaces=3
2026-08-05T17:20:20.923361Z  INFO herdr::logging: tab focused event="tab.focus" subsystem="tab" outcome="ok" workspace_id="wA" tab_id="wA:t5"
2026-08-05T17:20:25.935787Z  INFO herdr::logging: session saved event="persist.save" subsystem="persist" outcome="ok" path=/Users/vince/.config/herdr/session.json workspaces=3
2026-08-05T17:26:30.838753Z  INFO herdr::logging: tab focused event="tab.focus" subsystem="tab" outcome="ok" workspace_id="wA" tab_id="wA:t4"
2026-08-05T17:26:35.861428Z  INFO herdr::logging: session saved event="persist.save" subsystem="persist" outcome="ok" path=/Users/vince/.config/herdr/session.json workspaces=3
2026-08-05T17:26:39.321462Z  INFO herdr::logging: tab focused event="tab.focus" subsystem="tab" outcome="ok" workspace_id="wA" tab_id="wA:t1"
2026-08-05T17:26:44.346710Z  INFO herdr::logging: session saved event="persist.save" subsystem="persist" outcome="ok" path=/Users/vince/.config/herdr/session.json workspaces=3
2026-08-05T17:26:46.214770Z  INFO herdr::logging: tab focused event="tab.focus" subsystem="tab" outcome="ok" workspace_id="wA" tab_id="wA:t5"
2026-08-05T17:26:48.714325Z  INFO herdr::logging: tab focused event="tab.focus" subsystem="tab" outcome="ok" workspace_id="wA" tab_id="wA:t4"
2026-08-05T17:26:53.740682Z  INFO herdr::logging: session saved event="persist.save" subsystem="persist" outcome="ok" path=/Users/vince/.config/herdr/session.json workspaces=3
2026-08-05T17:27:49.939781Z  INFO herdr::logging: tab focused event="tab.focus" subsystem="tab" outcome="ok" workspace_id="wA" tab_id="wA:t5"
2026-08-05T17:27:54.958562Z  INFO herdr::logging: session saved event="persist.save" subsystem="persist" outcome="ok" path=/Users/vince/.config/herdr/session.json workspaces=3
2026-08-05T17:27:56.339929Z  INFO herdr::app::actions: copied selection to clipboard
2026-08-05T17:27:58.255869Z  INFO herdr::app::actions: copied selection to clipboard
2026-08-05T17:28:02.026749Z  INFO herdr::app::actions: copied selection to clipboard
2026-08-05T17:28:14.604979Z  INFO herdr::logging: workspace focused event="workspace.focus" subsystem="workspace" outcome="ok" workspace_id="w9"
2026-08-05T17:28:14.605795Z  INFO herdr::logging: tab focused event="tab.focus" subsystem="tab" outcome="ok" workspace_id="w9" tab_id="w9:t2"
2026-08-05T17:28:15.242497Z  INFO herdr::logging: workspace focused event="workspace.focus" subsystem="workspace" outcome="ok" workspace_id="wA"
2026-08-05T17:28:15.242640Z  INFO herdr::logging: tab focused event="tab.focus" subsystem="tab" outcome="ok" workspace_id="wA" tab_id="wA:t5"
2026-08-05T17:28:17.686974Z  INFO herdr::logging: tab focused event="tab.focus" subsystem="tab" outcome="ok" workspace_id="wA" tab_id="wA:t4"
2026-08-05T17:28:22.706660Z  INFO herdr::logging: session saved event="persist.save" subsystem="persist" outcome="ok" path=/Users/vince/.config/herdr/session.json workspaces=3
2026-08-05T17:29:38.735967Z  INFO herdr::logging: tab focused event="tab.focus" subsystem="tab" outcome="ok" workspace_id="wA" tab_id="wA:t5"
2026-08-05T17:29:43.758851Z  INFO herdr::logging: session saved event="persist.save" subsystem="persist" outcome="ok" path=/Users/vince/.config/herdr/session.json workspaces=3
2026-08-05T17:29:44.211659Z  INFO herdr::logging: tab focused event="tab.focus" subsystem="tab" outcome="ok" workspace_id="wA" tab_id="wA:t1"
2026-08-05T17:29:49.224719Z  INFO herdr::logging: session saved event="persist.save" subsystem="persist" outcome="ok" path=/Users/vince/.config/herdr/session.json workspaces=3
2026-08-05T20:20:02.325616Z  INFO herdr::server::headless: client resize client_id=26 cols=211 rows=63 cell_width_px=0 cell_height_px=0
2026-08-05T20:20:02.592866Z  INFO herdr::server::headless: client resize client_id=26 cols=211 rows=48 cell_width_px=0 cell_height_px=0
2026-08-05T20:20:02.810672Z  INFO herdr::server::headless: client resize client_id=26 cols=142 rows=48 cell_width_px=0 cell_height_px=0
2026-08-05T20:20:06.763687Z  INFO herdr::server::headless: client resize client_id=26 cols=211 rows=63 cell_width_px=0 cell_height_px=0
2026-08-05T20:20:29.191475Z  INFO herdr::logging: tab focused event="tab.focus" subsystem="tab" outcome="ok" workspace_id="wA" tab_id="wA:t4"
2026-08-05T20:20:34.205480Z  INFO herdr::logging: session saved event="persist.save" subsystem="persist" outcome="ok" path=/Users/vince/.config/herdr/session.json workspaces=3
2026-08-05T20:21:25.684447Z  INFO herdr::logging: tab focused event="tab.focus" subsystem="tab" outcome="ok" workspace_id="wA" tab_id="wA:t2"
2026-08-05T20:21:30.686413Z  INFO herdr::logging: tab focused event="tab.focus" subsystem="tab" outcome="ok" workspace_id="wA" tab_id="wA:t5"
2026-08-05T20:21:31.399536Z  INFO herdr::logging: tab focused event="tab.focus" subsystem="tab" outcome="ok" workspace_id="wA" tab_id="wA:t4"
2026-08-05T20:21:36.427955Z  INFO herdr::logging: session saved event="persist.save" subsystem="persist" outcome="ok" path=/Users/vince/.config/herdr/session.json workspaces=3
2026-08-05T20:21:45.256079Z  INFO herdr::logging: tab focused event="tab.focus" subsystem="tab" outcome="ok" workspace_id="wA" tab_id="wA:t1"
2026-08-05T20:21:50.272966Z  INFO herdr::logging: session saved event="persist.save" subsystem="persist" outcome="ok" path=/Users/vince/.config/herdr/session.json workspaces=3
2026-08-05T20:22:19.652872Z  INFO herdr::logging: tab focused event="tab.focus" subsystem="tab" outcome="ok" workspace_id="wA" tab_id="wA:t5"
2026-08-05T20:22:22.972644Z  INFO herdr::logging: tab focused event="tab.focus" subsystem="tab" outcome="ok" workspace_id="wA" tab_id="wA:t4"
2026-08-05T20:22:23.460936Z  INFO herdr::logging: tab focused event="tab.focus" subsystem="tab" outcome="ok" workspace_id="wA" tab_id="wA:t5"
2026-08-05T20:22:28.483824Z  INFO herdr::logging: session saved event="persist.save" subsystem="persist" outcome="ok" path=/Users/vince/.config/herdr/session.json workspaces=3
2026-08-05T20:22:35.285612Z  INFO herdr::logging: tab focused event="tab.focus" subsystem="tab" outcome="ok" workspace_id="wA" tab_id="wA:t4"
2026-08-05T20:22:36.109732Z  INFO herdr::logging: tab focused event="tab.focus" subsystem="tab" outcome="ok" workspace_id="wA" tab_id="wA:t3"
2026-08-05T20:22:36.773471Z  INFO herdr::logging: tab focused event="tab.focus" subsystem="tab" outcome="ok" workspace_id="wA" tab_id="wA:t2"
2026-08-05T20:22:37.608022Z  INFO herdr::logging: tab focused event="tab.focus" subsystem="tab" outcome="ok" workspace_id="wA" tab_id="wA:t1"
2026-08-05T20:22:42.643162Z  INFO herdr::logging: session saved event="persist.save" subsystem="persist" outcome="ok" path=/Users/vince/.config/herdr/session.json workspaces=3
2026-08-05T20:23:49.535190Z  INFO herdr::logging: tab focused event="tab.focus" subsystem="tab" outcome="ok" workspace_id="wA" tab_id="wA:t5"
2026-08-05T20:23:54.540139Z  INFO herdr::logging: session saved event="persist.save" subsystem="persist" outcome="ok" path=/Users/vince/.config/herdr/session.json workspaces=3
2026-08-05T20:23:56.963189Z  INFO herdr::logging: tab focused event="tab.focus" subsystem="tab" outcome="ok" workspace_id="wA" tab_id="wA:t1"
2026-08-05T20:24:01.977452Z  INFO herdr::logging: session saved event="persist.save" subsystem="persist" outcome="ok" path=/Users/vince/.config/herdr/session.json workspaces=3
2026-08-05T20:26:22.880124Z  INFO herdr::logging: tab focused event="tab.focus" subsystem="tab" outcome="ok" workspace_id="wA" tab_id="wA:t5"
2026-08-05T20:26:24.049831Z  INFO herdr::logging: tab focused event="tab.focus" subsystem="tab" outcome="ok" workspace_id="wA" tab_id="wA:t4"
2026-08-05T20:26:25.148769Z  INFO herdr::logging: tab focused event="tab.focus" subsystem="tab" outcome="ok" workspace_id="wA" tab_id="wA:t2"
2026-08-05T20:26:25.743278Z  INFO herdr::logging: tab focused event="tab.focus" subsystem="tab" outcome="ok" workspace_id="wA" tab_id="wA:t1"
2026-08-05T20:26:30.774565Z  INFO herdr::logging: session saved event="persist.save" subsystem="persist" outcome="ok" path=/Users/vince/.config/herdr/session.json workspaces=3
2026-08-05T20:27:21.191729Z  INFO herdr::logging: tab focused event="tab.focus" subsystem="tab" outcome="ok" workspace_id="wA" tab_id="wA:t5"
2026-08-05T20:27:25.857812Z  INFO herdr::logging: tab focused event="tab.focus" subsystem="tab" outcome="ok" workspace_id="wA" tab_id="wA:t1"
2026-08-05T20:27:30.862713Z  INFO herdr::logging: session saved event="persist.save" subsystem="persist" outcome="ok" path=/Users/vince/.config/herdr/session.json workspaces=3
2026-08-05T20:28:34.110772Z  INFO herdr::logging: tab focused event="tab.focus" subsystem="tab" outcome="ok" workspace_id="wA" tab_id="wA:t4"
2026-08-05T20:28:39.122073Z  INFO herdr::logging: session saved event="persist.save" subsystem="persist" outcome="ok" path=/Users/vince/.config/herdr/session.json workspaces=3
2026-08-05T20:29:12.472072Z  INFO herdr::app::actions: copied selection to clipboard
2026-08-05T20:29:13.551872Z  INFO herdr::app::actions: copied selection to clipboard
2026-08-05T20:29:28.611526Z  INFO herdr::app::actions: copied selection to clipboard
2026-08-05T20:29:30.472306Z  INFO herdr::app::actions: copied selection to clipboard
2026-08-05T20:32:33.410824Z  INFO herdr::logging: tab focused event="tab.focus" subsystem="tab" outcome="ok" workspace_id="wA" tab_id="wA:t1"
2026-08-05T20:32:38.424872Z  INFO herdr::logging: session saved event="persist.save" subsystem="persist" outcome="ok" path=/Users/vince/.config/herdr/session.json workspaces=3
2026-08-05T20:34:10.313200Z  INFO herdr::logging: tab focused event="tab.focus" subsystem="tab" outcome="ok" workspace_id="wA" tab_id="wA:t5"
2026-08-05T20:34:11.227507Z  INFO herdr::logging: tab focused event="tab.focus" subsystem="tab" outcome="ok" workspace_id="wA" tab_id="wA:t1"
2026-08-05T20:34:16.245271Z  INFO herdr::logging: session saved event="persist.save" subsystem="persist" outcome="ok" path=/Users/vince/.config/herdr/session.json workspaces=3
2026-08-05T20:35:09.263688Z  INFO herdr::logging: tab focused event="tab.focus" subsystem="tab" outcome="ok" workspace_id="wA" tab_id="wA:t4"
2026-08-05T20:35:12.232889Z  INFO herdr::logging: tab focused event="tab.focus" subsystem="tab" outcome="ok" workspace_id="wA" tab_id="wA:t5"
2026-08-05T20:35:17.245181Z  INFO herdr::logging: session saved event="persist.save" subsystem="persist" outcome="ok" path=/Users/vince/.config/herdr/session.json workspaces=3
2026-08-05T20:39:18.059862Z  INFO herdr::app::actions: copied selection to clipboard
2026-08-05T20:41:07.321325Z  INFO herdr::logging: tab focused event="tab.focus" subsystem="tab" outcome="ok" workspace_id="wA" tab_id="wA:t1"
2026-08-05T20:41:08.230453Z  INFO herdr::logging: tab focused event="tab.focus" subsystem="tab" outcome="ok" workspace_id="wA" tab_id="wA:t5"
2026-08-05T20:41:13.248050Z  INFO herdr::logging: session saved event="persist.save" subsystem="persist" outcome="ok" path=/Users/vince/.config/herdr/session.json workspaces=3
2026-08-05T20:42:14.720350Z  INFO herdr::logging: tab focused event="tab.focus" subsystem="tab" outcome="ok" workspace_id="wA" tab_id="wA:t1"
2026-08-05T20:42:17.348310Z  INFO herdr::logging: tab focused event="tab.focus" subsystem="tab" outcome="ok" workspace_id="wA" tab_id="wA:t5"
2026-08-05T20:42:22.381476Z  INFO herdr::logging: session saved event="persist.save" subsystem="persist" outcome="ok" path=/Users/vince/.config/herdr/session.json workspaces=3
2026-08-05T20:42:39.562695Z  INFO herdr::app::actions: copied selection to clipboard
2026-08-05T20:43:11.317036Z  INFO herdr::app::actions: copied selection to clipboard
2026-08-05T20:45:02.347559Z  INFO herdr::app::actions: copied selection to clipboard
2026-08-05T20:45:29.132451Z  INFO herdr::app::actions: copied selection to clipboard
2026-08-05T20:45:52.337528Z  INFO herdr::logging: tab focused event="tab.focus" subsystem="tab" outcome="ok" workspace_id="wA" tab_id="wA:t1"
2026-08-05T20:45:54.878736Z  INFO herdr::logging: tab focused event="tab.focus" subsystem="tab" outcome="ok" workspace_id="wA" tab_id="wA:t5"
2026-08-05T20:45:59.890425Z  INFO herdr::logging: session saved event="persist.save" subsystem="persist" outcome="ok" path=/Users/vince/.config/herdr/session.json workspaces=3
2026-08-05T20:46:04.419624Z  INFO herdr::app::actions: copied selection to clipboard
2026-08-05T20:46:05.656875Z  INFO herdr::logging: tab focused event="tab.focus" subsystem="tab" outcome="ok" workspace_id="wA" tab_id="wA:t1"
2026-08-05T20:46:10.665521Z  INFO herdr::logging: session saved event="persist.save" subsystem="persist" outcome="ok" path=/Users/vince/.config/herdr/session.json workspaces=3
2026-08-05T20:46:43.881274Z  INFO herdr::logging: tab focused event="tab.focus" subsystem="tab" outcome="ok" workspace_id="wA" tab_id="wA:t5"
2026-08-05T20:46:48.899944Z  INFO herdr::logging: session saved event="persist.save" subsystem="persist" outcome="ok" path=/Users/vince/.config/herdr/session.json workspaces=3
2026-08-05T20:47:16.223803Z  INFO herdr::app::actions: copied selection to clipboard
2026-08-05T20:47:17.785291Z  INFO herdr::logging: tab focused event="tab.focus" subsystem="tab" outcome="ok" workspace_id="wA" tab_id="wA:t1"
2026-08-05T20:47:22.819746Z  INFO herdr::logging: session saved event="persist.save" subsystem="persist" outcome="ok" path=/Users/vince/.config/herdr/session.json workspaces=3
2026-08-05T20:47:36.655928Z  INFO herdr::logging: tab focused event="tab.focus" subsystem="tab" outcome="ok" workspace_id="wA" tab_id="wA:t5"
2026-08-05T20:47:41.680651Z  INFO herdr::logging: session saved event="persist.save" subsystem="persist" outcome="ok" path=/Users/vince/.config/herdr/session.json workspaces=3
2026-08-05T20:54:00.887773Z  INFO herdr::app::actions: copied selection to clipboard
2026-08-05T20:54:04.254609Z  INFO herdr::app::actions: copied selection to clipboard
2026-08-05T20:54:05.633725Z  INFO herdr::app::actions: copied selection to clipboard
2026-08-05T20:58:28.404027Z  INFO herdr::app::actions: copied selection to clipboard
2026-08-05T20:58:31.943297Z  INFO herdr::app::actions: copied selection to clipboard
2026-08-05T20:58:36.822297Z  INFO herdr::app::actions: copied selection to clipboard
2026-08-05T20:58:38.902612Z  INFO herdr::app::actions: copied selection to clipboard
2026-08-05T20:58:40.472284Z  INFO herdr::logging: tab focused event="tab.focus" subsystem="tab" outcome="ok" workspace_id="wA" tab_id="wA:t1"
2026-08-05T20:58:45.483454Z  INFO herdr::logging: session saved event="persist.save" subsystem="persist" outcome="ok" path=/Users/vince/.config/herdr/session.json workspaces=3
2026-08-05T21:02:20.616505Z  INFO herdr::logging: tab focused event="tab.focus" subsystem="tab" outcome="ok" workspace_id="wA" tab_id="wA:t5"
2026-08-05T21:02:25.641544Z  INFO herdr::logging: session saved event="persist.save" subsystem="persist" outcome="ok" path=/Users/vince/.config/herdr/session.json workspaces=3
2026-08-05T21:06:32.276820Z  INFO herdr::app::actions: copied selection to clipboard
2026-08-05T21:06:40.632178Z  INFO herdr::app::actions: copied selection to clipboard
2026-08-05T21:12:56.422991Z  INFO herdr::app::actions: copied selection to clipboard
2026-08-05T21:13:13.710576Z  INFO herdr::logging: tab focused event="tab.focus" subsystem="tab" outcome="ok" workspace_id="wA" tab_id="wA:t1"
2026-08-05T21:13:18.735974Z  INFO herdr::logging: session saved event="persist.save" subsystem="persist" outcome="ok" path=/Users/vince/.config/herdr/session.json workspaces=3
2026-08-05T21:13:25.338074Z  INFO herdr::logging: tab focused event="tab.focus" subsystem="tab" outcome="ok" workspace_id="wA" tab_id="wA:t5"
2026-08-05T21:13:30.369999Z  INFO herdr::logging: session saved event="persist.save" subsystem="persist" outcome="ok" path=/Users/vince/.config/herdr/session.json workspaces=3
2026-08-05T21:13:32.411923Z  INFO herdr::logging: tab focused event="tab.focus" subsystem="tab" outcome="ok" workspace_id="wA" tab_id="wA:t5"
2026-08-05T21:13:37.423945Z  INFO herdr::logging: session saved event="persist.save" subsystem="persist" outcome="ok" path=/Users/vince/.config/herdr/session.json workspaces=3
2026-08-05T21:16:02.063608Z  INFO herdr::logging: tab focused event="tab.focus" subsystem="tab" outcome="ok" workspace_id="wA" tab_id="wA:t1"
2026-08-05T21:16:07.083034Z  INFO herdr::logging: session saved event="persist.save" subsystem="persist" outcome="ok" path=/Users/vince/.config/herdr/session.json workspaces=3
2026-08-05T21:16:20.654883Z  INFO herdr::logging: tab focused event="tab.focus" subsystem="tab" outcome="ok" workspace_id="wA" tab_id="wA:t5"
2026-08-05T21:16:25.663881Z  INFO herdr::logging: session saved event="persist.save" subsystem="persist" outcome="ok" path=/Users/vince/.config/herdr/session.json workspaces=3
2026-08-05T21:18:32.338013Z  INFO herdr::logging: tab focused event="tab.focus" subsystem="tab" outcome="ok" workspace_id="wA" tab_id="wA:t1"
2026-08-05T21:18:37.357712Z  INFO herdr::logging: session saved event="persist.save" subsystem="persist" outcome="ok" path=/Users/vince/.config/herdr/session.json workspaces=3
2026-08-05T21:39:30.518481Z  INFO herdr::logging: tab focused event="tab.focus" subsystem="tab" outcome="ok" workspace_id="wA" tab_id="wA:t5"
2026-08-05T21:39:35.535008Z  INFO herdr::logging: session saved event="persist.save" subsystem="persist" outcome="ok" path=/Users/vince/.config/herdr/session.json workspaces=3
2026-08-05T21:52:57.798291Z  INFO herdr::server::headless: client connected client_id=56 cols=80 rows=24 cell_width_px=0 cell_height_px=0 render_encoding=SemanticFrame
2026-08-05T21:52:57.856490Z  INFO herdr::server::headless: client disconnected client_id=56
2026-08-05T21:53:30.775639Z  INFO herdr::logging: tab focused event="tab.focus" subsystem="tab" outcome="ok" workspace_id="wA" tab_id="wA:t1"
2026-08-05T21:53:35.809304Z  INFO herdr::logging: session saved event="persist.save" subsystem="persist" outcome="ok" path=/Users/vince/.config/herdr/session.json workspaces=3
2026-08-05T21:54:58.662029Z  INFO herdr::logging: tab focused event="tab.focus" subsystem="tab" outcome="ok" workspace_id="wA" tab_id="wA:t5"
2026-08-05T21:55:03.677811Z  INFO herdr::logging: session saved event="persist.save" subsystem="persist" outcome="ok" path=/Users/vince/.config/herdr/session.json workspaces=3
2026-08-05T21:55:20.863665Z  INFO herdr::logging: tab focused event="tab.focus" subsystem="tab" outcome="ok" workspace_id="wA" tab_id="wA:t1"
2026-08-05T21:55:25.874767Z  INFO herdr::logging: session saved event="persist.save" subsystem="persist" outcome="ok" path=/Users/vince/.config/herdr/session.json workspaces=3
2026-08-05T21:55:32.095481Z  INFO herdr::logging: tab focused event="tab.focus" subsystem="tab" outcome="ok" workspace_id="wA" tab_id="wA:t5"
2026-08-05T21:55:35.836606Z  INFO herdr::logging: tab focused event="tab.focus" subsystem="tab" outcome="ok" workspace_id="wA" tab_id="wA:t1"
2026-08-05T21:55:40.843018Z  INFO herdr::logging: session saved event="persist.save" subsystem="persist" outcome="ok" path=/Users/vince/.config/herdr/session.json workspaces=3
2026-08-05T21:55:59.034235Z  INFO herdr::logging: tab focused event="tab.focus" subsystem="tab" outcome="ok" workspace_id="wA" tab_id="wA:t5"
2026-08-05T21:56:04.055628Z  INFO herdr::logging: session saved event="persist.save" subsystem="persist" outcome="ok" path=/Users/vince/.config/herdr/session.json workspaces=3
2026-08-06T00:24:34.845699Z  INFO herdr::server::headless: client resize client_id=26 cols=142 rows=48 cell_width_px=0 cell_height_px=0
2026-08-06T00:24:38.667522Z  INFO herdr::server::headless: client resize client_id=26 cols=211 rows=63 cell_width_px=0 cell_height_px=0
2026-08-06T00:24:39.105270Z  INFO herdr::server::headless: client resize client_id=26 cols=142 rows=48 cell_width_px=0 cell_height_px=0
2026-08-06T00:24:43.190154Z  INFO herdr::server::headless: client resize client_id=26 cols=211 rows=63 cell_width_px=0 cell_height_px=0
2026-08-06T00:25:10.073716Z  INFO herdr::logging: tab focused event="tab.focus" subsystem="tab" outcome="ok" workspace_id="wA" tab_id="wA:t4"
2026-08-06T00:25:15.103323Z  INFO herdr::logging: session saved event="persist.save" subsystem="persist" outcome="ok" path=/Users/vince/.config/herdr/session.json workspaces=3
2026-08-06T00:26:01.538670Z  INFO herdr::logging: tab focused event="tab.focus" subsystem="tab" outcome="ok" workspace_id="wA" tab_id="wA:t2"
2026-08-06T00:26:06.560342Z  INFO herdr::logging: session saved event="persist.save" subsystem="persist" outcome="ok" path=/Users/vince/.config/herdr/session.json workspaces=3
2026-08-06T00:26:12.252753Z  INFO herdr::logging: tab focused event="tab.focus" subsystem="tab" outcome="ok" workspace_id="wA" tab_id="wA:t5"
2026-08-06T00:26:14.083939Z  INFO herdr::logging: tab focused event="tab.focus" subsystem="tab" outcome="ok" workspace_id="wA" tab_id="wA:t4"
2026-08-06T00:26:19.093134Z  INFO herdr::logging: session saved event="persist.save" subsystem="persist" outcome="ok" path=/Users/vince/.config/herdr/session.json workspaces=3
2026-08-06T07:37:28.128286Z  INFO herdr::server::headless: client resize client_id=26 cols=142 rows=48 cell_width_px=0 cell_height_px=0
2026-08-06T07:56:06.110346Z  INFO herdr::logging: tab focused event="tab.focus" subsystem="tab" outcome="ok" workspace_id="wA" tab_id="wA:t2"
2026-08-06T07:56:11.145464Z  INFO herdr::logging: session saved event="persist.save" subsystem="persist" outcome="ok" path=/Users/vince/.config/herdr/session.json workspaces=3
2026-08-06T07:56:24.321273Z  INFO herdr::logging: tab focused event="tab.focus" subsystem="tab" outcome="ok" workspace_id="wA" tab_id="wA:t3"
2026-08-06T07:56:25.272062Z  INFO herdr::logging: tab focused event="tab.focus" subsystem="tab" outcome="ok" workspace_id="wA" tab_id="wA:t4"
2026-08-06T07:56:28.383920Z  INFO herdr::logging: tab focused event="tab.focus" subsystem="tab" outcome="ok" workspace_id="wA" tab_id="wA:t5"
2026-08-06T07:56:29.236810Z  INFO herdr::logging: tab focused event="tab.focus" subsystem="tab" outcome="ok" workspace_id="wA" tab_id="wA:t4"
2026-08-06T07:56:33.079650Z  INFO herdr::app::actions: copied selection to clipboard
2026-08-06T07:56:34.255640Z  INFO herdr::logging: session saved event="persist.save" subsystem="persist" outcome="ok" path=/Users/vince/.config/herdr/session.json workspaces=3
2026-08-06T07:57:21.511633Z  INFO herdr::app::actions: copied selection to clipboard
2026-08-06T07:57:33.686501Z  INFO herdr::logging: tab focused event="tab.focus" subsystem="tab" outcome="ok" workspace_id="wA" tab_id="wA:t2"
2026-08-06T07:57:38.712816Z  INFO herdr::logging: session saved event="persist.save" subsystem="persist" outcome="ok" path=/Users/vince/.config/herdr/session.json workspaces=3
2026-08-06T07:58:46.761002Z  INFO herdr::logging: workspace focused event="workspace.focus" subsystem="workspace" outcome="ok" workspace_id="w2"
2026-08-06T07:58:46.761180Z  INFO herdr::logging: tab focused event="tab.focus" subsystem="tab" outcome="ok" workspace_id="w2" tab_id="w2:t3"
2026-08-06T07:58:49.619267Z  INFO herdr::logging: workspace focused event="workspace.focus" subsystem="workspace" outcome="ok" workspace_id="wA"
2026-08-06T07:58:49.619314Z  INFO herdr::logging: tab focused event="tab.focus" subsystem="tab" outcome="ok" workspace_id="wA" tab_id="wA:t4"
2026-08-06T07:58:50.234925Z  INFO herdr::logging: api request received event="api.request.start" subsystem="api" outcome="started" request_id="cli:tab:focus" method="tab.focus" changes_ui=true
2026-08-06T07:58:50.235017Z  INFO herdr::logging: tab focused event="tab.focus" subsystem="tab" outcome="ok" workspace_id="wA" tab_id="wA:t1"
2026-08-06T07:58:50.235042Z  INFO herdr::logging: api request completed event="api.request.complete" subsystem="api" outcome="ok" request_id="cli:tab:focus" method="tab.focus"
2026-08-06T07:58:55.239510Z  INFO herdr::logging: session saved event="persist.save" subsystem="persist" outcome="ok" path=/Users/vince/.config/herdr/session.json workspaces=3
2026-08-06T07:59:17.385236Z  INFO herdr::logging: tab focused event="tab.focus" subsystem="tab" outcome="ok" workspace_id="wA" tab_id="wA:t5"
2026-08-06T07:59:19.312168Z  INFO herdr::logging: tab focused event="tab.focus" subsystem="tab" outcome="ok" workspace_id="wA" tab_id="wA:t4"
2026-08-06T07:59:24.335595Z  INFO herdr::logging: session saved event="persist.save" subsystem="persist" outcome="ok" path=/Users/vince/.config/herdr/session.json workspaces=3
2026-08-06T08:00:00.700558Z  INFO herdr::logging: tab focused event="tab.focus" subsystem="tab" outcome="ok" workspace_id="wA" tab_id="wA:t2"
2026-08-06T08:00:05.731258Z  INFO herdr::logging: session saved event="persist.save" subsystem="persist" outcome="ok" path=/Users/vince/.config/herdr/session.json workspaces=3
2026-08-06T08:06:58.915656Z  INFO herdr::logging: tab focused event="tab.focus" subsystem="tab" outcome="ok" workspace_id="wA" tab_id="wA:t5"
2026-08-06T08:06:59.837708Z  INFO herdr::logging: tab focused event="tab.focus" subsystem="tab" outcome="ok" workspace_id="wA" tab_id="wA:t4"
2026-08-06T08:07:04.854373Z  INFO herdr::logging: session saved event="persist.save" subsystem="persist" outcome="ok" path=/Users/vince/.config/herdr/session.json workspaces=3
2026-08-06T08:10:29.067721Z  INFO herdr::logging: tab focused event="tab.focus" subsystem="tab" outcome="ok" workspace_id="wA" tab_id="wA:t1"
2026-08-06T08:10:32.075609Z  INFO herdr::logging: tab focused event="tab.focus" subsystem="tab" outcome="ok" workspace_id="wA" tab_id="wA:t5"
2026-08-06T08:10:37.091135Z  INFO herdr::logging: session saved event="persist.save" subsystem="persist" outcome="ok" path=/Users/vince/.config/herdr/session.json workspaces=3
2026-08-06T08:10:53.451004Z  INFO herdr::logging: tab focused event="tab.focus" subsystem="tab" outcome="ok" workspace_id="wA" tab_id="wA:t1"
2026-08-06T08:10:58.472809Z  INFO herdr::logging: session saved event="persist.save" subsystem="persist" outcome="ok" path=/Users/vince/.config/herdr/session.json workspaces=3
2026-08-06T08:11:33.167489Z  INFO herdr::logging: tab focused event="tab.focus" subsystem="tab" outcome="ok" workspace_id="wA" tab_id="wA:t5"
2026-08-06T08:11:38.182073Z  INFO herdr::logging: session saved event="persist.save" subsystem="persist" outcome="ok" path=/Users/vince/.config/herdr/session.json workspaces=3
2026-08-06T08:11:41.982251Z  INFO herdr::logging: tab focused event="tab.focus" subsystem="tab" outcome="ok" workspace_id="wA" tab_id="wA:t4"
2026-08-06T08:11:47.003611Z  INFO herdr::logging: session saved event="persist.save" subsystem="persist" outcome="ok" path=/Users/vince/.config/herdr/session.json workspaces=3
2026-08-06T08:20:36.111282Z  INFO herdr::server::headless: client resize client_id=26 cols=78 rows=46 cell_width_px=0 cell_height_px=0
2026-08-06T08:20:57.966273Z  INFO herdr::server::headless: client resize client_id=26 cols=158 rows=46 cell_width_px=0 cell_height_px=0
2026-08-06T08:32:34.023882Z  INFO herdr::logging: tab focused event="tab.focus" subsystem="tab" outcome="ok" workspace_id="wA" tab_id="wA:t1"
2026-08-06T08:32:37.613175Z  INFO herdr::logging: tab focused event="tab.focus" subsystem="tab" outcome="ok" workspace_id="wA" tab_id="wA:t5"
2026-08-06T08:32:42.622512Z  INFO herdr::logging: session saved event="persist.save" subsystem="persist" outcome="ok" path=/Users/vince/.config/herdr/session.json workspaces=3
2026-08-06T08:34:32.292792Z  INFO herdr::logging: tab focused event="tab.focus" subsystem="tab" outcome="ok" workspace_id="wA" tab_id="wA:t1"
2026-08-06T08:34:34.936818Z  INFO herdr::logging: tab focused event="tab.focus" subsystem="tab" outcome="ok" workspace_id="wA" tab_id="wA:t5"
2026-08-06T08:34:39.947664Z  INFO herdr::logging: session saved event="persist.save" subsystem="persist" outcome="ok" path=/Users/vince/.config/herdr/session.json workspaces=3
2026-08-06T08:36:04.012162Z  INFO herdr::app::actions: copied selection to clipboard
2026-08-06T08:36:12.243728Z  INFO herdr::app::actions: copied selection to clipboard
2026-08-06T08:36:18.860466Z  INFO herdr::logging: tab focused event="tab.focus" subsystem="tab" outcome="ok" workspace_id="wA" tab_id="wA:t1"
2026-08-06T08:36:23.879995Z  INFO herdr::logging: session saved event="persist.save" subsystem="persist" outcome="ok" path=/Users/vince/.config/herdr/session.json workspaces=3
2026-08-06T08:36:40.060722Z  INFO herdr::logging: tab focused event="tab.focus" subsystem="tab" outcome="ok" workspace_id="wA" tab_id="wA:t5"
2026-08-06T08:36:40.930199Z  INFO herdr::logging: tab focused event="tab.focus" subsystem="tab" outcome="ok" workspace_id="wA" tab_id="wA:t4"
2026-08-06T08:36:41.999600Z  INFO herdr::logging: tab focused event="tab.focus" subsystem="tab" outcome="ok" workspace_id="wA" tab_id="wA:t1"
2026-08-06T08:36:43.399502Z  INFO herdr::logging: tab focused event="tab.focus" subsystem="tab" outcome="ok" workspace_id="wA" tab_id="wA:t3"
2026-08-06T08:36:44.092739Z  INFO herdr::logging: tab focused event="tab.focus" subsystem="tab" outcome="ok" workspace_id="wA" tab_id="wA:t2"
2026-08-06T08:36:45.176249Z  INFO herdr::logging: tab focused event="tab.focus" subsystem="tab" outcome="ok" workspace_id="wA" tab_id="wA:t5"
2026-08-06T08:36:50.202352Z  INFO herdr::logging: session saved event="persist.save" subsystem="persist" outcome="ok" path=/Users/vince/.config/herdr/session.json workspaces=3
2026-08-06T08:36:54.354786Z  INFO herdr::logging: tab focused event="tab.focus" subsystem="tab" outcome="ok" workspace_id="wA" tab_id="wA:t1"
2026-08-06T08:36:59.366565Z  INFO herdr::logging: session saved event="persist.save" subsystem="persist" outcome="ok" path=/Users/vince/.config/herdr/session.json workspaces=3
2026-08-06T08:41:59.313150Z  INFO herdr::logging: tab focused event="tab.focus" subsystem="tab" outcome="ok" workspace_id="wA" tab_id="wA:t5"
2026-08-06T08:42:04.328667Z  INFO herdr::logging: session saved event="persist.save" subsystem="persist" outcome="ok" path=/Users/vince/.config/herdr/session.json workspaces=3
2026-08-06T08:43:16.429806Z  INFO herdr::app::actions: copied selection to clipboard
2026-08-06T08:43:21.381175Z  INFO herdr::app::actions: copied selection to clipboard
2026-08-06T08:44:03.164144Z  INFO herdr::app::actions: copied selection to clipboard
2026-08-06T08:44:08.182242Z  INFO herdr::app::actions: copied selection to clipboard
2026-08-06T08:44:09.442503Z  INFO herdr::app::actions: copied selection to clipboard
2026-08-06T08:44:10.828592Z  INFO herdr::app::actions: copied selection to clipboard
2026-08-06T08:44:16.200519Z  INFO herdr::app::actions: copied selection to clipboard
2026-08-06T08:44:17.902314Z  INFO herdr::logging: session saved event="persist.save" subsystem="persist" outcome="ok" path=/Users/vince/.config/herdr/session.json workspaces=3
2026-08-06T08:44:30.837064Z  INFO herdr::logging: session saved event="persist.save" subsystem="persist" outcome="ok" path=/Users/vince/.config/herdr/session.json workspaces=3
2026-08-06T08:48:48.424133Z  INFO herdr::logging: tab focused event="tab.focus" subsystem="tab" outcome="ok" workspace_id="wA" tab_id="wA:t2"
2026-08-06T08:48:49.212703Z  INFO herdr::logging: tab focused event="tab.focus" subsystem="tab" outcome="ok" workspace_id="wA" tab_id="wA:t5"
2026-08-06T08:48:54.239311Z  INFO herdr::logging: session saved event="persist.save" subsystem="persist" outcome="ok" path=/Users/vince/.config/herdr/session.json workspaces=3
2026-08-06T08:54:33.765757Z  INFO herdr::server::headless: client resize client_id=26 cols=142 rows=47 cell_width_px=0 cell_height_px=0
2026-08-06T08:54:34.256265Z  INFO herdr::server::headless: client resize client_id=26 cols=78 rows=46 cell_width_px=0 cell_height_px=0
2026-08-06T08:54:36.824230Z  INFO herdr::server::headless: client resize client_id=26 cols=158 rows=46 cell_width_px=0 cell_height_px=0
2026-08-06T08:56:38.487257Z  INFO herdr::app::actions: copied selection to clipboard
2026-08-06T08:57:50.254429Z  INFO herdr::app::actions: copied selection to clipboard
2026-08-06T09:01:04.568783Z  INFO herdr::app::actions: copied selection to clipboard
2026-08-06T09:15:58.650070Z  INFO herdr::server::headless: client resize client_id=26 cols=142 rows=47 cell_width_px=0 cell_height_px=0
2026-08-06T09:15:59.279857Z  INFO herdr::server::headless: client resize client_id=26 cols=78 rows=46 cell_width_px=0 cell_height_px=0
2026-08-06T09:16:01.562443Z  INFO herdr::server::headless: client resize client_id=26 cols=158 rows=46 cell_width_px=0 cell_height_px=0
2026-08-06T09:28:31.345368Z  INFO herdr::app::actions: copied selection to clipboard
2026-08-06T09:28:33.168286Z  INFO herdr::app::actions: copied selection to clipboard
2026-08-06T09:28:37.714230Z  INFO herdr::app::actions: copied selection to clipboard
2026-08-06T11:55:44.324016Z  INFO herdr::server::headless: client resize client_id=26 cols=142 rows=47 cell_width_px=0 cell_height_px=0
2026-08-06T11:55:44.772392Z  INFO herdr::server::headless: client resize client_id=26 cols=78 rows=46 cell_width_px=0 cell_height_px=0
2026-08-06T11:55:47.152971Z  INFO herdr::server::headless: client resize client_id=26 cols=158 rows=46 cell_width_px=0 cell_height_px=0
2026-08-06T12:14:06.883663Z  INFO herdr::server::headless: client resize client_id=26 cols=142 rows=47 cell_width_px=0 cell_height_px=0
2026-08-06T12:14:07.286069Z  INFO herdr::server::headless: client resize client_id=26 cols=78 rows=46 cell_width_px=0 cell_height_px=0
2026-08-06T12:14:09.651233Z  INFO herdr::server::headless: client resize client_id=26 cols=158 rows=46 cell_width_px=0 cell_height_px=0
2026-08-06T12:19:54.704326Z  INFO herdr::server::headless: client connected client_id=58 cols=80 rows=24 cell_width_px=0 cell_height_px=0 render_encoding=SemanticFrame
2026-08-06T12:19:54.752300Z  INFO herdr::server::headless: client disconnected client_id=58
2026-08-06T13:00:16.113401Z  INFO herdr::logging: tab focused event="tab.focus" subsystem="tab" outcome="ok" workspace_id="wA" tab_id="wA:t2"
2026-08-06T13:00:21.125238Z  INFO herdr::logging: session saved event="persist.save" subsystem="persist" outcome="ok" path=/Users/vince/.config/herdr/session.json workspaces=3
2026-08-06T13:44:49.529564Z  INFO herdr::server::headless: client resize client_id=26 cols=142 rows=47 cell_width_px=0 cell_height_px=0
2026-08-06T13:44:50.180314Z  INFO herdr::server::headless: client resize client_id=26 cols=78 rows=46 cell_width_px=0 cell_height_px=0
2026-08-06T13:44:52.451747Z  INFO herdr::server::headless: client resize client_id=26 cols=158 rows=46 cell_width_px=0 cell_height_px=0
2026-08-06T13:45:58.544876Z  INFO herdr::logging: tab focused event="tab.focus" subsystem="tab" outcome="ok" workspace_id="wA" tab_id="wA:t4"
2026-08-06T13:46:03.574064Z  INFO herdr::logging: session saved event="persist.save" subsystem="persist" outcome="ok" path=/Users/vince/.config/herdr/session.json workspaces=3
2026-08-06T14:16:53.601461Z  INFO herdr::logging: workspace focused event="workspace.focus" subsystem="workspace" outcome="ok" workspace_id="w9"
2026-08-06T14:16:53.608514Z  INFO herdr::logging: tab focused event="tab.focus" subsystem="tab" outcome="ok" workspace_id="w9" tab_id="w9:t2"
2026-08-06T14:16:54.681609Z  INFO herdr::logging: tab focused event="tab.focus" subsystem="tab" outcome="ok" workspace_id="w9" tab_id="w9:t3"
2026-08-06T14:16:55.278320Z  INFO herdr::logging: tab focused event="tab.focus" subsystem="tab" outcome="ok" workspace_id="w9" tab_id="w9:tA"
2026-08-06T14:16:57.077892Z  INFO herdr::logging: tab focused event="tab.focus" subsystem="tab" outcome="ok" workspace_id="w9" tab_id="w9:t3"
2026-08-06T14:17:02.088141Z  INFO herdr::logging: session saved event="persist.save" subsystem="persist" outcome="ok" path=/Users/vince/.config/herdr/session.json workspaces=3
2026-08-06T14:46:52.765586Z  INFO herdr::server::headless: client resize client_id=26 cols=142 rows=47 cell_width_px=0 cell_height_px=0
2026-08-06T14:46:53.172599Z  INFO herdr::server::headless: client resize client_id=26 cols=78 rows=46 cell_width_px=0 cell_height_px=0
2026-08-06T14:46:55.497834Z  INFO herdr::server::headless: client resize client_id=26 cols=158 rows=46 cell_width_px=0 cell_height_px=0
2026-08-06T14:59:29.163868Z  INFO herdr::logging: tab focused event="tab.focus" subsystem="tab" outcome="ok" workspace_id="w9" tab_id="w9:t2"
2026-08-06T14:59:29.944810Z  INFO herdr::logging: tab focused event="tab.focus" subsystem="tab" outcome="ok" workspace_id="w9" tab_id="w9:t1"
2026-08-06T14:59:32.734474Z  INFO herdr::logging: workspace focused event="workspace.focus" subsystem="workspace" outcome="ok" workspace_id="wA"
2026-08-06T14:59:32.734603Z  INFO herdr::logging: tab focused event="tab.focus" subsystem="tab" outcome="ok" workspace_id="wA" tab_id="wA:t4"
2026-08-06T14:59:34.497407Z  INFO herdr::logging: workspace focused event="workspace.focus" subsystem="workspace" outcome="ok" workspace_id="w9"
2026-08-06T14:59:34.497680Z  INFO herdr::logging: tab focused event="tab.focus" subsystem="tab" outcome="ok" workspace_id="w9" tab_id="w9:t1"
2026-08-06T14:59:35.152823Z  INFO herdr::logging: tab focused event="tab.focus" subsystem="tab" outcome="ok" workspace_id="w9" tab_id="w9:tA"
2026-08-06T14:59:35.737092Z  INFO herdr::logging: tab focused event="tab.focus" subsystem="tab" outcome="ok" workspace_id="w9" tab_id="w9:t3"
2026-08-06T14:59:36.234243Z  INFO herdr::logging: tab focused event="tab.focus" subsystem="tab" outcome="ok" workspace_id="w9" tab_id="w9:t2"
2026-08-06T14:59:36.844627Z  INFO herdr::logging: tab focused event="tab.focus" subsystem="tab" outcome="ok" workspace_id="w9" tab_id="w9:t1"
2026-08-06T14:59:37.630338Z  INFO herdr::logging: workspace focused event="workspace.focus" subsystem="workspace" outcome="ok" workspace_id="wA"
2026-08-06T14:59:37.630591Z  INFO herdr::logging: tab focused event="tab.focus" subsystem="tab" outcome="ok" workspace_id="wA" tab_id="wA:t4"
2026-08-06T14:59:39.028394Z  INFO herdr::logging: tab focused event="tab.focus" subsystem="tab" outcome="ok" workspace_id="wA" tab_id="wA:t3"
2026-08-06T14:59:39.511155Z  INFO herdr::logging: tab focused event="tab.focus" subsystem="tab" outcome="ok" workspace_id="wA" tab_id="wA:t5"
2026-08-06T14:59:40.078907Z  INFO herdr::logging: tab focused event="tab.focus" subsystem="tab" outcome="ok" workspace_id="wA" tab_id="wA:t2"
2026-08-06T14:59:40.945294Z  INFO herdr::logging: tab focused event="tab.focus" subsystem="tab" outcome="ok" workspace_id="wA" tab_id="wA:t1"
2026-08-06T14:59:44.274693Z  INFO herdr::logging: tab focused event="tab.focus" subsystem="tab" outcome="ok" workspace_id="wA" tab_id="wA:t5"
2026-08-06T14:59:45.477205Z  INFO herdr::logging: tab focused event="tab.focus" subsystem="tab" outcome="ok" workspace_id="wA" tab_id="wA:t4"
2026-08-06T14:59:45.894683Z  INFO herdr::logging: tab focused event="tab.focus" subsystem="tab" outcome="ok" workspace_id="wA" tab_id="wA:t1"
2026-08-06T14:59:50.905327Z  INFO herdr::logging: session saved event="persist.save" subsystem="persist" outcome="ok" path=/Users/vince/.config/herdr/session.json workspaces=3
2026-08-06T15:07:11.350726Z  INFO herdr::logging: tab focused event="tab.focus" subsystem="tab" outcome="ok" workspace_id="wA" tab_id="wA:t4"
2026-08-06T15:07:13.489577Z  INFO herdr::logging: tab focused event="tab.focus" subsystem="tab" outcome="ok" workspace_id="wA" tab_id="wA:t5"
2026-08-06T15:07:18.499282Z  INFO herdr::logging: session saved event="persist.save" subsystem="persist" outcome="ok" path=/Users/vince/.config/herdr/session.json workspaces=3
2026-08-06T15:11:40.604064Z  INFO herdr::app::actions: copied selection to clipboard
2026-08-06T15:11:42.393301Z  INFO herdr::logging: tab focused event="tab.focus" subsystem="tab" outcome="ok" workspace_id="wA" tab_id="wA:t1"
2026-08-06T15:11:47.405853Z  INFO herdr::logging: session saved event="persist.save" subsystem="persist" outcome="ok" path=/Users/vince/.config/herdr/session.json workspaces=3
2026-08-06T15:12:02.328449Z  INFO herdr::logging: tab focused event="tab.focus" subsystem="tab" outcome="ok" workspace_id="wA" tab_id="wA:t5"
2026-08-06T15:12:07.337336Z  INFO herdr::logging: session saved event="persist.save" subsystem="persist" outcome="ok" path=/Users/vince/.config/herdr/session.json workspaces=3
2026-08-06T15:12:20.842528Z  INFO herdr::app::actions: copied selection to clipboard
2026-08-06T15:27:18.652121Z  INFO herdr::app::actions: copied selection to clipboard
2026-08-06T15:28:41.968240Z  INFO herdr::app::actions: copied selection to clipboard
2026-08-06T15:28:44.051798Z  INFO herdr::app::actions: copied selection to clipboard
2026-08-06T15:28:50.249231Z  INFO herdr::app::actions: copied selection to clipboard
2026-08-06T15:28:52.081389Z  INFO herdr::app::actions: copied selection to clipboard
2026-08-06T15:28:54.001340Z  INFO herdr::app::actions: copied selection to clipboard
2026-08-06T15:28:57.888034Z  INFO herdr::app::actions: copied selection to clipboard
2026-08-06T15:29:01.967903Z  INFO herdr::app::actions: copied selection to clipboard
2026-08-06T15:29:14.801433Z  INFO herdr::app::actions: copied selection to clipboard
2026-08-06T15:29:22.487739Z  INFO herdr::app::actions: copied selection to clipboard
2026-08-06T15:29:27.888100Z  INFO herdr::app::actions: copied selection to clipboard
2026-08-06T15:29:29.821694Z  INFO herdr::app::actions: copied selection to clipboard
2026-08-06T15:34:46.853765Z  INFO herdr::app::actions: copied selection to clipboard
2026-08-06T15:34:50.417718Z  INFO herdr::app::actions: copied selection to clipboard
2026-08-06T15:34:50.719017Z  INFO herdr::app::actions: copied selection to clipboard
2026-08-06T15:34:51.816359Z  INFO herdr::app::actions: copied selection to clipboard
2026-08-06T15:34:53.732969Z  INFO herdr::app::actions: copied selection to clipboard
2026-08-06T15:34:55.854641Z  INFO herdr::app::actions: copied selection to clipboard
2026-08-06T15:34:57.336686Z  INFO herdr::app::actions: copied selection to clipboard
2026-08-06T15:34:57.605230Z  INFO herdr::app::actions: copied selection to clipboard
2026-08-06T15:34:58.494494Z  INFO herdr::app::actions: copied selection to clipboard
2026-08-06T15:35:08.749643Z  INFO herdr::app::actions: copied selection to clipboard
2026-08-06T15:35:11.502347Z  INFO herdr::app::actions: copied selection to clipboard
2026-08-06T15:35:12.855565Z  INFO herdr::app::actions: copied selection to clipboard
2026-08-06T15:35:14.340447Z  INFO herdr::app::actions: copied selection to clipboard
2026-08-06T15:45:09.837248Z  INFO herdr::logging: tab focused event="tab.focus" subsystem="tab" outcome="ok" workspace_id="wA" tab_id="wA:t1"
2026-08-06T15:45:14.844844Z  INFO herdr::logging: session saved event="persist.save" subsystem="persist" outcome="ok" path=/Users/vince/.config/herdr/session.json workspaces=3
2026-08-06T15:48:36.860681Z  INFO herdr::logging: tab focused event="tab.focus" subsystem="tab" outcome="ok" workspace_id="wA" tab_id="wA:t5"
2026-08-06T15:48:41.877491Z  INFO herdr::logging: session saved event="persist.save" subsystem="persist" outcome="ok" path=/Users/vince/.config/herdr/session.json workspaces=3
2026-08-06T15:49:01.988103Z  INFO herdr::logging: tab focused event="tab.focus" subsystem="tab" outcome="ok" workspace_id="wA" tab_id="wA:t2"
2026-08-06T15:49:02.689588Z  INFO herdr::logging: tab focused event="tab.focus" subsystem="tab" outcome="ok" workspace_id="wA" tab_id="wA:t4"
2026-08-06T15:49:03.356373Z  INFO herdr::logging: tab focused event="tab.focus" subsystem="tab" outcome="ok" workspace_id="wA" tab_id="wA:t3"
2026-08-06T15:49:03.781058Z  INFO herdr::logging: tab focused event="tab.focus" subsystem="tab" outcome="ok" workspace_id="wA" tab_id="wA:t1"
2026-08-06T15:49:08.788500Z  INFO herdr::logging: session saved event="persist.save" subsystem="persist" outcome="ok" path=/Users/vince/.config/herdr/session.json workspaces=3
2026-08-06T15:49:11.292596Z  INFO herdr::logging: tab focused event="tab.focus" subsystem="tab" outcome="ok" workspace_id="wA" tab_id="wA:t5"
2026-08-06T15:49:16.310782Z  INFO herdr::logging: session saved event="persist.save" subsystem="persist" outcome="ok" path=/Users/vince/.config/herdr/session.json workspaces=3
2026-08-06T15:52:33.709649Z  INFO herdr::server::headless: client resize client_id=26 cols=142 rows=48 cell_width_px=0 cell_height_px=0
2026-08-06T16:50:07.372172Z  INFO herdr::logging: tab focused event="tab.focus" subsystem="tab" outcome="ok" workspace_id="wA" tab_id="wA:t1"
2026-08-06T16:50:12.395511Z  INFO herdr::logging: session saved event="persist.save" subsystem="persist" outcome="ok" path=/Users/vince/.config/herdr/session.json workspaces=3
2026-08-06T16:50:23.220370Z  INFO herdr::logging: tab focused event="tab.focus" subsystem="tab" outcome="ok" workspace_id="wA" tab_id="wA:t5"
2026-08-06T16:50:28.230658Z  INFO herdr::logging: session saved event="persist.save" subsystem="persist" outcome="ok" path=/Users/vince/.config/herdr/session.json workspaces=3
2026-08-06T16:50:48.470013Z  INFO herdr::logging: tab focused event="tab.focus" subsystem="tab" outcome="ok" workspace_id="wA" tab_id="wA:t1"
2026-08-06T16:50:53.495839Z  INFO herdr::logging: session saved event="persist.save" subsystem="persist" outcome="ok" path=/Users/vince/.config/herdr/session.json workspaces=3
2026-08-06T16:50:55.868613Z  INFO herdr::logging: tab focused event="tab.focus" subsystem="tab" outcome="ok" workspace_id="wA" tab_id="wA:t4"
2026-08-06T16:50:56.488585Z  INFO herdr::logging: tab focused event="tab.focus" subsystem="tab" outcome="ok" workspace_id="wA" tab_id="wA:t5"
2026-08-06T16:51:01.497483Z  INFO herdr::logging: session saved event="persist.save" subsystem="persist" outcome="ok" path=/Users/vince/.config/herdr/session.json workspaces=3
2026-08-06T17:06:11.799316Z  INFO herdr::app::actions: copied selection to clipboard
2026-08-06T17:08:47.401714Z  INFO herdr::app::actions: copied selection to clipboard
2026-08-06T17:11:08.382878Z  INFO herdr::logging: tab focused event="tab.focus" subsystem="tab" outcome="ok" workspace_id="wA" tab_id="wA:t1"
2026-08-06T17:11:13.389146Z  INFO herdr::logging: session saved event="persist.save" subsystem="persist" outcome="ok" path=/Users/vince/.config/herdr/session.json workspaces=3
2026-08-06T17:11:31.466920Z  INFO herdr::logging: tab focused event="tab.focus" subsystem="tab" outcome="ok" workspace_id="wA" tab_id="wA:t2"
2026-08-06T17:11:36.479435Z  INFO herdr::logging: session saved event="persist.save" subsystem="persist" outcome="ok" path=/Users/vince/.config/herdr/session.json workspaces=3
2026-08-06T17:12:09.254973Z  INFO herdr::logging: tab focused event="tab.focus" subsystem="tab" outcome="ok" workspace_id="wA" tab_id="wA:t3"
2026-08-06T17:12:11.137938Z  INFO herdr::logging: tab focused event="tab.focus" subsystem="tab" outcome="ok" workspace_id="wA" tab_id="wA:t4"
2026-08-06T17:12:12.092678Z  INFO herdr::logging: tab focused event="tab.focus" subsystem="tab" outcome="ok" workspace_id="wA" tab_id="wA:t5"
2026-08-06T17:12:12.884329Z  INFO herdr::logging: tab focused event="tab.focus" subsystem="tab" outcome="ok" workspace_id="wA" tab_id="wA:t2"
2026-08-06T17:12:17.893695Z  INFO herdr::logging: session saved event="persist.save" subsystem="persist" outcome="ok" path=/Users/vince/.config/herdr/session.json workspaces=3
2026-08-07T08:36:30.350522Z  INFO herdr::server::headless: client resize client_id=26 cols=78 rows=46 cell_width_px=0 cell_height_px=0
2026-08-07T08:36:32.319810Z  INFO herdr::server::headless: client resize client_id=26 cols=158 rows=46 cell_width_px=0 cell_height_px=0
2026-08-07T08:36:54.553412Z  INFO herdr::logging: tab focused event="tab.focus" subsystem="tab" outcome="ok" workspace_id="wA" tab_id="wA:t5"
2026-08-07T08:36:56.923107Z  INFO herdr::pane: agent changed pane=62 previous_agent=Some(Codex) agent=None pgid=Some(52951)
2026-08-07T08:36:57.584784Z  INFO herdr::logging: tab focused event="tab.focus" subsystem="tab" outcome="ok" workspace_id="wA" tab_id="wA:t4"
2026-08-07T08:37:02.054033Z  INFO herdr::logging: tab focused event="tab.focus" subsystem="tab" outcome="ok" workspace_id="wA" tab_id="wA:t2"
2026-08-07T08:37:05.008937Z  INFO herdr::logging: workspace focused event="workspace.focus" subsystem="workspace" outcome="ok" workspace_id="w9"
2026-08-07T08:37:05.009084Z  INFO herdr::logging: tab focused event="tab.focus" subsystem="tab" outcome="ok" workspace_id="w9" tab_id="w9:t1"
2026-08-07T08:37:10.038058Z  INFO herdr::logging: session saved event="persist.save" subsystem="persist" outcome="ok" path=/Users/vince/.config/herdr/session.json workspaces=3
2026-08-07T08:54:39.690278Z  INFO herdr::server::headless: client connected client_id=60 cols=80 rows=24 cell_width_px=0 cell_height_px=0 render_encoding=SemanticFrame
2026-08-07T08:54:39.740025Z  INFO herdr::server::headless: client disconnected client_id=60
2026-08-07T09:07:39.111661Z  INFO herdr::logging: tab focused event="tab.focus" subsystem="tab" outcome="ok" workspace_id="w9" tab_id="w9:t2"
2026-08-07T09:07:44.148650Z  INFO herdr::logging: session saved event="persist.save" subsystem="persist" outcome="ok" path=/Users/vince/.config/herdr/session.json workspaces=3
2026-08-07T09:13:06.180070Z  INFO herdr::logging: tab focused event="tab.focus" subsystem="tab" outcome="ok" workspace_id="w9" tab_id="w9:tA"
2026-08-07T09:13:06.439352Z  INFO herdr::logging: tab focused event="tab.focus" subsystem="tab" outcome="ok" workspace_id="w9" tab_id="w9:tA"
2026-08-07T09:13:06.982980Z  INFO herdr::logging: tab focused event="tab.focus" subsystem="tab" outcome="ok" workspace_id="w9" tab_id="w9:t3"
2026-08-07T09:13:09.465082Z  INFO herdr::logging: tab focused event="tab.focus" subsystem="tab" outcome="ok" workspace_id="w9" tab_id="w9:t2"
2026-08-07T09:13:14.518054Z  INFO herdr::logging: session saved event="persist.save" subsystem="persist" outcome="ok" path=/Users/vince/.config/herdr/session.json workspaces=3
2026-08-07T09:20:22.111437Z  INFO herdr::logging: tab focused event="tab.focus" subsystem="tab" outcome="ok" workspace_id="w9" tab_id="w9:tA"
2026-08-07T09:20:22.775679Z  INFO herdr::logging: tab focused event="tab.focus" subsystem="tab" outcome="ok" workspace_id="w9" tab_id="w9:t2"
2026-08-07T09:20:27.842287Z  INFO herdr::logging: session saved event="persist.save" subsystem="persist" outcome="ok" path=/Users/vince/.config/herdr/session.json workspaces=3
2026-08-07T09:26:31.697239Z  INFO herdr::app::actions: copied selection to clipboard
2026-08-07T09:26:40.594789Z  INFO herdr::app::actions: copied selection to clipboard
2026-08-07T09:27:11.718234Z  INFO herdr::app::actions: copied selection to clipboard
2026-08-07T09:27:13.101832Z  INFO herdr::app::actions: copied selection to clipboard
2026-08-07T09:27:17.362293Z  INFO herdr::app::actions: copied selection to clipboard
2026-08-07T09:27:59.707175Z  INFO herdr::logging: workspace focused event="workspace.focus" subsystem="workspace" outcome="ok" workspace_id="w2"
2026-08-07T09:27:59.707390Z  INFO herdr::logging: tab focused event="tab.focus" subsystem="tab" outcome="ok" workspace_id="w2" tab_id="w2:t3"
2026-08-07T09:28:01.093778Z  INFO herdr::logging: workspace focused event="workspace.focus" subsystem="workspace" outcome="ok" workspace_id="wA"
2026-08-07T09:28:01.093907Z  INFO herdr::logging: tab focused event="tab.focus" subsystem="tab" outcome="ok" workspace_id="wA" tab_id="wA:t4"
2026-08-07T09:28:02.042851Z  INFO herdr::logging: workspace focused event="workspace.focus" subsystem="workspace" outcome="ok" workspace_id="w9"
2026-08-07T09:28:02.042972Z  INFO herdr::logging: tab focused event="tab.focus" subsystem="tab" outcome="ok" workspace_id="w9" tab_id="w9:t2"
2026-08-07T09:28:02.768218Z  INFO herdr::logging: tab focused event="tab.focus" subsystem="tab" outcome="ok" workspace_id="w9" tab_id="w9:t1"
2026-08-07T09:28:07.795532Z  INFO herdr::logging: session saved event="persist.save" subsystem="persist" outcome="ok" path=/Users/vince/.config/herdr/session.json workspaces=3
2026-08-07T09:28:43.553170Z  INFO herdr::logging: tab focused event="tab.focus" subsystem="tab" outcome="ok" workspace_id="w9" tab_id="w9:t2"
2026-08-07T09:28:48.585979Z  INFO herdr::logging: session saved event="persist.save" subsystem="persist" outcome="ok" path=/Users/vince/.config/herdr/session.json workspaces=3
2026-08-07T09:28:56.451525Z  INFO herdr::app::actions: copied selection to clipboard
2026-08-07T09:32:17.849017Z  INFO herdr::logging: tab focused event="tab.focus" subsystem="tab" outcome="ok" workspace_id="w9" tab_id="w9:t1"
2026-08-07T09:32:22.886001Z  INFO herdr::logging: session saved event="persist.save" subsystem="persist" outcome="ok" path=/Users/vince/.config/herdr/session.json workspaces=3
2026-08-07T09:32:27.130335Z  INFO herdr::logging: tab focused event="tab.focus" subsystem="tab" outcome="ok" workspace_id="w9" tab_id="w9:t2"
2026-08-07T09:32:32.179540Z  INFO herdr::logging: session saved event="persist.save" subsystem="persist" outcome="ok" path=/Users/vince/.config/herdr/session.json workspaces=3
2026-08-07T09:41:42.876888Z  INFO herdr::app::actions: copied selection to clipboard
2026-08-07T09:41:52.663833Z  INFO herdr::app::actions: copied selection to clipboard
2026-08-07T09:42:06.882866Z  INFO herdr::app::actions: copied selection to clipboard
2026-08-07T09:42:07.561249Z  INFO herdr::app::actions: copied selection to clipboard
2026-08-07T09:51:44.558909Z  INFO herdr::app::actions: copied selection to clipboard
2026-08-07T10:24:30.656814Z  INFO herdr::logging: tab focused event="tab.focus" subsystem="tab" outcome="ok" workspace_id="w9" tab_id="w9:t3"
2026-08-07T10:24:32.354710Z  INFO herdr::logging: tab focused event="tab.focus" subsystem="tab" outcome="ok" workspace_id="w9" tab_id="w9:tA"
2026-08-07T10:24:33.150269Z  INFO herdr::logging: tab focused event="tab.focus" subsystem="tab" outcome="ok" workspace_id="w9" tab_id="w9:t2"
2026-08-07T10:24:38.190072Z  INFO herdr::logging: session saved event="persist.save" subsystem="persist" outcome="ok" path=/Users/vince/.config/herdr/session.json workspaces=3
2026-08-07T10:25:24.286872Z  INFO herdr::logging: tab focused event="tab.focus" subsystem="tab" outcome="ok" workspace_id="w9" tab_id="w9:t3"
2026-08-07T10:25:28.895447Z  INFO herdr::logging: tab focused event="tab.focus" subsystem="tab" outcome="ok" workspace_id="w9" tab_id="w9:tA"
2026-08-07T10:25:29.882460Z  INFO herdr::logging: tab focused event="tab.focus" subsystem="tab" outcome="ok" workspace_id="w9" tab_id="w9:t3"
2026-08-07T10:25:30.996700Z  INFO herdr::logging: tab focused event="tab.focus" subsystem="tab" outcome="ok" workspace_id="w9" tab_id="w9:t2"
2026-08-07T10:25:31.913474Z  INFO herdr::logging: tab focused event="tab.focus" subsystem="tab" outcome="ok" workspace_id="w9" tab_id="w9:t1"
2026-08-07T10:25:32.665134Z  INFO herdr::logging: tab focused event="tab.focus" subsystem="tab" outcome="ok" workspace_id="w9" tab_id="w9:t2"
2026-08-07T10:25:33.118398Z  INFO herdr::logging: tab focused event="tab.focus" subsystem="tab" outcome="ok" workspace_id="w9" tab_id="w9:t3"
2026-08-07T10:25:34.830177Z  INFO herdr::logging: tab focused event="tab.focus" subsystem="tab" outcome="ok" workspace_id="w9" tab_id="w9:t2"
2026-08-07T10:25:35.280474Z  INFO herdr::logging: tab focused event="tab.focus" subsystem="tab" outcome="ok" workspace_id="w9" tab_id="w9:t1"
2026-08-07T10:25:40.300708Z  INFO herdr::logging: session saved event="persist.save" subsystem="persist" outcome="ok" path=/Users/vince/.config/herdr/session.json workspaces=3
2026-08-07T10:32:23.706267Z  INFO herdr::logging: workspace focused event="workspace.focus" subsystem="workspace" outcome="ok" workspace_id="w9"
2026-08-07T10:32:23.707559Z  INFO herdr::logging: tab focused event="tab.focus" subsystem="tab" outcome="ok" workspace_id="w9" tab_id="w9:t1"
2026-08-07T10:32:28.713420Z  INFO herdr::logging: session saved event="persist.save" subsystem="persist" outcome="ok" path=/Users/vince/.config/herdr/session.json workspaces=3
2026-08-07T10:49:24.627873Z  INFO herdr::logging: tab focused event="tab.focus" subsystem="tab" outcome="ok" workspace_id="w9" tab_id="w9:t2"
2026-08-07T10:49:29.674435Z  INFO herdr::logging: session saved event="persist.save" subsystem="persist" outcome="ok" path=/Users/vince/.config/herdr/session.json workspaces=3
2026-08-07T11:23:21.373017Z  INFO herdr::server::headless: client resize client_id=26 cols=142 rows=48 cell_width_px=0 cell_height_px=0
2026-08-07T11:56:01.807487Z  INFO herdr::server::headless: client resize client_id=26 cols=142 rows=47 cell_width_px=0 cell_height_px=0
2026-08-07T11:56:02.304168Z  INFO herdr::server::headless: client resize client_id=26 cols=158 rows=46 cell_width_px=0 cell_height_px=0
2026-08-07T12:14:47.911697Z  INFO herdr::logging: tab focused event="tab.focus" subsystem="tab" outcome="ok" workspace_id="w9" tab_id="w9:tA"
2026-08-07T12:14:50.990323Z  INFO herdr::logging: api request received event="api.request.start" subsystem="api" outcome="started" request_id="cli:tab:focus" method="tab.focus" changes_ui=true
2026-08-07T12:14:50.990355Z  INFO herdr::logging: api request received event="api.request.start" subsystem="api" outcome="started" request_id="cli:tab:focus" method="tab.focus" changes_ui=true
2026-08-07T12:14:50.990415Z  INFO herdr::logging: tab focused event="tab.focus" subsystem="tab" outcome="ok" workspace_id="w9" tab_id="w9:t2"
2026-08-07T12:14:50.990452Z  INFO herdr::logging: api request completed event="api.request.complete" subsystem="api" outcome="ok" request_id="cli:tab:focus" method="tab.focus"
2026-08-07T12:14:50.990472Z  INFO herdr::logging: tab focused event="tab.focus" subsystem="tab" outcome="ok" workspace_id="w9" tab_id="w9:t1"
2026-08-07T12:14:50.990500Z  INFO herdr::logging: api request completed event="api.request.complete" subsystem="api" outcome="ok" request_id="cli:tab:focus" method="tab.focus"
2026-08-07T12:14:51.129916Z  INFO herdr::logging: api request received event="api.request.start" subsystem="api" outcome="started" request_id="cli:tab:focus" method="tab.focus" changes_ui=true
2026-08-07T12:14:51.130040Z  INFO herdr::logging: tab focused event="tab.focus" subsystem="tab" outcome="ok" workspace_id="w9" tab_id="w9:t3"
2026-08-07T12:14:51.130089Z  INFO herdr::logging: api request completed event="api.request.complete" subsystem="api" outcome="ok" request_id="cli:tab:focus" method="tab.focus"
2026-08-07T12:14:51.361764Z  INFO herdr::logging: api request received event="api.request.start" subsystem="api" outcome="started" request_id="cli:tab:focus" method="tab.focus" changes_ui=true
2026-08-07T12:14:51.361860Z  INFO herdr::logging: tab focused event="tab.focus" subsystem="tab" outcome="ok" workspace_id="w9" tab_id="w9:tA"
2026-08-07T12:14:51.361907Z  INFO herdr::logging: api request completed event="api.request.complete" subsystem="api" outcome="ok" request_id="cli:tab:focus" method="tab.focus"
2026-08-07T12:14:52.092357Z  INFO herdr::logging: api request received event="api.request.start" subsystem="api" outcome="started" request_id="cli:tab:focus" method="tab.focus" changes_ui=true
2026-08-07T12:14:52.092458Z  INFO herdr::logging: tab focused event="tab.focus" subsystem="tab" outcome="ok" workspace_id="w9" tab_id="w9:t3"
2026-08-07T12:14:52.092500Z  INFO herdr::logging: api request completed event="api.request.complete" subsystem="api" outcome="ok" request_id="cli:tab:focus" method="tab.focus"
2026-08-07T12:14:52.603671Z  INFO herdr::logging: api request received event="api.request.start" subsystem="api" outcome="started" request_id="cli:tab:focus" method="tab.focus" changes_ui=true
2026-08-07T12:14:52.603874Z  INFO herdr::logging: tab focused event="tab.focus" subsystem="tab" outcome="ok" workspace_id="w9" tab_id="w9:tA"
2026-08-07T12:14:52.603920Z  INFO herdr::logging: api request completed event="api.request.complete" subsystem="api" outcome="ok" request_id="cli:tab:focus" method="tab.focus"
2026-08-07T12:14:57.615525Z  INFO herdr::logging: session saved event="persist.save" subsystem="persist" outcome="ok" path=/Users/vince/.config/herdr/session.json workspaces=3
2026-08-07T12:28:00.103818Z  INFO herdr::logging: tab focused event="tab.focus" subsystem="tab" outcome="ok" workspace_id="w9" tab_id="w9:t2"
2026-08-07T12:28:05.124358Z  INFO herdr::logging: session saved event="persist.save" subsystem="persist" outcome="ok" path=/Users/vince/.config/herdr/session.json workspaces=3
2026-08-07T13:02:55.759916Z  INFO herdr::logging: workspace focused event="workspace.focus" subsystem="workspace" outcome="ok" workspace_id="wA"
2026-08-07T13:02:55.768255Z  INFO herdr::logging: tab focused event="tab.focus" subsystem="tab" outcome="ok" workspace_id="wA" tab_id="wA:t4"
2026-08-07T13:03:00.784920Z  INFO herdr::logging: session saved event="persist.save" subsystem="persist" outcome="ok" path=/Users/vince/.config/herdr/session.json workspaces=3
2026-08-07T13:27:07.614923Z  INFO herdr::logging: tab focused event="tab.focus" subsystem="tab" outcome="ok" workspace_id="wA" tab_id="wA:t2"
2026-08-07T13:27:12.652135Z  INFO herdr::logging: session saved event="persist.save" subsystem="persist" outcome="ok" path=/Users/vince/.config/herdr/session.json workspaces=3
2026-08-07T13:27:51.175604Z  INFO herdr::logging: tab focused event="tab.focus" subsystem="tab" outcome="ok" workspace_id="wA" tab_id="wA:t3"
2026-08-07T13:27:52.459503Z  INFO herdr::logging: tab focused event="tab.focus" subsystem="tab" outcome="ok" workspace_id="wA" tab_id="wA:t4"
2026-08-07T13:27:54.276195Z  INFO herdr::logging: tab focused event="tab.focus" subsystem="tab" outcome="ok" workspace_id="wA" tab_id="wA:t2"
2026-08-07T13:27:58.398159Z  INFO herdr::logging: spawning pane terminal event="pane.spawn.start" subsystem="pane" outcome="started" pane_id=63 rows=45 cols=134 scrollback_limit_bytes=10000000
2026-08-07T13:27:58.411986Z  INFO herdr::logging: pane child spawned event="pane.spawned" subsystem="pane" outcome="ok" pane_id=63 pid=82195
2026-08-07T13:27:58.412732Z  INFO herdr::logging: tab focused event="tab.focus" subsystem="tab" outcome="ok" workspace_id="wA" tab_id="wA:t6"
2026-08-07T13:28:03.425527Z  INFO herdr::logging: session saved event="persist.save" subsystem="persist" outcome="ok" path=/Users/vince/.config/herdr/session.json workspaces=3
2026-08-07T13:29:38.803094Z  INFO herdr::logging: tab focused event="tab.focus" subsystem="tab" outcome="ok" workspace_id="wA" tab_id="wA:t2"
2026-08-07T13:29:43.827693Z  INFO herdr::logging: session saved event="persist.save" subsystem="persist" outcome="ok" path=/Users/vince/.config/herdr/session.json workspaces=3
2026-08-07T13:31:37.494312Z  INFO herdr::logging: tab focused event="tab.focus" subsystem="tab" outcome="ok" workspace_id="wA" tab_id="wA:t1"
2026-08-07T13:31:42.500831Z  INFO herdr::logging: session saved event="persist.save" subsystem="persist" outcome="ok" path=/Users/vince/.config/herdr/session.json workspaces=3
2026-08-07T13:32:16.423403Z  INFO herdr::server::headless: client connected client_id=62 cols=80 rows=24 cell_width_px=0 cell_height_px=0 render_encoding=SemanticFrame
2026-08-07T13:32:16.460816Z  INFO herdr::server::headless: client disconnected client_id=62
2026-08-07T13:34:31.465108Z  INFO herdr::logging: tab focused event="tab.focus" subsystem="tab" outcome="ok" workspace_id="wA" tab_id="wA:t2"
2026-08-07T13:34:36.503633Z  INFO herdr::logging: session saved event="persist.save" subsystem="persist" outcome="ok" path=/Users/vince/.config/herdr/session.json workspaces=3
2026-08-07T13:35:18.193692Z  INFO herdr::logging: workspace focused event="workspace.focus" subsystem="workspace" outcome="ok" workspace_id="w2"
2026-08-07T13:35:18.194182Z  INFO herdr::logging: tab focused event="tab.focus" subsystem="tab" outcome="ok" workspace_id="w2" tab_id="w2:t3"
2026-08-07T13:35:19.574616Z  INFO herdr::logging: tab focused event="tab.focus" subsystem="tab" outcome="ok" workspace_id="w2" tab_id="w2:t2"
2026-08-07T13:35:24.601666Z  INFO herdr::logging: session saved event="persist.save" subsystem="persist" outcome="ok" path=/Users/vince/.config/herdr/session.json workspaces=3
2026-08-07T13:35:42.540301Z  INFO herdr::logging: tab focused event="tab.focus" subsystem="tab" outcome="ok" workspace_id="w2" tab_id="w2:t3"
2026-08-07T13:35:47.552889Z  INFO herdr::logging: session saved event="persist.save" subsystem="persist" outcome="ok" path=/Users/vince/.config/herdr/session.json workspaces=3
2026-08-07T13:35:58.720608Z  INFO herdr::logging: tab focused event="tab.focus" subsystem="tab" outcome="ok" workspace_id="w2" tab_id="w2:t2"
